Project,Scenario,Dollar_year,Weather_year,Start_day,country
Cambium24,allScenarios,2023$,2012,Sunday,usa
Metric definitions and scenario descriptions: 2024 Cambium Documentation (https://www.nrel.gov/docs/fy25osti/93005.pdf)
Scenario,Geography,Time,Load,Load,Load,Load,Load,Load,Load,Transmission,Transmission,Operational,Operational,Operational,Operational,Operational,Emissions,Emissions,Emissions,Emissions,Emissions,Emissions,Emissions,Emissions,Emissions,Emissions,Emissions,Emissions,Emissions,Emissions,Emissions,Emissions,Emissions,Emissions,Emissions,Emissions,Emissions,Emissions,Emissions,Emissions,Emissions,Emissions,Emissions,Emissions,Emissions,Emissions,Emissions,Emissions,Emissions,Emissions,Emissions,Emissions,Emissions,Emissions,Emissions,Emissions,Emissions,Emissions,Emissions,Emissions,Emissions,Busbar costs,Busbar costs,Busbar costs,Busbar costs,End use cost,End use cost,End use cost,End use cost,Curtailment,Curtailment,Curtailment,Generation,Generation,Generation,Generation,Generation,Generation,Generation,Generation,Generation,Generation,Generation,Generation,Generation,Generation,Generation,Generation,Generation,Generation,Capacity,Capacity,Capacity,Capacity,Capacity,Capacity,Capacity,Capacity,Capacity,Capacity,Capacity,Capacity,Capacity,Capacity,Capacity,Energy Capacity,Energy Capacity,Energy Capacity
unitless,unitless,unitless,MWh,MWh,MWh,MWh,MWh,MWh,MWh,MWh,MWh,MWh/MWh,MWh/MWh,MW/MW,$/MW,MW,kg/MWh,g/MWh,g/MWh,kg/MWh,g/MWh,g/MWh,kg/MWh,kg/MWh,kg/MWh,kg/MWh,g/MWh,g/MWh,kg/MWh,g/MWh,g/MWh,kg/MWh,kg/MWh,kg/MWh,kg/MWh,g/MWh,g/MWh,kg/MWh,g/MWh,g/MWh,kg/MWh,kg/MWh,kg/MWh,kg/MWh,g/MWh,g/MWh,kg/MWh,g/MWh,g/MWh,kg/MWh,kg/MWh,kg/MWh,metric tons,metric tons,metric tons,metric tons,metric tons,metric tons,metric tons,metric tons,metric tons,$/MWh,$/MWh,$/MWh,$/MWh,$/MWh,$/MWh,$/MWh,$/MWh,MWh,MWh,MWh,MWh,MWh,MWh,MWh,MWh,MWh,MWh,MWh,MWh,MWh,MWh,MWh,MWh,MWh,MWh,MWh,MWh,MWh,MW,MW,MW,MW,MW,MW,MW,MW,MW,MW,MW,MW,MW,MW,MW,MWh,MWh,MWh
scenario,gea,t,busbar_load_for_enduse,battery_charging,phs_charging,trans_losses,busbar_load,enduse_load,net_load_busbar,imports,exports,distloss_rate_avg,distloss_rate_marg,prm,capacity_shadow_price,planning_capacity_MW,aer_gen_co2_c,aer_gen_ch4_c,aer_gen_n2o_c,aer_gen_co2_p,aer_gen_ch4_p,aer_gen_n2o_p,aer_gen_co2e_c,aer_gen_co2e_p,aer_gen_co2e,aer_load_co2_c,aer_load_ch4_c,aer_load_n2o_c,aer_load_co2_p,aer_load_ch4_p,aer_load_n2o_p,aer_load_co2e_c,aer_load_co2e_p,aer_load_co2e,lrmer_co2_c,lrmer_ch4_c,lrmer_n2o_c,lrmer_co2_p,lrmer_ch4_p,lrmer_n2o_p,lrmer_co2e_c,lrmer_co2e_p,lrmer_co2e,srmer_co2_c,srmer_ch4_c,srmer_n2o_c,srmer_co2_p,srmer_ch4_p,srmer_n2o_p,srmer_co2e_c,srmer_co2e_p,srmer_co2e,total_gen_co2_c,total_gen_ch4_c,total_gen_n2o_c,total_gen_co2_p,total_gen_ch4_p,total_gen_n2o_p,total_gen_co2e_c,total_gen_co2e_p,total_gen_co2e,energy_cost_busbar,capacity_cost_busbar,portfolio_cost_busbar,total_cost_busbar,energy_cost_enduse,capacity_cost_enduse,portfolio_cost_enduse,total_cost_enduse,curt_wind_MWh,curt_solar_MWh,curtailment_MWh,generation,variable_generation,battery_MWh,biomass_MWh,canada_MWh,coal_MWh,csp_MWh,distpv_MWh,gas-cc_MWh,gas-ct_MWh,geothermal_MWh,hydro_MWh,nuclear_MWh,o-g-s_MWh,phs_MWh,upv_MWh,wind-ons_MWh,wind-ofs_MWh,battery_MW,biomass_MW,coal_MW,csp_MW,distpv_MW,gas-cc_MW,gas-ct_MW,geothermal_MW,hydro_MW,nuclear_MW,o-g-s_MW,phs_MW,upv_MW,wind-ofs_MW,wind-ons_MW,battery_energy_cap_MWh,phs_energy_cap_MWh,csp_energy_cap_MWh
MidCase,CAISO,2025,302088420.0,20048800.0,3358794.0,1199052.5,326695070.0,291230391.5,213373070.0,25738780.0,481645.6,0.0359,0.0539,0.12,144208.72,69792.5,132.2,2.5,0.25,16.8,1230.9,0.07,132.3,53.5,185.8,141.5,3.0,0.32,17.7,1293.4,0.08,141.6,56.2,197.9,228.3,6.7,0.83,25.1,1904.4,0.12,228.8,81.8,310.6,516.7,21.0,2.76,51.3,3905.5,0.26,518.0,167.7,685.8,39836261.5,755.8,76.5,5052565.1,371031.8,22.1,39879682.3,16115341.1,55995023.4,39.36,26.69,0.0,66.05,42.15,30.99,0.0,73.14,0.0,0.0,0.0,301437920.0,113322000.0,17032912.0,4835026.0,0.0,0.0,0.0,24006458.0,97282664.0,3806885.5,14791661.0,29476804.0,17891704.0,327695.4,2670589.2,68728720.0,20586816.0,0.0,13651.7,749.1,0.0,0.0,14254.5,19797.0,11040.1,1986.3,10220.7,2240.0,1033.5,3911.9,24846.3,0.0,6968.7,54606.8,31295.2,0.0
MidCase,CAISO,2030,338845600.0,23465994.0,11268551.0,1405908.0,374986050.0,326665887.5,212934540.0,31766214.0,1464413.8,0.0359,0.0539,0.12,144202.41,77478.1,108.8,2.1,0.21,13.4,817.4,0.05,108.9,37.8,146.7,118.0,2.5,0.26,14.4,873.4,0.06,118.1,40.4,158.5,126.1,2.7,0.29,14.6,933.6,0.06,126.3,42.5,168.8,460.7,23.0,3.09,41.5,2661.4,0.21,462.2,120.9,583.1,37502279.0,712.5,72.3,4611875.1,281728.9,17.5,37543256.3,13012183.6,50555439.9,28.84,26.41,0.0,55.25,31.37,31.4,0.0,62.77,11157.1,594630.8,606700.1,344684220.0,162051500.0,19932980.0,4655301.5,0.0,0.0,0.0,27880570.0,93337360.0,3263609.5,21292942.0,30795188.0,0.0,339174.4,9016187.0,95864450.0,38165268.0,141214.1,14526.4,724.7,0.0,0.0,16545.0,22095.0,10927.5,2878.3,10705.1,0.0,614.6,5111.9,35072.9,60.0,12497.3,58105.7,40895.2,0.0
MidCase,CAISO,2035,403000160.0,41614540.0,12889831.0,1969321.8,459473860.0,388514547.3,235192740.0,45636510.0,2572328.5,0.0359,0.0539,0.12,94236.95,89524.5,72.5,1.4,0.14,8.8,545.5,0.03,72.6,25.0,97.7,63.9,1.2,0.12,7.8,480.7,0.03,64.0,22.1,86.1,49.6,0.9,0.1,5.9,371.4,0.02,49.6,16.9,66.5,327.5,6.3,0.65,38.8,2441.6,0.15,327.8,111.6,439.4,30209687.7,572.8,57.9,3649926.5,227154.6,13.7,30242576.5,10422884.5,40665461.0,28.9,16.57,0.0,45.48,32.1,20.28,0.0,52.38,96332.5,2635069.8,2744557.5,416409660.0,224281120.0,35333456.0,2293102.8,0.0,0.0,0.0,26830626.0,75889050.0,2298422.2,33280298.0,32512512.0,0.0,212003.6,10309717.0,140559500.0,40659252.0,16231731.0,25706.4,404.0,0.0,0.0,15924.8,21985.0,10531.6,4689.7,11240.2,0.0,614.6,5111.9,51056.6,3683.0,12885.4,102825.7,40895.2,0.0
MidCase,CAISO,2040,459452320.0,59584280.0,13363807.0,2584197.2,534984600.0,442936919.5,264970270.0,60879330.0,3716187.2,0.0359,0.0539,0.12,138725.04,104375.7,62.1,1.2,0.12,7.5,468.4,0.03,62.2,21.4,83.6,42.7,0.8,0.08,5.2,322.4,0.02,42.8,14.8,57.6,35.8,0.7,0.07,4.2,270.1,0.02,35.8,12.3,48.1,317.8,6.0,0.62,37.6,2383.1,0.14,318.1,108.6,426.8,29682608.8,560.4,56.2,3572391.1,223803.8,13.2,29714662.3,10245359.9,39960022.2,28.89,24.45,0.0,53.34,32.54,30.59,0.0,63.12,249761.6,3445190.5,3704959.2,477821440.0,270014300.0,50599100.0,1946912.2,0.0,0.0,0.0,26847772.0,77152376.0,1244699.1,33615412.0,32514404.0,0.0,68979.9,10665249.0,168725490.0,41499124.0,32941936.0,36829.1,357.0,0.0,0.0,15944.1,23749.5,10711.1,4736.2,11240.9,0.0,169.2,5111.9,61435.9,7602.0,12897.1,147316.4,40895.2,0.0
MidCase,CAISO,2045,519194720.0,77558520.0,14032742.0,2774183.8,613560200.0,500531791.5,322378370.0,76578456.0,5460055.0,0.0359,0.0539,0.12,126624.43,119229.3,47.2,0.9,0.09,5.7,355.8,0.02,47.2,16.3,63.5,21.6,0.4,0.04,2.6,163.3,0.01,21.7,7.5,29.2,17.3,0.3,0.03,2.0,130.0,0.01,17.3,5.9,23.2,293.8,5.6,0.56,34.7,2210.7,0.13,294.1,100.6,394.8,25588459.9,482.9,48.4,3088533.1,192993.8,11.4,25616072.0,8842873.7,34458945.6,26.03,22.41,0.0,48.44,29.81,28.49,0.0,58.3,155607.0,4893799.5,5084449.0,542441800.0,291181800.0,65899210.0,1946912.2,0.0,0.0,0.0,27252186.0,67227900.0,799444.8,71611400.0,32513860.0,0.0,46956.0,11214305.0,198066100.0,32613114.0,33250410.0,48194.0,357.0,0.0,0.0,16196.3,23128.5,9476.3,9931.8,11240.9,0.0,166.4,5287.2,72222.7,7602.0,11063.3,193169.0,42297.7,0.0
MidCase,CAISO,2050,571970240.0,90560230.0,13621317.0,2919778.5,679071550.0,551410387.5,352931970.0,92794290.0,5147784.5,0.0359,0.0539,0.12,141980.66,132836.7,44.1,0.8,0.08,5.3,332.8,0.02,44.2,15.2,59.4,21.5,0.4,0.04,2.6,162.1,0.01,21.5,7.4,28.9,19.5,0.4,0.04,2.3,147.2,0.01,19.6,6.7,26.3,287.5,5.4,0.55,34.0,2164.6,0.13,287.9,98.5,386.4,26092151.9,492.3,49.3,3147931.1,196835.8,11.6,26120289.0,9016818.9,35137107.9,24.33,25.33,0.0,49.67,27.98,32.37,0.0,60.35,145711.4,5088006.0,5239836.5,591425000.0,326139600.0,76959630.0,1946912.2,0.0,0.0,0.0,28507356.0,69709976.0,517853.4,72699970.0,32513996.0,0.0,36301.2,10900823.0,218374110.0,45900930.0,33357164.0,54265.1,357.0,0.0,0.0,16938.0,24320.1,10343.3,9955.1,11240.9,0.0,166.4,5287.2,79203.1,7602.0,14083.6,228630.7,42297.7,0.0
MidCase,ERCOT,2025,425158500.0,8168517.0,3672.7,4366699.0,437697380.0,409876104.3,220415650.0,412059.4,1208316.6,0.0359,0.0539,0.12,103722.2,98005.9,235.2,17.4,2.45,17.0,1217.6,0.13,236.3,53.3,289.6,249.7,18.5,2.6,18.0,1293.2,0.14,250.9,56.6,307.5,409.1,15.5,1.99,41.5,3209.1,0.19,410.1,137.2,547.3,604.9,38.4,5.42,48.2,3422.8,0.35,607.5,150.3,757.8,103114108.1,7632.2,1075.9,7432814.5,533921.2,58.3,103635272.0,23359594.2,126994866.2,33.28,20.0,0.0,53.28,35.4,22.06,0.0,57.46,570044.5,609095.2,1179139.8,438493630.0,217281740.0,6917605.0,599889.2,0.0,59364376.0,0.0,4564623.0,111167850.0,1233917.6,0.0,656955.2,39777090.0,1491274.6,2946.4,85544104.0,127173010.0,0.0,7596.7,100.6,14254.2,0.0,2951.8,36165.7,8767.2,0.0,562.7,4980.0,9669.0,5.0,34348.9,0.0,37044.2,30386.6,40.0,0.0
MidCase,ERCOT,2030,464480770.0,14963680.0,7243.0,5355557.0,484807230.0,447784204.1,155986380.0,584198.8,2028334.8,0.0359,0.0539,0.12,103694.49,104592.7,98.2,4.3,0.57,10.2,595.7,0.06,98.5,28.0,126.4,106.0,4.7,0.62,11.0,643.2,0.07,106.3,30.2,136.5,151.2,5.3,0.66,15.8,996.3,0.07,151.5,45.5,197.0,398.2,17.5,2.37,38.8,2335.1,0.22,399.3,108.5,507.8,47740415.2,2102.8,278.5,4950990.5,289679.0,31.2,47879118.4,13591944.8,61471063.2,21.68,19.11,0.0,40.8,23.43,21.31,0.0,44.74,15093443.0,22352392.0,37445836.0,486251420.0,328820860.0,12644303.0,599889.2,0.0,12346780.0,0.0,10537535.0,88840970.0,1395848.5,0.0,636228.2,39777090.0,1183618.5,5793.5,127855310.0,190428020.0,0.0,10412.5,100.6,11350.2,0.0,6852.1,37220.3,8446.0,0.0,562.7,4980.0,7439.0,5.0,58284.9,0.0,51520.2,41649.9,40.0,0.0
MidCase,ERCOT,2035,525763500.0,19202960.0,9588.6,5202970.5,550179000.0,506863653.7,115701440.0,3271559.0,15897098.0,0.0359,0.0539,0.12,100310.39,116447.0,49.4,1.0,0.1,6.5,364.3,0.04,49.4,17.4,66.8,54.9,1.1,0.12,7.2,404.5,0.04,55.0,19.3,74.3,52.6,1.1,0.13,6.3,367.2,0.03,52.7,17.2,70.0,256.5,5.2,0.59,30.6,1837.5,0.14,256.9,85.3,342.2,27779828.8,544.4,58.4,3664114.9,205049.3,21.8,27811989.4,9780534.3,37592523.6,21.34,17.32,0.0,38.66,23.15,19.3,0.0,42.45,28461748.0,56263910.0,84725656.0,562804540.0,434477500.0,16263773.0,599889.2,0.0,0.0,0.0,14684037.0,68278500.0,1637833.8,0.0,622847.4,39777090.0,1139396.4,7654.1,158811820.0,260981710.0,0.0,12815.7,100.6,0.0,0.0,9563.8,37319.1,7954.0,0.0,562.7,4980.0,6789.0,5.0,83378.2,0.0,75003.6,51262.9,40.0,0.0
MidCase,ERCOT,2040,587657340.0,31455030.0,9484.6,4929759.0,624051600.0,566531916.7,142146200.0,3670467.2,12997640.0,0.0359,0.0539,0.12,114456.25,130783.0,49.1,0.9,0.09,6.4,370.4,0.03,49.2,17.4,66.6,54.9,1.0,0.11,7.1,413.5,0.04,54.9,19.5,74.4,105.3,2.0,0.21,12.5,785.7,0.05,105.4,35.9,141.3,260.7,5.0,0.53,30.9,1935.1,0.12,261.0,88.6,349.6,31124457.9,590.8,59.9,4048328.2,234614.3,21.8,31158415.3,11045797.8,42204213.0,21.46,20.28,0.0,41.74,23.52,23.01,0.0,46.53,28004560.0,50439916.0,78444470.0,633378750.0,481905340.0,26623136.0,599889.2,0.0,0.0,0.0,15931173.0,82132910.0,1463521.9,0.0,623547.7,39777090.0,245750.4,7530.4,191085200.0,274889020.0,0.0,22449.7,100.6,0.0,0.0,10372.1,44974.4,18031.9,0.0,562.7,4980.0,5521.0,5.0,94069.9,0.0,77072.2,89798.9,40.0,0.0
MidCase,ERCOT,2045,636448960.0,28750156.0,9659.2,4790668.0,669999400.0,613570102.6,127747610.0,5139235.0,18982482.0,0.0359,0.0539,0.12,95455.06,143357.6,41.9,0.8,0.08,5.5,315.3,0.03,41.9,14.9,56.8,46.8,0.9,0.09,6.1,351.7,0.03,46.8,16.6,63.4,53.1,1.0,0.11,6.3,396.2,0.02,53.2,18.1,71.3,228.0,4.4,0.46,27.0,1691.5,0.11,228.3,77.4,305.7,28648135.1,545.3,55.6,3756565.9,215623.0,20.9,28679554.5,10187827.0,38867381.4,19.28,17.12,0.0,36.41,21.04,19.24,0.0,40.28,52307292.0,97126120.0,149433400.0,683842700.0,542251840.0,24336022.0,599889.2,0.0,0.0,0.0,18201576.0,73624960.0,2332484.8,0.0,604632.6,39777090.0,308065.4,7717.4,205197490.0,318852770.0,0.0,20499.5,100.6,0.0,0.0,11865.6,43712.3,16832.9,0.0,562.7,4980.0,3273.2,5.0,116217.9,0.0,92246.7,81998.0,40.0,0.0
MidCase,ERCOT,2050,681279900.0,41116372.0,8504.4,4784411.5,727189100.0,656790192.6,128403350.0,6338975.5,21068174.0,0.0359,0.0539,0.12,106333.9,158003.7,33.7,0.6,0.06,4.5,255.2,0.03,33.8,12.1,45.9,38.1,0.7,0.07,5.1,288.6,0.03,38.2,13.7,51.8,56.7,1.1,0.11,6.7,426.5,0.02,56.7,19.4,76.1,207.3,3.9,0.4,24.5,1553.6,0.09,207.5,70.8,278.3,25022905.6,472.8,47.5,3325527.8,189374.0,18.9,25049962.2,8974042.8,34024005.0,16.88,19.27,0.0,36.14,18.46,22.0,0.0,40.46,75001784.0,110032360.0,185034130.0,741918340.0,598785800.0,34806036.0,599889.2,0.0,0.0,0.0,22311388.0,65579724.0,1706069.6,0.0,590159.3,39777090.0,66782.3,6798.4,227260620.0,349213760.0,0.0,31089.6,100.6,0.0,0.0,14511.8,44832.5,16624.9,0.0,562.7,4980.0,1259.2,5.0,129261.0,0.0,104007.9,124358.4,40.0,0.0
MidCase,FRCC,2025,271088480.0,629835.8,0.0,41190.7,271759500.0,261346536.3,246734750.0,1257329.1,152326.6,0.0359,0.0539,0.12,129023.18,65740.5,353.2,16.1,2.13,34.9,2590.7,0.19,354.3,112.1,466.4,367.2,16.8,2.22,36.2,2688.1,0.19,368.3,116.4,484.7,383.8,7.6,0.78,45.1,3551.3,0.17,384.3,150.9,535.2,445.0,10.5,1.24,51.6,3844.5,0.24,445.7,166.2,611.9,95606187.4,4357.4,576.0,9443517.4,701182.0,50.5,95893287.8,30352538.7,126245826.5,42.49,26.54,0.0,69.04,45.0,28.63,0.0,73.63,0.0,0.0,0.0,270654500.0,25024752.0,538761.1,3635373.5,0.0,26695728.0,0.0,2802890.2,183189470.0,1512994.4,0.0,216437.4,29281690.0,559293.0,0.0,22221862.0,0.0,0.0,688.2,672.4,3764.2,0.0,1771.9,38501.9,8691.8,0.0,54.5,3666.0,4583.5,0.0,9294.3,0.0,0.0,2752.9,0.0,0.0
MidCase,FRCC,2030,295049900.0,2778210.2,0.0,48770.9,297876860.0,284446937.9,258709150.0,906874.0,742527.6,0.0359,0.0539,0.12,129020.78,69467.1,290.7,8.2,0.97,33.4,2045.6,0.15,291.2,94.4,385.7,304.1,8.6,1.01,34.9,2138.5,0.16,304.6,98.7,403.3,259.0,9.5,1.23,26.7,1660.6,0.13,259.7,76.2,335.8,466.5,19.4,2.54,45.8,2896.6,0.22,467.8,132.2,600.0,86557080.1,2436.5,287.5,9948349.1,609012.9,44.8,86708177.1,28109151.6,114817328.7,32.22,26.15,0.0,58.37,34.15,28.4,0.0,62.55,0.0,0.0,0.0,297712500.0,39167720.0,2366261.0,3694621.5,0.0,8514026.0,0.0,5482469.0,214009810.0,414339.9,0.0,229464.0,29281690.0,34592.6,0.0,33068518.0,616732.2,0.0,2553.2,680.4,3764.2,0.0,3463.9,47095.6,8517.8,0.0,57.5,3666.0,4161.5,0.0,13658.3,0.0,290.0,10212.9,0.0,0.0
MidCase,FRCC,2035,330842620.0,21595380.0,0.0,347497.2,352785500.0,318953400.5,228965090.0,2676568.0,2955064.2,0.0359,0.0539,0.12,108411.53,77729.2,183.8,3.5,0.35,23.0,1388.6,0.1,184.0,64.4,248.4,202.3,3.8,0.38,25.3,1528.4,0.11,202.5,70.9,273.4,173.8,3.4,0.35,20.6,1290.2,0.08,174.0,59.1,233.1,365.9,7.0,0.73,43.3,2724.8,0.17,366.4,124.6,490.9,64879632.3,1223.4,122.5,8117107.4,490269.9,34.9,64949524.2,22736671.1,87686195.3,33.09,20.73,0.0,53.81,35.64,23.74,0.0,59.38,2702.4,1340390.4,1343092.8,353064000.0,123820390.0,18380008.0,3694621.5,0.0,0.0,0.0,8840111.0,177292110.0,329403.5,0.0,229388.5,29281690.0,36375.2,0.0,114361576.0,618695.8,0.0,13092.8,680.4,0.0,0.0,5616.0,46923.6,8420.8,0.0,57.5,3666.0,3929.5,0.0,47298.0,0.0,290.0,52371.2,0.0,0.0
MidCase,FRCC,2040,372987650.0,28855686.0,0.0,515107.5,402358460.0,359583936.5,240278880.0,4398763.5,4402796.5,0.0359,0.0539,0.12,114206.7,88067.4,164.5,3.1,0.31,20.6,1243.0,0.09,164.6,57.6,222.3,182.6,3.4,0.34,22.9,1379.9,0.1,182.8,64.0,246.8,205.8,3.9,0.39,24.3,1551.1,0.09,206.0,70.6,276.6,338.5,6.4,0.65,40.0,2542.9,0.15,338.9,115.8,454.8,66172536.0,1247.4,124.8,8269593.9,500136.2,35.4,66243773.5,23183316.9,89427090.4,32.85,21.9,0.0,54.75,35.59,25.38,0.0,60.96,18077.4,3334851.5,3352929.0,402362500.0,162079580.0,24552370.0,3695575.5,0.0,0.0,0.0,10795376.0,182313000.0,197670.0,0.0,229237.4,29281690.0,13381.4,0.0,142808220.0,8475979.0,0.0,18398.3,680.6,0.0,0.0,6860.2,51879.5,8408.8,0.0,57.5,3666.0,3744.2,0.0,59766.5,0.0,3624.0,73593.4,0.0,0.0
MidCase,FRCC,2045,414660220.0,34285028.0,0.0,644051.1,449589300.0,399759023.0,258906340.0,5237079.0,5289982.5,0.0359,0.0539,0.12,115441.92,98629.6,157.4,3.0,0.3,19.5,1189.2,0.08,157.5,54.9,212.5,175.4,3.3,0.33,21.8,1325.8,0.09,175.6,61.3,236.9,189.7,3.6,0.36,22.4,1430.3,0.08,189.9,65.1,254.9,318.5,6.0,0.61,37.6,2395.8,0.14,318.8,109.1,427.9,70755167.1,1333.5,133.4,8760144.3,534705.1,37.1,70831315.6,24704494.4,95535810.0,29.59,22.19,0.0,51.78,32.26,25.87,0.0,58.13,24425.9,7385398.5,7409824.0,449642180.0,190682960.0,29172412.0,3179972.8,0.0,0.0,0.0,13187224.0,197030860.0,61959.0,0.0,229237.4,29281690.0,3102.7,0.0,168932180.0,8563559.0,0.0,21961.1,610.6,0.0,0.0,8403.5,60086.4,8334.8,0.0,57.5,3666.0,3272.2,0.0,71451.2,0.0,3624.0,87844.3,0.0,0.0
MidCase,FRCC,2050,456684600.0,43249276.0,0.0,846935.9,500780800.0,440273340.2,280986750.0,5993622.5,6293312.0,0.0359,0.0539,0.12,115175.46,109670.4,150.5,2.8,0.28,18.6,1137.0,0.08,150.6,52.5,203.1,169.6,3.2,0.32,21.0,1281.6,0.09,169.8,59.2,229.0,151.3,2.9,0.29,17.9,1140.6,0.07,151.5,51.9,203.3,317.4,6.0,0.6,37.5,2394.3,0.14,317.7,108.9,426.6,75396251.3,1421.0,142.1,9308361.3,569741.9,39.1,75477388.2,26297355.8,101774744.0,27.48,22.05,0.0,49.53,30.11,26.02,0.0,56.13,12376.1,10321167.0,10333544.0,501080480.0,219794020.0,36824164.0,3179972.8,0.0,0.0,0.0,14335922.0,211757810.0,13648.3,0.0,229161.9,29281690.0,1.9,0.0,196819900.0,8638213.0,0.0,28018.3,610.6,0.0,0.0,9160.5,67635.4,7441.8,0.0,57.5,3666.0,2267.1,0.0,83407.7,0.0,3624.0,112073.2,0.0,0.0
MidCase,ISONE,2025,129221030.0,324712.2,1515144.1,672292.3,131733170.0,124575026.9,106650560.0,194442.8,310900.4,0.0359,0.054,0.12,28608.72,31551.0,150.4,2.9,0.3,21.5,1387.9,0.12,150.6,62.9,213.4,158.6,3.1,0.32,22.6,1462.4,0.13,158.7,66.3,225.0,220.6,4.7,0.56,26.3,1894.6,0.14,220.9,82.8,303.7,430.4,10.3,1.33,50.8,3504.7,0.3,431.0,155.3,586.4,19830354.9,382.8,40.0,2832858.6,182988.2,15.7,19852682.2,8290190.5,28142872.7,37.27,5.84,0.0,43.11,39.48,6.4,0.0,45.88,509369.9,821131.5,1330501.4,131849640.0,25082618.0,276502.6,5986378.0,15028038.0,0.0,0.0,5695299.5,50268844.0,425087.2,0.0,6950209.5,26081950.0,537723.3,1212285.2,5210545.0,7393313.0,6783461.0,246.2,979.2,486.0,0.0,4366.9,13615.9,2132.7,0.0,1959.1,3265.4,5115.3,1830.4,3030.0,1695.4,2351.4,984.7,14643.2,0.0
MidCase,ISONE,2030,141726900.0,511768.1,2211669.2,611962.7,145062290.0,136630937.2,89257600.0,980040.4,1380707.9,0.0359,0.054,0.12,28609.08,34348.6,89.9,1.7,0.18,13.8,670.2,0.09,90.0,33.8,123.7,95.3,1.9,0.2,14.6,710.3,0.09,95.5,35.8,131.3,173.0,3.9,0.5,20.8,1145.0,0.13,173.3,55.0,228.3,373.8,8.7,1.1,44.3,2519.1,0.25,374.4,119.4,493.7,13070038.1,253.8,26.8,2006091.8,97492.6,12.5,13084919.9,4914785.2,17999705.2,23.32,5.47,0.0,28.79,24.83,6.0,0.0,30.83,2254400.5,1037572.2,3291972.5,145462960.0,55804696.0,433154.6,5308728.0,15622685.0,0.0,0.0,7855220.0,32800412.0,477675.4,0.0,6727494.5,26081950.0,441722.6,1764438.4,6938593.5,11278219.0,29732662.0,384.7,887.2,0.0,0.0,5923.0,12274.6,1804.7,0.0,1963.8,3265.4,1602.3,1801.0,3984.7,7502.0,3491.5,1539.0,14408.0,0.0
MidCase,ISONE,2035,158268560.0,2024523.8,2364743.8,604228.7,163262050.0,152577530.4,90397350.0,1877898.2,4243447.0,0.0359,0.054,0.12,118713.18,38390.1,84.2,1.7,0.18,12.2,622.5,0.08,84.3,30.8,115.1,76.0,1.5,0.16,11.1,558.3,0.07,76.0,27.8,103.8,87.3,1.7,0.19,10.4,638.8,0.04,87.5,29.4,116.9,394.6,8.6,1.08,47.4,2672.9,0.27,395.1,127.1,522.3,13948058.8,273.9,29.5,2022358.8,103098.5,12.8,13964264.8,5098183.5,19062448.3,27.0,22.3,1.18,50.52,28.94,24.65,1.26,54.87,886392.1,221112.6,1107504.8,165627600.0,72864696.0,1713724.6,3461395.5,16737395.0,0.0,0.0,9662748.0,34251600.0,620442.2,0.0,7363137.0,26081950.0,643528.2,1889726.8,7528385.0,18938852.0,36734710.0,2129.9,636.4,0.0,0.0,7004.0,12178.5,1804.7,0.0,1978.8,3265.4,1457.3,1801.0,3984.7,9186.0,5086.4,8519.6,14408.0,0.0
MidCase,ISONE,2040,176392830.0,2038423.4,2252109.2,692044.6,181375410.0,170049926.7,84164744.0,5122017.0,18232806.0,0.0359,0.054,0.12,127709.19,42712.1,84.5,1.7,0.18,11.8,624.9,0.07,84.6,30.4,115.0,46.5,0.9,0.1,6.5,341.4,0.04,46.6,16.7,63.3,50.1,1.0,0.1,5.9,371.0,0.02,50.2,17.0,67.1,337.4,6.9,0.8,40.2,2398.6,0.19,337.8,111.8,449.6,16424841.2,321.5,34.4,2294888.6,121526.9,13.8,16443811.1,5920169.4,22363980.5,27.03,23.82,14.75,66.1,28.98,26.27,15.78,71.52,4998015.5,327159.9,5325175.0,194486190.0,97210664.0,1725539.8,2924431.8,16622646.0,0.0,0.0,9883335.0,36276264.0,3921473.2,0.0,7215574.5,26081950.0,701439.9,1806208.2,8170125.0,33527546.0,45629660.0,1975.8,563.5,0.0,0.0,7160.0,13509.0,10730.8,0.0,1985.8,3265.4,1457.3,1801.0,4391.2,12030.0,9573.8,7903.0,14408.0,0.0
MidCase,ISONE,2045,193680260.0,2156890.2,2441258.8,782131.6,199060530.0,186715710.2,83039090.0,7846131.0,21242800.0,0.0359,0.054,0.12,127396.26,47032.9,75.0,1.4,0.15,10.5,563.4,0.06,75.1,27.3,102.4,30.5,0.6,0.06,4.4,229.2,0.03,30.5,11.2,41.7,37.3,0.7,0.07,4.4,278.5,0.02,37.4,12.7,50.1,334.0,6.7,0.74,39.7,2420.1,0.18,334.4,111.9,446.3,15934447.9,305.1,31.4,2232259.3,119693.1,13.0,15952112.3,5802668.2,21754780.5,26.15,23.65,17.22,67.46,28.02,26.04,18.41,72.91,7065902.5,451346.6,7517249.0,212457200.0,116021460.0,1824790.6,2924431.8,16132912.0,0.0,0.0,10660691.0,35439492.0,4488118.5,0.0,7300878.5,26081950.0,289157.2,1954022.4,9228344.0,44605904.0,51526508.0,1975.8,563.5,0.0,0.0,7693.9,14052.5,12983.8,0.0,1985.8,3265.4,1420.9,1801.0,4987.4,13439.3,13118.4,7903.0,14408.0,0.0
MidCase,ISONE,2050,208983650.0,657512.0,2690132.5,879236.8,213210530.0,201468900.9,76323540.0,10367633.0,26989780.0,0.0359,0.054,0.12,120734.69,51041.3,64.3,1.2,0.13,9.1,484.0,0.05,64.4,23.6,87.9,15.4,0.3,0.03,2.4,116.3,0.02,15.4,5.8,21.2,23.5,0.4,0.05,2.8,176.5,0.01,23.6,8.0,31.6,327.9,6.3,0.67,38.8,2431.5,0.16,328.3,111.3,439.6,14776661.0,282.2,28.9,2094780.0,111238.1,12.4,14792962.0,5413066.9,20206028.9,24.04,22.5,22.99,69.93,25.71,24.57,24.47,75.15,9417860.0,1789237.0,11207097.0,229832670.0,136886990.0,554599.2,2924431.8,16539392.0,0.0,0.0,10814105.0,32445356.0,4712205.0,0.0,7309517.5,26081950.0,230861.5,2147368.8,14830043.0,50361908.0,60880940.0,474.3,563.5,0.0,0.0,7818.2,12711.2,15059.5,0.0,1985.8,3265.4,802.3,1801.0,8675.3,15842.6,14900.1,1897.4,14408.0,0.0
MidCase,MISO_Central,2025,317955460.0,37075.8,1963964.8,1963262.0,321919740.0,306524478.9,251505970.0,24178874.0,6475102.5,0.0359,0.054,0.12,110577.84,70641.3,502.7,51.8,7.5,22.6,1520.3,0.28,506.3,68.0,574.3,488.8,50.1,7.24,22.8,1502.9,0.28,492.3,67.6,559.9,228.0,11.5,1.63,21.4,1422.9,0.16,228.8,63.8,292.6,780.5,69.2,9.97,43.7,3072.6,0.42,785.3,135.4,920.7,152933460.4,15760.7,2280.6,6886676.8,462490.0,85.7,154025723.7,20692269.4,174717993.1,35.76,22.2,0.27,58.23,37.9,24.13,0.29,62.32,1778.5,10.7,1789.2,304215970.0,70413784.0,31645.2,2190484.5,3057815.5,133707560.0,0.0,511664.0,45211348.0,1773998.4,0.0,1715114.6,42109404.0,2412240.2,1592594.4,15353757.0,54548364.0,0.0,29.1,375.0,30561.8,0.0,351.9,11721.7,11720.2,0.0,489.6,5272.0,3817.1,2614.8,7262.7,0.0,16744.1,116.4,20918.4,0.0
MidCase,MISO_Central,2030,339330270.0,1714939.4,2292122.0,2531565.5,345868900.0,327129702.1,177683120.0,34437636.0,22170946.0,0.0359,0.054,0.12,110568.88,73782.1,205.8,15.9,2.28,15.1,838.9,0.14,206.9,40.1,247.1,204.8,15.6,2.23,15.6,850.6,0.15,205.9,41.0,246.9,265.2,15.8,2.21,21.9,1340.4,0.14,266.3,61.9,328.2,558.1,38.2,5.42,42.0,2524.1,0.32,560.7,117.3,678.0,68670263.9,5307.5,759.1,5035965.5,279849.4,47.3,69035667.7,13388394.0,82424061.7,27.5,20.22,0.64,48.35,29.23,22.05,0.67,51.96,380756.9,131757.4,512514.3,333602200.0,168185760.0,1464991.5,2190484.5,5128009.5,41529268.0,0.0,720087.0,62260052.0,2001076.2,0.0,1772308.4,42109404.0,5107426.0,1853423.2,45313036.0,122152640.0,0.0,1166.2,375.0,20616.6,0.0,490.9,14654.1,11466.2,0.0,510.6,5272.0,4416.2,2614.8,20959.5,0.0,33563.5,4665.0,20918.4,0.0
MidCase,MISO_Central,2035,371663940.0,7606107.0,3561316.5,3541820.0,386373200.0,358299814.0,61915816.0,29600378.0,91725736.0,0.0359,0.054,0.12,119488.09,81310.8,57.8,1.2,0.15,7.9,401.7,0.06,57.9,19.9,77.7,61.5,1.3,0.15,8.5,433.0,0.06,61.6,21.4,83.0,97.8,2.2,0.28,11.8,652.6,0.07,97.9,31.2,129.1,316.9,6.6,0.78,37.9,2222.0,0.19,317.3,104.1,421.4,25918156.9,551.3,67.0,3534268.2,180145.3,25.2,25952878.8,8909477.8,34862356.6,24.46,21.42,0.0,45.88,26.3,23.72,0.0,50.02,9228598.0,3145631.0,12374229.0,448498600.0,324457380.0,6495000.5,1819986.8,4939595.0,0.0,0.0,989556.6,55567030.0,4445855.5,0.0,1708849.0,42109404.0,4074852.8,2880590.2,85530770.0,237937060.0,0.0,5014.0,324.7,0.0,0.0,678.2,18197.4,12501.4,0.0,510.6,5272.0,4285.9,2614.8,40566.5,0.0,68682.7,20055.9,20918.4,0.0
MidCase,MISO_Central,2040,402937660.0,13426019.0,3559123.5,3919950.8,423842750.0,388448450.8,51219410.0,37404296.0,114761550.0,0.0359,0.054,0.12,116516.11,89385.4,50.9,1.1,0.12,6.9,361.2,0.05,51.0,17.7,68.7,26.6,0.5,0.05,3.8,199.6,0.03,26.7,9.8,36.5,71.1,1.4,0.16,8.5,515.5,0.04,71.2,23.8,95.0,301.9,6.2,0.72,36.0,2143.1,0.17,302.3,99.9,402.2,25535614.8,529.4,62.1,3458301.7,181048.2,23.7,25568335.3,8860008.6,34428343.9,24.92,21.15,0.0,46.07,26.89,23.68,0.0,50.58,12334942.0,4630450.5,16965392.0,501200030.0,372623360.0,11462444.0,1282286.4,4157548.8,0.0,0.0,1181320.4,58128090.0,3669520.5,0.0,1717244.2,42109404.0,3173827.0,2876303.8,112340880.0,259101150.0,0.0,9156.0,251.7,0.0,0.0,810.1,19978.4,13843.2,0.0,510.6,5272.0,4235.6,2614.8,53145.0,0.0,74303.6,36624.2,20918.4,0.0
MidCase,MISO_Central,2045,432635600.0,12052277.0,3798461.5,5000751.5,453487100.0,417078376.8,4590652.0,46879892.0,164130030.0,0.0359,0.054,0.12,111498.46,96074.8,42.4,0.9,0.11,5.8,297.5,0.04,42.4,14.7,57.1,24.4,0.5,0.05,3.5,183.8,0.02,24.4,9.0,33.4,58.7,1.2,0.13,7.0,427.7,0.03,58.7,19.7,78.5,281.2,5.8,0.66,33.5,2003.7,0.16,281.6,93.3,374.9,24181143.0,507.9,60.7,3300920.4,169785.1,23.5,24212840.0,8366918.1,32579758.1,22.99,20.51,0.0,43.5,24.78,22.88,0.0,47.66,26526584.0,10619886.0,37146468.0,570737200.0,448896450.0,10293650.0,1282286.4,3209946.8,0.0,0.0,1715501.2,50859956.0,5964145.5,0.0,1670825.4,42109404.0,3380420.0,3070161.2,130883690.0,316297250.0,0.0,8066.2,251.7,0.0,0.0,1179.2,16655.3,16187.0,0.0,510.6,5272.0,4085.0,2614.8,63647.8,0.0,93291.4,32264.7,20918.4,0.0
MidCase,MISO_Central,2050,457002400.0,14775213.0,3928528.8,5461806.5,481167940.0,440569193.6,-17056656.0,51058244.0,195264540.0,0.0359,0.054,0.12,106794.89,101147.8,39.9,0.8,0.09,5.4,285.0,0.04,39.9,13.9,53.8,23.6,0.4,0.05,3.3,178.9,0.02,23.6,8.7,32.3,53.8,1.0,0.11,6.4,398.6,0.03,53.9,18.3,72.1,275.0,5.5,0.61,32.7,1997.2,0.14,275.4,92.2,367.6,24926601.3,511.2,59.0,3381907.3,178220.8,22.9,24957929.5,8699130.4,33657059.9,21.15,19.55,0.0,40.7,22.85,21.91,0.0,44.76,31301200.0,16392442.0,47693640.0,625374200.0,498224580.0,12616926.0,1282286.4,2787315.2,0.0,0.0,2794504.2,55157120.0,5623608.0,0.0,1652170.4,42109404.0,2750206.8,3170600.8,153179790.0,342250270.0,0.0,9669.4,251.7,0.0,0.0,1905.4,18060.9,16723.3,0.0,510.6,5272.0,2999.4,2614.8,75906.8,0.0,100883.1,38677.8,20918.4,0.0
MidCase,MISO_North,2025,230686300.0,84347.2,0.0,1839775.8,232610430.0,222391650.0,146283570.0,18887404.0,4483395.5,0.0359,0.054,0.12,110753.69,48470.1,328.0,31.7,4.57,17.1,1147.1,0.19,330.2,51.3,381.5,338.5,32.9,4.75,17.4,1168.8,0.19,340.8,52.3,393.1,332.1,25.0,3.57,22.8,1605.8,0.19,333.8,70.7,404.6,777.4,72.1,10.38,40.4,2881.3,0.41,782.4,126.4,908.8,71582212.2,6914.2,996.4,3722318.2,250305.0,40.9,72060269.0,11192562.8,83252831.8,35.94,21.77,0.01,57.72,38.09,23.5,0.01,61.6,10355.2,337.3,10692.5,218206430.0,86326860.0,71930.8,2158853.0,8211485.5,59664716.0,0.0,1366677.4,30608538.0,2631701.2,0.0,4494981.5,22761602.0,1275750.9,0.0,7892754.5,77067430.0,0.0,69.3,351.7,11629.9,0.0,964.6,7633.3,7105.3,0.0,925.4,2849.7,2482.6,0.0,3911.3,0.0,21758.4,277.0,0.0,0.0
MidCase,MISO_North,2030,256627100.0,2840648.0,0.0,2493624.8,261961380.0,247399334.4,109215384.0,15356330.0,14075181.0,0.0359,0.054,0.12,110774.76,51943.2,156.6,13.1,1.87,10.3,607.0,0.1,157.5,28.5,186.0,165.1,13.8,1.97,11.0,640.0,0.1,166.1,30.1,196.1,224.0,11.5,1.57,20.0,1254.0,0.11,224.7,57.4,282.2,556.1,45.0,6.44,35.0,2186.2,0.3,559.2,100.2,659.5,40823815.8,3418.9,487.7,2696455.6,158229.1,25.2,41058830.5,7418557.6,48477388.1,24.28,20.43,0.01,44.72,25.88,22.14,0.01,48.04,8259645.0,453814.2,8713459.0,260680240.0,152746000.0,2426602.2,1436489.4,13947470.0,28498420.0,0.0,1881938.4,31486582.0,1847482.8,0.0,4625169.5,22761602.0,904423.4,0.0,25596254.0,125267800.0,0.0,2109.9,240.0,10756.9,0.0,1339.7,8922.4,6336.1,0.0,953.4,2849.7,1519.4,0.0,12785.4,0.0,33582.2,8439.6,0.0,0.0
MidCase,MISO_North,2035,290110820.0,2734437.5,0.0,2624598.2,295469860.0,279677526.5,106445520.0,25917778.0,13104890.0,0.036,0.054,0.12,115452.89,58663.2,68.0,1.3,0.14,9.0,504.8,0.05,68.1,24.0,92.1,67.0,1.3,0.14,8.9,497.4,0.05,67.1,23.7,90.8,106.0,2.1,0.23,12.6,773.4,0.05,106.1,35.6,141.8,272.0,5.5,0.62,32.4,1953.9,0.15,272.3,90.6,363.0,19218300.6,373.2,39.4,2533101.8,142689.7,14.0,19240181.7,6789086.6,26029268.3,22.49,22.5,0.42,45.42,23.96,24.31,0.44,48.73,15858264.0,1086482.0,16944746.0,282656960.0,189024340.0,2337018.0,1436489.4,12732902.0,0.0,0.0,2398667.5,44149030.0,4905453.0,0.0,4553922.0,22761602.0,756209.9,0.0,35060356.0,151565310.0,0.0,2109.7,240.0,0.0,0.0,1712.0,14988.5,13837.0,0.0,953.4,2849.7,1445.0,0.0,17347.4,0.0,42003.1,8438.7,0.0,0.0
MidCase,MISO_North,2040,315758500.0,3181960.2,0.0,2858695.8,321799140.0,304403296.0,99245210.0,28672732.0,19166144.0,0.036,0.054,0.12,117150.31,63059.5,57.2,1.1,0.12,7.6,425.2,0.04,57.2,20.3,77.5,44.7,0.9,0.09,5.7,331.5,0.03,44.8,15.6,60.4,97.6,1.9,0.2,11.6,718.0,0.05,97.7,33.0,130.7,252.2,5.0,0.54,30.0,1842.5,0.13,252.5,84.9,337.4,17848830.1,345.8,36.4,2370270.8,132774.5,13.3,17869062.8,6330582.8,24199645.5,22.27,23.1,0.0,45.38,23.74,24.96,0.0,48.7,23415682.0,1382593.2,24798276.0,312292540.0,222553940.0,2719255.0,1436489.4,12368035.0,0.0,0.0,3146315.0,39947550.0,5363340.5,0.0,4490730.5,22761602.0,651615.2,0.0,36571936.0,182835680.0,0.0,2492.2,240.0,0.0,0.0,2248.6,14988.5,17679.8,0.0,953.4,2849.7,1422.8,0.0,18140.5,0.0,51162.7,9968.7,0.0,0.0
MidCase,MISO_North,2045,339224830.0,974204.8,0.0,3053037.8,343252060.0,327025585.7,112765780.0,38193970.0,18127580.0,0.036,0.054,0.12,111334.05,68416.7,63.2,1.2,0.12,8.3,476.4,0.04,63.3,22.5,85.7,44.9,0.9,0.09,5.8,338.5,0.03,44.9,15.8,60.8,88.4,1.7,0.17,10.5,662.6,0.04,88.5,30.2,118.7,246.9,4.8,0.5,29.3,1827.7,0.12,247.2,83.8,330.9,20419584.0,387.4,39.2,2669424.6,153973.6,13.8,20441833.2,7261616.7,27703449.9,21.96,22.55,0.41,44.93,23.32,24.19,0.43,47.94,20315698.0,2069367.2,22385064.0,323185660.0,230486300.0,831483.5,1436489.4,12187371.0,0.0,0.0,4147641.5,40190690.0,10629052.0,0.0,4504928.0,22761602.0,157775.7,0.0,44510676.0,181827970.0,0.0,747.4,240.0,0.0,0.0,2968.3,14829.0,30383.6,0.0,953.4,2849.7,881.9,0.0,22051.5,0.0,49688.5,2989.5,0.0,0.0
MidCase,MISO_North,2050,358360260.0,1017929.7,0.0,3133495.0,362511680.0,345472969.8,114801176.0,41937924.0,20206980.0,0.036,0.054,0.12,108640.63,72478.1,65.9,1.2,0.13,8.4,497.0,0.04,66.0,23.2,89.2,45.9,0.9,0.09,5.7,346.3,0.03,46.0,16.1,62.1,86.1,1.6,0.17,10.2,645.3,0.04,86.2,29.4,115.6,249.7,4.8,0.5,29.6,1860.3,0.12,249.9,85.0,335.0,22463873.9,425.6,43.0,2859031.8,169367.7,13.7,22488290.2,7909932.4,30398222.7,20.87,22.36,0.3,43.53,22.15,23.99,0.31,46.45,20408696.0,2810736.0,23219432.0,340780740.0,247710510.0,869621.1,1193419.2,12062045.0,0.0,0.0,5379517.0,44803388.0,11468570.0,0.0,4514838.5,18021100.0,137253.9,0.0,52926190.0,189404800.0,0.0,747.4,207.0,0.0,0.0,3859.7,16141.7,34516.3,0.0,953.4,2256.2,642.1,0.0,26153.6,0.0,51209.5,2989.5,0.0,0.0
MidCase,MISO_South,2025,216510820.0,236911.6,14614.8,891378.2,217653730.0,208727603.9,199969680.0,7952297.5,663550.2,0.0359,0.0539,0.12,110273.69,47820.5,356.7,19.9,2.78,33.1,2202.1,0.25,358.1,98.8,456.9,361.6,20.2,2.83,33.5,2226.5,0.26,363.0,99.9,462.9,420.9,13.3,1.78,46.7,3218.8,0.28,421.8,142.7,564.5,637.0,39.3,5.79,54.9,3155.4,0.53,639.7,149.1,788.8,75040021.9,4178.2,584.5,6965772.7,463251.2,53.2,75324098.7,20785170.8,96109269.5,39.24,22.86,0.0,62.1,41.53,24.7,0.0,66.24,0.0,0.0,0.0,210365000.0,17684054.0,200721.6,1198375.8,0.0,28371190.0,0.0,693538.9,108510540.0,670188.2,0.0,3647090.5,42746000.0,7325145.0,11690.4,9318553.0,7671961.0,0.0,213.9,165.8,6686.9,0.0,454.7,19218.3,3385.5,0.0,1245.2,5351.7,9226.3,30.0,4149.8,0.0,2999.2,855.7,240.0,0.0
MidCase,MISO_South,2030,230936060.0,363907.0,54580.9,1064334.2,232418900.0,222634121.0,163636350.0,15483662.0,3885112.8,0.0359,0.054,0.12,110259.06,50236.1,188.6,5.1,0.62,23.1,1298.1,0.14,189.0,61.9,250.8,188.1,5.1,0.63,23.0,1289.5,0.14,188.4,61.4,249.9,277.8,8.8,1.11,30.0,1839.0,0.15,278.3,84.9,363.2,446.5,19.3,2.67,44.5,2541.8,0.29,447.8,120.3,568.1,41656968.0,1117.4,136.5,5109864.2,286639.1,31.1,41727518.5,13660194.3,55387712.9,28.36,21.35,0.0,49.71,30.04,23.03,0.0,53.08,74677.3,133674.0,208351.4,220820320.0,68782536.0,309845.2,1116615.9,0.0,3279896.2,0.0,1293057.1,97454380.0,403849.4,0.0,3674063.5,42746000.0,3009302.5,43853.8,54928264.0,12561217.0,0.0,213.9,154.7,4544.5,0.0,847.7,24161.3,3320.7,0.0,1257.2,5351.7,7050.8,30.0,24513.3,0.0,4180.2,855.7,240.0,0.0
MidCase,MISO_South,2035,257431760.0,5713755.0,72882.1,2203451.8,265421860.0,248177131.8,159709360.0,55103224.0,15056824.0,0.0359,0.054,0.12,94125.49,54147.9,112.7,2.2,0.23,15.2,834.5,0.09,112.9,40.1,153.0,103.1,2.0,0.22,13.9,763.3,0.09,103.2,36.7,139.9,122.9,2.7,0.33,14.7,834.5,0.08,123.0,39.6,162.7,294.8,6.0,0.68,35.1,2110.9,0.16,295.2,98.1,393.3,25405985.4,496.3,53.0,3425779.8,188081.7,21.2,25435232.4,9036392.3,34471624.7,27.8,17.45,0.0,45.25,29.74,19.19,0.0,48.93,89727.3,2894271.0,2983998.2,225375440.0,105712490.0,4865317.5,1116615.9,0.0,0.0,0.0,1838129.8,65811252.0,343888.6,0.0,3674063.5,42746000.0,1047246.7,58575.4,84573890.0,19300476.0,0.0,3442.3,154.7,0.0,0.0,1211.4,24161.3,3320.7,0.0,1257.2,5351.7,4156.2,30.0,38803.3,0.0,6333.4,13769.2,240.0,0.0
MidCase,MISO_South,2040,281819840.0,11647937.0,74217.1,2357588.0,295899600.0,271688370.9,153983000.0,55717940.0,18505100.0,0.0359,0.054,0.12,100940.0,59492.0,86.1,1.7,0.18,11.8,641.4,0.07,86.2,30.9,117.2,82.3,1.6,0.17,11.3,612.9,0.07,82.4,29.5,111.9,94.3,1.9,0.2,11.2,689.5,0.05,94.4,31.7,126.1,286.1,5.7,0.62,34.0,2082.9,0.15,286.5,96.1,382.6,22277994.2,431.9,45.5,3052636.9,165920.2,19.3,22303273.8,8002338.6,30305612.4,27.18,18.36,0.0,45.54,29.36,20.58,0.0,49.94,238847.2,5715196.5,5954043.5,258686750.0,141916560.0,9919842.0,1116615.9,0.0,0.0,0.0,2019957.8,58285364.0,245143.2,0.0,3674063.5,42746000.0,723428.5,59719.1,100175330.0,39721268.0,0.0,7104.2,154.7,0.0,0.0,1339.8,24161.3,3322.2,0.0,1257.2,5351.7,4156.2,30.0,46560.0,0.0,13100.9,28416.6,240.0,0.0
MidCase,MISO_South,2045,301643940.0,23578640.0,71793.5,2730488.5,328024860.0,290800018.4,165848930.0,67799910.0,19998350.0,0.0359,0.054,0.12,107828.12,64276.2,67.2,1.3,0.13,9.4,503.9,0.06,67.3,24.5,91.7,64.8,1.2,0.13,9.1,485.7,0.06,64.9,23.6,88.4,125.9,2.4,0.26,14.9,933.4,0.06,126.1,42.8,168.8,259.9,5.1,0.55,30.8,1902.6,0.13,260.2,87.6,347.7,18833352.7,362.1,37.6,2642525.0,141195.6,17.4,18854396.5,6854912.7,25709309.2,24.14,19.32,0.0,43.46,26.57,22.44,0.0,49.01,372901.7,7089353.0,7462254.5,280223300.0,162175920.0,20094362.0,1116615.9,0.0,0.0,0.0,2354929.5,49726350.0,195508.9,0.0,3674063.5,42746000.0,436679.7,57794.8,115652480.0,44168510.0,0.0,14668.6,154.7,0.0,0.0,1569.8,24161.3,3323.4,0.0,1257.2,5351.7,3113.4,30.0,53469.5,0.0,14482.6,58674.4,240.0,0.0
MidCase,MISO_South,2050,317827680.0,26594608.0,74285.5,3090165.0,347586750.0,306402301.7,171333840.0,77709320.0,24732968.0,0.0359,0.054,0.12,106760.01,69329.2,59.9,1.1,0.11,8.5,453.3,0.06,59.9,22.0,82.0,57.2,1.1,0.11,8.1,433.0,0.05,57.3,21.0,78.3,131.0,2.5,0.25,15.5,983.1,0.06,131.2,44.8,176.0,241.7,4.6,0.48,28.6,1806.6,0.11,242.0,82.5,324.5,17642157.7,334.5,33.8,2498408.0,133557.6,16.5,17661356.7,6482922.9,24144279.6,21.43,19.41,0.0,40.84,23.73,22.7,0.0,46.42,268272.6,9294704.0,9562977.0,294610400.0,176252900.0,22653154.0,1116615.9,0.0,0.0,0.0,2880665.8,47850870.0,128123.5,0.0,3674063.5,42746000.0,128903.3,59763.6,124500670.0,48871564.0,0.0,16645.1,154.7,0.0,0.0,1915.3,26980.8,3257.4,0.0,1257.2,5351.7,1093.5,30.0,57948.0,0.0,15904.1,66580.5,240.0,0.0
MidCase,NYISO,2025,158741890.0,1224942.4,601847.5,251896.9,160820580.0,153034826.7,131054380.0,3339205.0,538929.8,0.0359,0.054,0.12,22144.47,36512.0,175.2,4.4,0.65,23.5,1260.8,0.21,175.5,61.1,236.6,186.8,4.9,0.72,24.7,1338.6,0.21,187.1,64.7,251.8,231.7,7.3,1.22,28.5,1283.0,0.31,232.3,66.8,299.1,609.3,25.1,3.89,67.1,3383.4,0.67,611.1,168.1,779.3,27679211.4,695.1,102.3,3707095.8,199235.1,32.4,27727860.6,9653150.7,37381011.4,42.54,4.36,11.06,57.96,45.07,4.75,11.69,61.51,0.0,0.0,0.0,158020300.0,29766198.0,1046223.0,1989598.8,10789661.0,0.0,0.0,3560240.8,49446290.0,800212.9,0.0,26503520.0,26688192.0,10514366.0,476045.0,7497981.0,18282764.0,425212.4,1750.0,389.6,0.0,0.0,2561.9,9588.7,2662.1,0.0,4553.7,3341.3,12192.8,1426.8,4151.2,132.0,5486.9,7000.0,11414.4,0.0
MidCase,NYISO,2030,170300000.0,3069179.8,1390327.6,211844.4,174971360.0,164176570.1,106468160.0,1627463.1,4624844.5,0.0359,0.054,0.12,22146.6,38288.7,90.0,2.2,0.31,12.8,553.5,0.11,90.1,29.3,119.4,96.9,2.4,0.34,13.7,597.2,0.12,97.1,31.6,128.6,157.0,4.9,0.85,19.8,689.7,0.23,157.4,40.4,197.8,508.3,15.5,2.4,60.7,2710.4,0.55,509.4,141.6,651.1,16016598.3,390.0,55.7,2273385.5,98507.7,20.1,16043427.3,5214410.0,21257837.3,27.28,3.9,13.51,44.82,29.09,4.29,14.33,47.84,213137.0,21117.1,234254.1,177968740.0,68503190.0,2612276.0,1989598.8,13370289.0,0.0,0.0,4105078.5,30838090.0,220207.1,0.0,27691004.0,26688192.0,4948010.5,1107873.1,21070394.0,29300196.0,14027528.0,3000.0,389.6,0.0,0.0,2959.8,9099.4,533.3,0.0,4745.1,3341.3,7437.5,1426.8,11597.5,3801.0,7923.5,12000.0,11414.4,0.0
MidCase,NYISO,2035,186261310.0,4738877.5,1364443.8,402653.6,192767280.0,179563188.0,107377390.0,5736789.5,8263901.0,0.0359,0.054,0.12,115033.66,41052.1,85.8,2.2,0.34,12.1,492.5,0.12,85.9,26.8,112.7,92.1,2.4,0.36,13.0,534.4,0.12,92.3,28.9,121.2,144.0,4.1,0.66,17.9,733.1,0.18,144.3,39.8,184.1,440.9,11.4,1.73,54.1,2516.2,0.45,441.7,129.2,571.0,16751004.3,434.0,65.8,2361374.5,96174.2,22.9,16781895.6,5233619.8,22015515.4,27.23,20.18,0.0,47.41,29.16,22.32,0.0,51.49,2728603.8,120898.6,2849502.5,195294400.0,85389896.0,4038136.5,1584482.1,13112242.0,0.0,0.0,4308429.0,29212166.0,59979.8,0.0,27528934.0,26688192.0,6585953.0,1094416.5,21199458.0,29382108.0,30499898.0,4593.1,334.6,0.0,0.0,3139.9,9099.4,533.3,0.0,4750.8,3341.3,6959.8,1426.8,11597.5,9000.0,7923.5,18372.2,11414.4,0.0
MidCase,NYISO,2040,203176670.0,11527334.0,1282736.5,843681.3,216830420.0,195869801.4,84687980.0,29778660.0,23717286.0,0.036,0.054,0.12,251805.14,45117.1,0.0,0.0,0.0,1.4,3.1,0.03,0.0,1.5,1.5,0.0,0.0,0.0,0.0,0.0,0.0,0.0,0.0,0.0,0.0,0.0,0.0,0.0,0.0,0.0,0.0,0.0,0.0,344.5,7.1,0.82,41.1,2446.7,0.2,345.0,114.1,459.0,0.0,0.0,0.0,304851.4,643.9,5.6,0.0,325572.8,325572.8,29.53,44.27,10.97,84.82,31.88,50.39,11.71,94.03,1748196.4,1452667.6,3200864.0,210769040.0,132142440.0,9837644.0,1584482.1,12235850.0,0.0,0.0,5142836.5,0.0,0.0,0.0,27245340.0,26688192.0,0.0,1035104.3,39445690.0,55335170.0,32218740.0,11645.9,334.6,0.0,0.0,3720.3,0.0,0.0,0.0,4763.2,3341.3,0.0,1426.8,22316.6,9000.0,15772.0,46583.5,11414.4,0.0
MidCase,NYISO,2045,221359070.0,13160853.0,1410032.9,1051761.2,236981730.0,213398366.3,81889400.0,36067972.0,33354172.0,0.0359,0.054,0.12,251458.91,49691.5,0.0,0.0,0.0,1.3,2.7,0.02,0.0,1.4,1.4,0.0,0.0,0.0,0.0,0.0,0.0,0.0,0.0,0.0,0.0,0.0,0.0,0.0,0.0,0.0,0.0,0.0,0.0,338.3,6.8,0.76,40.3,2439.7,0.18,338.8,113.0,451.8,0.0,0.0,0.0,304851.4,643.9,5.6,0.0,325572.8,325572.8,27.17,44.4,12.09,83.72,29.39,50.66,12.92,93.03,2559777.8,1893106.8,4452884.5,234267940.0,155092340.0,11220067.0,1584482.1,11424325.0,0.0,0.0,6489387.0,0.0,0.0,0.0,27124284.0,26688192.0,0.0,1134246.0,44278130.0,68687450.0,35637370.0,12964.4,334.6,0.0,0.0,4705.0,0.0,0.0,0.0,4769.5,3341.3,0.0,1426.8,24980.0,9882.6,19962.7,51857.4,11414.4,0.0
MidCase,NYISO,2050,238796640.0,23289630.0,1492731.1,1197583.6,264776600.0,230209041.6,84500540.0,44985570.0,38522780.0,0.0359,0.054,0.12,236277.57,54235.1,0.0,0.0,0.0,0.9,1.7,0.01,0.0,0.9,0.9,0.0,0.0,0.0,0.0,0.0,0.0,0.0,0.0,0.0,0.0,0.0,0.0,0.0,0.0,0.0,0.0,0.0,0.0,337.5,6.5,0.69,40.0,2499.8,0.16,337.9,114.5,452.5,0.0,0.0,0.0,220387.3,443.0,3.7,0.0,234602.0,234602.0,24.41,40.28,15.45,80.23,26.64,47.65,16.65,91.02,2279667.2,2653462.8,4933130.0,258313810.0,180276060.0,19848310.0,1584482.1,11242321.0,0.0,0.0,7773486.5,0.0,0.0,0.0,27068986.0,17086578.0,0.0,1207078.0,63597300.0,71811760.0,37093516.0,21828.8,334.6,0.0,0.0,5637.9,0.0,0.0,0.0,4769.5,2139.2,0.0,1426.8,35587.8,10225.9,20689.0,87315.2,11414.4,0.0
MidCase,NorthernGrid_East,2025,54637384.0,62519.8,0.0,542250.8,55242156.0,52672853.9,40315240.0,7983255.0,3253585.0,0.0359,0.054,0.12,93645.56,10625.9,245.5,27.0,3.91,9.0,630.6,0.12,247.4,27.8,275.2,214.6,23.5,3.4,8.0,559.4,0.11,216.2,24.7,240.9,803.6,79.7,11.49,36.4,2696.3,0.39,809.1,116.9,925.9,776.1,75.6,10.88,36.5,2707.7,0.38,781.4,117.3,898.6,12400475.8,1363.0,197.7,453383.0,31852.2,6.1,12495062.2,1404247.4,13899309.6,29.89,16.55,0.0,46.44,31.63,17.74,0.0,49.37,412.9,0.0,412.9,50512484.0,14926914.0,53127.5,319198.3,126032.4,11471448.0,0.0,1195637.5,1821135.6,0.0,74468.4,21720162.0,0.0,0.0,0.0,1715400.6,12015876.0,0.0,231.0,47.5,3746.3,0.0,797.7,549.3,789.1,10.0,5581.2,0.0,309.1,0.0,829.0,0.0,3416.2,924.0,0.0,0.0
MidCase,NorthernGrid_East,2030,60358284.0,149595.5,0.0,819553.2,61327436.0,58188011.4,25339224.0,6460808.5,8197883.0,0.0359,0.054,0.12,93642.06,11740.0,71.4,7.6,1.1,2.9,188.8,0.04,71.9,8.5,80.4,67.8,7.2,1.03,2.8,183.9,0.03,68.2,8.3,76.5,169.5,14.1,2.01,10.1,668.5,0.08,170.5,30.0,200.5,489.4,44.0,6.29,26.3,1750.6,0.24,492.5,78.6,571.0,4502370.1,480.9,69.6,180195.2,11908.6,2.2,4535705.5,535678.4,5071383.9,19.75,15.93,0.0,35.69,20.97,17.17,0.0,38.13,170600.2,6424.6,177024.8,63064510.0,35988212.0,128248.6,233755.5,123864.0,4024102.8,0.0,1338041.4,1051858.1,385.9,74255.9,21439828.0,0.0,0.0,0.0,1728497.8,32921674.0,0.0,231.0,35.9,3738.4,0.0,892.7,549.3,827.9,10.0,5748.2,0.0,52.0,0.0,829.0,0.0,8467.1,924.0,0.0,0.0
MidCase,NorthernGrid_East,2035,70286420.0,1500330.1,0.0,1329106.6,73115860.0,67759084.7,21395848.0,14578309.0,16404797.0,0.036,0.054,0.12,95771.06,14042.4,2.8,0.1,0.01,0.4,21.3,0.0,2.8,1.1,3.9,3.6,0.1,0.01,0.5,27.0,0.0,3.6,1.3,4.9,56.2,1.1,0.11,6.6,421.5,0.03,56.3,19.2,75.5,220.6,4.2,0.44,26.1,1644.0,0.1,220.8,75.1,295.9,211127.4,4.0,0.4,32341.8,1599.5,0.1,211355.7,80041.2,291396.9,19.4,15.23,0.0,34.62,20.73,16.64,0.0,37.37,1159582.2,161011.6,1320593.9,74942344.0,51720010.0,1277965.2,233755.5,119631.2,0.0,0.0,1261023.0,548241.6,14111.1,72275.2,20955968.0,0.0,386.8,0.0,6932495.0,43526490.0,0.0,1299.0,35.9,0.0,0.0,844.5,549.3,829.7,10.0,5749.5,0.0,52.0,0.0,3244.2,0.0,11690.7,5195.9,0.0,0.0
MidCase,NorthernGrid_East,2040,77372900.0,1421106.6,0.0,1583518.5,80377520.0,74590802.7,20101630.0,17718770.0,20362854.0,0.0359,0.054,0.12,114238.4,15445.4,1.9,0.0,0.0,0.3,14.7,0.0,1.9,0.8,2.7,2.4,0.0,0.0,0.4,18.3,0.0,2.4,0.9,3.3,94.7,1.8,0.18,11.2,713.9,0.04,94.8,32.5,127.3,202.7,3.9,0.39,24.0,1520.9,0.09,202.9,69.3,272.2,160090.5,3.0,0.3,26307.3,1216.6,0.1,160263.0,62589.0,222852.1,18.26,18.03,0.0,36.29,19.5,19.7,0.0,39.2,2061241.2,346766.6,2408026.8,83021600.0,60275892.0,1209230.2,233755.5,115797.4,0.0,0.0,1267209.0,365288.7,46060.2,68677.3,20706830.0,0.0,75.3,0.0,7679775.0,51328904.0,0.0,1068.0,35.9,0.0,0.0,851.3,549.3,2196.1,10.0,5749.5,0.0,52.0,0.0,3626.8,0.0,14100.9,4271.9,0.0,0.0
MidCase,NorthernGrid_East,2045,84177660.0,1465149.4,0.0,1833148.2,87475960.0,81150853.5,18225350.0,19680278.0,24113988.0,0.0359,0.054,0.12,102332.26,17093.6,1.5,0.0,0.0,0.3,11.1,0.0,1.5,0.6,2.0,1.9,0.0,0.0,0.3,14.7,0.0,1.9,0.8,2.7,115.5,2.2,0.22,13.6,870.3,0.05,115.6,39.6,155.2,205.5,3.9,0.39,24.3,1543.7,0.09,205.7,70.3,276.0,133619.4,2.5,0.3,23178.9,1017.3,0.1,133763.2,53520.6,187283.8,17.63,16.38,0.0,34.01,18.82,17.92,0.0,36.74,3137899.5,679796.9,3817709.5,91909670.0,69250610.0,1246972.5,233755.5,113638.6,0.0,0.0,1291173.2,313978.6,32422.4,67790.5,20650502.0,0.0,0.0,0.0,9152200.0,58807240.0,0.0,1068.0,35.9,0.0,0.0,869.5,549.3,2196.1,10.0,5749.5,0.0,0.0,0.0,4370.1,0.0,16485.2,4271.9,0.0,0.0
MidCase,NorthernGrid_East,2050,90001070.0,812047.8,0.0,2087667.2,92900780.0,86764865.2,14817976.0,20462828.0,26833062.0,0.0359,0.054,0.12,104198.18,18575.5,1.3,0.0,0.0,0.2,10.1,0.0,1.3,0.5,1.9,1.8,0.0,0.0,0.3,14.0,0.0,1.8,0.7,2.6,163.8,3.1,0.31,19.3,1234.6,0.07,163.9,56.2,220.1,203.3,3.8,0.39,24.0,1530.9,0.09,203.5,69.7,273.2,132019.8,2.5,0.2,22990.0,1005.3,0.1,132161.8,52971.7,185133.6,16.83,17.17,0.0,34.0,17.9,18.66,0.0,36.56,3769535.2,1525878.2,5295420.5,99271016.0,78082810.0,690795.8,233755.5,115031.3,0.0,0.0,1330951.0,316726.2,27579.2,67719.6,19736604.0,0.0,0.0,0.0,12291444.0,64460410.0,0.0,571.9,35.9,0.0,0.0,898.7,549.3,2217.6,10.0,5749.5,0.0,0.0,0.0,6033.0,0.0,17910.0,2287.6,0.0,0.0
MidCase,NorthernGrid_South,2025,84253224.0,1749439.2,0.0,260658.8,86263320.0,81224471.6,56395450.0,3954907.5,4438934.5,0.0359,0.054,0.12,99685.59,18952.8,328.1,27.7,3.94,19.4,1463.4,0.16,330.0,63.0,393.0,352.4,30.1,4.29,20.5,1546.7,0.17,354.4,66.6,421.1,458.8,28.0,3.86,36.7,2830.3,0.22,460.7,121.1,581.8,603.3,40.0,5.56,45.4,3486.9,0.29,606.0,149.4,755.4,28462082.6,2404.5,342.0,1679214.6,126945.6,13.5,28627100.7,5465886.1,34092986.9,34.76,18.99,0.0,53.74,36.96,20.84,0.0,57.8,0.0,9889.8,9889.8,86747350.0,29867872.0,1485707.0,322711.6,0.0,19601534.0,0.0,2529032.2,23365574.0,11072.7,5358746.5,6733541.0,0.0,593.3,0.0,25324618.0,2014221.0,0.0,1132.4,50.4,3004.1,0.0,1378.1,8385.4,1872.3,719.6,3518.7,0.0,717.1,0.0,9864.8,0.0,739.7,4529.4,0.0,0.0
MidCase,NorthernGrid_South,2030,94292650.0,1888807.6,0.0,566003.2,96747460.0,90902844.8,56144332.0,12224722.0,8909055.0,0.0359,0.054,0.12,99664.24,21302.4,255.2,20.0,2.82,16.5,1079.4,0.12,256.6,48.7,305.2,252.2,19.7,2.78,16.4,1072.2,0.12,253.6,48.4,301.9,193.1,7.1,0.91,19.6,1261.3,0.09,193.6,57.3,250.8,504.3,33.4,4.65,38.0,2460.6,0.24,506.6,111.4,617.9,23842329.2,1867.7,263.9,1541393.9,100848.2,11.3,23970024.6,4549741.9,28519766.5,25.89,19.3,0.0,45.19,27.65,21.26,0.0,48.91,18904.2,1055046.4,1075721.9,93431790.0,40603130.0,1607943.9,322711.6,0.0,14886686.0,0.0,2847248.0,23883818.0,47218.4,5341049.5,6733541.0,0.0,5694.7,0.0,32619108.0,5136774.5,0.0,1148.4,50.4,3004.1,0.0,1591.7,9167.2,1842.5,719.6,3518.7,0.0,491.1,0.0,12795.6,0.0,1617.1,4593.6,0.0,0.0
MidCase,NorthernGrid_South,2035,109382250.0,12683937.0,0.0,963347.0,123029530.0,105449887.5,55935960.0,23655236.0,15274574.0,0.0359,0.054,0.12,92427.7,24696.6,81.0,1.5,0.15,9.6,611.1,0.04,81.1,27.8,108.9,83.3,1.6,0.16,9.9,628.8,0.04,83.4,28.7,112.1,106.3,2.0,0.2,12.6,801.2,0.05,106.4,36.4,142.8,311.7,5.9,0.61,36.9,2331.8,0.14,312.0,106.4,418.4,9287258.3,175.1,17.5,1099980.9,70067.5,4.0,9297260.7,3189095.3,12486355.9,26.05,16.38,0.0,42.44,29.09,19.73,0.0,48.82,266808.4,6595763.0,6865665.5,114648856.0,67093560.0,10789193.0,101738.8,0.0,0.0,0.0,2725388.8,24993652.0,50908.9,4883125.5,6731846.5,0.0,4838.5,0.0,58623572.0,5744599.5,0.0,7758.3,20.4,0.0,0.0,1548.0,11090.2,1748.0,719.6,3518.7,0.0,253.6,0.0,24686.9,0.0,1840.9,31033.0,0.0,0.0
MidCase,NorthernGrid_South,2040,124747050.0,11764284.0,0.0,1257663.8,137769000.0,120262277.7,59224684.0,28543996.0,27992326.0,0.0359,0.054,0.12,98278.75,28653.1,96.6,1.8,0.18,11.4,728.9,0.04,96.7,33.2,129.9,93.2,1.8,0.18,11.1,703.4,0.04,93.3,32.0,125.4,131.8,2.5,0.25,15.6,994.0,0.06,131.9,45.2,177.1,291.4,5.5,0.56,34.4,2190.5,0.13,291.7,99.8,391.5,13253909.7,249.8,25.0,1568527.2,100014.7,5.8,13268174.9,4550538.8,17818713.7,25.51,18.02,0.0,43.53,28.31,21.32,0.0,49.63,229161.4,10575147.0,10806294.0,137217330.0,78544310.0,10002384.0,101738.8,0.0,0.0,0.0,2736661.5,37085080.0,6734.5,4745157.5,6730678.5,0.0,1242.2,0.0,67414310.0,8393336.0,0.0,7113.2,20.4,0.0,0.0,1557.6,17708.5,1748.0,704.0,3518.7,0.0,239.6,0.0,29464.8,0.0,2566.0,28452.8,0.0,0.0
MidCase,NorthernGrid_South,2045,138886180.0,14085694.0,0.0,1549887.5,154521760.0,133893102.3,62458056.0,35117696.0,37689464.0,0.0359,0.054,0.12,105758.46,32596.7,97.0,1.8,0.18,11.5,731.8,0.04,97.1,33.3,130.4,85.6,1.6,0.16,10.2,646.1,0.04,85.7,29.4,115.1,113.1,2.1,0.21,13.4,853.0,0.05,113.2,38.8,152.0,279.3,5.3,0.54,33.0,2093.5,0.13,279.6,95.4,375.0,15233424.0,287.1,28.7,1802360.5,114955.5,6.6,15249818.1,5229840.5,20479658.6,23.8,19.67,0.0,43.48,26.69,23.47,0.0,50.16,453223.2,17841902.0,18297844.0,157093520.0,92063704.0,11983184.0,101738.8,0.0,0.0,0.0,2778943.5,42844160.0,2422.1,3369657.5,6728130.5,0.0,526.5,0.0,80071096.0,9213662.0,0.0,8513.3,20.4,0.0,0.0,1593.1,21108.3,1730.9,504.6,3518.7,0.0,239.6,0.0,36822.4,0.0,2859.1,34053.4,0.0,0.0
MidCase,NorthernGrid_South,2050,152025470.0,15231013.0,0.0,1670292.4,168926780.0,146560143.7,63286280.0,38037044.0,43660196.0,0.0359,0.0539,0.12,104896.35,36522.6,94.3,1.8,0.18,11.2,711.9,0.04,94.4,32.4,126.8,56.9,1.1,0.11,6.8,429.1,0.03,56.9,19.5,76.5,104.0,2.0,0.2,12.3,784.3,0.05,104.1,35.7,139.8,267.1,5.0,0.51,31.6,2013.6,0.12,267.4,91.6,359.0,16467386.2,310.4,31.0,1948124.7,124268.9,7.2,16485107.5,5653290.1,22138397.7,22.12,19.99,0.34,42.48,24.84,23.88,0.39,49.14,720489.6,25148974.0,25871634.0,174549940.0,105640504.0,12962632.0,101738.8,0.0,0.0,0.0,2930488.2,46493810.0,1409.6,2624880.0,6724879.0,0.0,81.0,0.0,93194650.0,9515372.0,0.0,9563.7,20.4,0.0,0.0,1702.3,24313.8,1167.7,422.7,3518.7,0.0,11.4,0.0,44470.0,0.0,3047.3,38255.0,0.0,0.0
MidCase,NorthernGrid_West,2025,158100640.0,6134.7,176503.5,2286341.2,160569620.0,152414716.7,131869360.0,124990.4,26364092.0,0.036,0.054,0.12,95845.07,33227.5,18.1,0.3,0.03,2.8,170.2,0.02,18.1,7.9,26.0,20.4,0.4,0.04,3.1,191.3,0.02,20.4,8.8,29.2,288.5,14.5,1.94,25.9,2016.8,0.13,289.5,86.1,375.6,461.8,32.0,4.47,33.5,2575.1,0.22,464.0,110.3,574.3,3377129.0,63.6,6.4,527609.5,31802.8,3.5,3380763.2,1476289.9,4857053.1,26.32,16.43,0.22,42.97,27.92,17.66,0.24,45.82,0.0,0.0,0.0,186808720.0,28700262.0,5154.4,1228183.5,8116832.0,0.0,0.0,824964.1,8841159.0,0.0,145213.4,130439384.0,9193461.0,0.0,139080.3,3827532.5,24047764.0,0.0,20.1,205.7,0.0,0.0,658.0,6007.1,1371.8,19.5,30835.3,1151.0,2.5,314.0,1961.8,0.0,7528.0,80.2,2512.0,0.0
MidCase,NorthernGrid_West,2030,174448350.0,13352.0,192041.0,2151260.8,176805010.0,168174908.6,128272380.0,1540943.0,22452450.0,0.036,0.054,0.12,95836.98,35392.0,13.6,0.3,0.03,2.2,103.9,0.02,13.6,5.3,18.9,10.6,0.2,0.02,1.5,80.4,0.01,10.6,3.9,14.5,40.6,1.4,0.17,4.2,271.9,0.02,40.7,12.3,53.0,364.9,23.2,3.21,28.4,1841.0,0.17,366.5,83.3,449.7,2693652.8,50.8,5.1,425845.7,20551.8,3.1,2696551.5,1039139.2,3735690.7,18.76,16.16,0.91,35.84,19.88,17.3,0.97,38.16,69551.4,55366.7,125000.9,197716510.0,48532620.0,11141.3,694166.0,6151182.0,0.0,0.0,1190036.9,7012494.5,565.3,144351.4,125825580.0,9193461.0,0.0,150947.0,6267023.5,41075560.0,0.0,20.1,133.2,0.0,0.0,944.5,5675.3,1427.4,19.5,31722.2,1151.0,0.0,314.0,3105.2,0.0,11532.5,80.2,2512.0,0.0
MidCase,NorthernGrid_West,2035,194986430.0,21459.4,283383.5,2923403.2,198214690.0,187974581.0,121821780.0,3834997.2,30871212.0,0.036,0.054,0.12,93611.67,39188.2,11.3,0.2,0.02,1.8,86.6,0.01,11.4,4.4,15.7,8.2,0.2,0.02,1.1,62.5,0.01,8.3,3.0,11.2,18.5,0.4,0.04,2.2,139.6,0.01,18.6,6.4,24.9,232.5,4.4,0.45,27.5,1742.5,0.1,232.8,79.5,312.2,2555238.2,48.2,4.8,404001.1,19500.6,3.0,2557988.0,985945.5,3543933.5,20.57,15.61,0.0,36.18,21.81,16.77,0.0,38.58,590233.9,1151598.6,1741858.4,225250900.0,76392920.0,18068.6,581470.0,5474183.5,0.0,0.0,1524472.8,6635628.5,6265.4,138026.3,126586380.0,9193461.0,0.0,224494.2,15963466.0,58904980.0,0.0,19.4,117.9,0.0,0.0,1209.2,5538.3,1388.2,19.5,31733.4,1151.0,0.0,314.0,8087.7,0.0,16923.5,77.7,2512.0,0.0
MidCase,NorthernGrid_West,2040,214420690.0,3446.4,347054.7,3300713.2,218071900.0,206710103.9,122913650.0,6800811.0,34833720.0,0.036,0.054,0.12,117208.46,43287.4,12.2,0.2,0.02,1.9,93.3,0.01,12.3,4.6,16.9,5.7,0.1,0.01,0.8,43.0,0.0,5.7,2.1,7.8,29.5,0.6,0.06,3.5,222.5,0.01,29.5,10.1,39.6,222.7,4.2,0.42,26.3,1677.0,0.1,222.9,76.3,299.2,3012963.0,56.8,5.7,458072.4,22954.6,3.2,3016205.4,1143002.2,4159207.6,20.49,19.86,0.0,40.35,21.72,21.36,0.0,43.09,1691274.4,2594758.5,4286057.0,246104800.0,95158240.0,2923.9,581470.0,5943624.0,0.0,0.0,1527079.4,8105321.0,348.8,131612.6,126711630.0,9193461.0,0.0,276173.2,25821442.0,67809720.0,0.0,2.5,117.9,0.0,0.0,1216.2,6995.6,934.2,19.5,31733.4,1151.0,0.0,314.0,13412.9,0.0,19843.4,10.0,2512.0,0.0
MidCase,NorthernGrid_West,2045,232522140.0,3488.5,482763.9,3705591.5,236714020.0,224160727.9,128739900.0,11545681.0,38014080.0,0.036,0.054,0.12,108956.81,46963.4,14.8,0.3,0.03,2.1,112.8,0.01,14.9,5.5,20.4,4.4,0.1,0.01,0.6,33.5,0.0,4.4,1.6,6.0,31.8,0.6,0.06,3.8,239.7,0.01,31.8,10.9,42.7,222.8,4.2,0.42,26.3,1680.1,0.1,223.1,76.4,299.5,3905681.9,73.6,7.4,563529.6,29691.3,3.6,3909885.0,1449316.2,5359201.2,20.12,18.57,0.0,38.69,21.34,20.01,0.0,41.35,1876230.6,4266579.0,6142809.5,263182380.0,107974100.0,2957.5,581470.0,5100927.0,0.0,0.0,1574871.0,10745841.0,1694.9,0.0,129198360.0,9193461.0,0.0,383580.4,32406426.0,73992790.0,0.0,2.5,117.9,0.0,0.0,1256.7,8363.5,934.2,0.0,31741.5,1151.0,0.0,314.0,17155.0,0.0,21692.6,10.0,2512.0,0.0
MidCase,NorthernGrid_West,2050,249583570.0,444339.0,544049.5,4174867.2,254746800.0,240608726.2,130402350.0,14298950.0,40124944.0,0.036,0.054,0.12,110166.98,50377.6,16.3,0.3,0.03,2.3,123.8,0.01,16.3,6.0,22.3,4.0,0.1,0.01,0.6,30.5,0.0,4.0,1.5,5.5,28.8,0.5,0.05,3.4,217.0,0.01,28.8,9.9,38.7,223.7,4.2,0.42,26.4,1686.2,0.1,224.0,76.7,300.7,4574831.2,86.2,8.6,642576.5,34740.8,3.9,4579754.4,1678917.9,6258672.3,19.05,18.75,0.0,37.79,20.24,20.26,0.0,40.5,1928178.8,5295220.0,7223398.5,280572800.0,124344430.0,377307.6,581470.0,5913372.5,0.0,0.0,1692822.2,12463126.0,147789.8,0.0,127119550.0,9193461.0,0.0,432278.2,38142580.0,84509040.0,0.0,336.9,117.9,0.0,0.0,1351.6,8103.5,3940.2,0.0,31741.5,1151.0,0.0,314.0,20105.0,0.0,24554.5,1347.6,2512.0,0.0
MidCase,PJM_East,2025,729503100.0,4816832.5,5397795.5,4191594.5,743909300.0,703274034.9,654056450.0,2307391.5,4460236.0,0.0359,0.054,0.12,115287.24,166849.3,363.0,27.3,3.84,26.6,1869.9,0.22,364.8,82.4,447.2,382.4,28.8,4.05,27.9,1965.8,0.23,384.3,86.6,470.9,291.5,6.7,0.75,33.4,2612.5,0.13,291.9,111.3,403.2,626.2,41.8,5.9,47.9,3433.3,0.35,629.0,150.3,779.3,270804252.0,20350.1,2865.8,19827950.8,1395029.9,160.7,272193057.7,61443725.4,333636783.1,36.62,23.04,0.43,60.08,38.83,25.24,0.45,64.51,699.2,0.1,699.3,746062140.0,89852850.0,4102933.5,5811802.5,0.0,172159940.0,0.0,6405400.0,297722460.0,2528750.2,0.0,9139849.0,159425470.0,940743.2,4377366.0,46264416.0,37141896.0,41134.0,3022.9,1143.7,37922.3,0.0,4459.6,55245.4,21618.0,0.0,3160.5,19959.7,9042.1,5203.0,22939.4,12.0,11762.3,13811.5,41624.0,0.0
MidCase,PJM_East,2030,777558700.0,10381618.0,5399140.0,4955921.5,798295360.0,749600224.2,643564900.0,13683482.0,2037210.0,0.0359,0.054,0.12,115285.58,175313.0,267.1,13.6,1.83,25.9,1534.0,0.17,268.0,71.6,339.7,278.3,14.2,1.92,26.9,1594.2,0.17,279.2,74.4,353.7,240.9,4.8,0.5,28.3,1792.6,0.11,241.2,81.7,322.9,548.0,36.1,5.11,42.5,2545.6,0.32,550.5,118.5,669.0,210137797.1,10697.7,1440.5,20348805.0,1206753.6,130.5,210849852.0,56345698.5,267195550.5,30.66,22.3,0.47,53.44,32.56,24.56,0.49,57.61,49285.3,5933.8,55219.1,786649100.0,154730420.0,8849255.0,4394278.0,0.0,71365390.0,0.0,9387490.0,367643260.0,4504133.0,0.0,9455776.0,159425470.0,1912488.0,4368643.5,53260508.0,63044908.0,29037516.0,6768.4,951.3,31165.2,0.0,6510.4,60126.3,21115.2,0.0,3279.5,19959.7,7325.1,5203.0,26163.1,7861.2,17878.9,28793.6,41624.0,0.0
MidCase,PJM_East,2035,847549400.0,20891628.0,4638813.5,6603233.5,879682940.0,817072974.5,594878400.0,71062440.0,8716139.0,0.0359,0.054,0.12,115885.23,191851.3,155.9,3.0,0.31,20.4,1164.7,0.11,156.1,55.1,211.2,155.0,3.0,0.31,20.3,1156.5,0.11,155.2,54.8,210.0,195.4,3.8,0.39,23.1,1456.2,0.09,195.6,66.5,262.2,343.9,7.3,0.9,41.2,2369.2,0.22,344.4,111.9,456.2,127408177.3,2451.3,254.6,16663896.3,951916.7,92.0,127550736.3,45056117.2,172606853.4,31.13,21.19,0.0,52.32,33.15,23.51,0.0,56.66,80914.8,26970.4,107885.2,817336770.0,284804600.0,17851794.0,4394278.0,0.0,0.0,0.0,11187474.0,326772830.0,8211329.0,0.0,9455772.0,159425470.0,2648431.0,3772211.5,84069200.0,112831190.0,76716750.0,16786.0,951.3,0.0,0.0,7762.5,69408.8,21842.7,0.0,3279.5,19959.7,5883.3,5203.0,40386.0,20621.2,33170.1,68864.2,41624.0,0.0
MidCase,PJM_East,2040,922468740.0,23659388.0,4649238.0,8434528.0,959211900.0,889297656.4,624138800.0,100446050.0,23430316.0,0.0359,0.054,0.12,116098.5,208910.7,147.0,2.8,0.29,19.2,1104.0,0.1,147.2,52.1,199.3,141.3,2.7,0.28,18.5,1061.0,0.1,141.4,50.2,191.6,187.5,3.5,0.36,22.2,1413.2,0.08,187.7,64.3,252.0,322.2,6.5,0.73,38.3,2316.1,0.18,322.6,107.4,430.0,129673363.3,2475.1,253.4,16914155.0,973932.0,91.3,129816306.6,45962258.9,175778565.5,31.34,21.34,0.02,52.7,33.38,23.69,0.02,57.09,193771.8,99086.4,292858.2,882196160.0,335073100.0,20197498.0,4341244.5,0.0,0.0,0.0,12592203.0,342356640.0,5917300.0,0.0,9455728.0,159425470.0,1638476.6,3790760.0,93603730.0,134797620.0,94079530.0,20627.2,944.1,0.0,0.0,8747.7,80955.2,22082.7,0.0,3279.5,19959.7,5285.7,5203.0,44737.0,25146.2,39381.1,82508.7,41624.0,0.0
MidCase,PJM_East,2045,1000426100.0,33746012.0,4466958.0,9963592.0,1048602750.0,964452224.1,676635800.0,132300400.0,31302484.0,0.0359,0.054,0.12,129969.16,227469.6,142.7,2.7,0.28,18.5,1073.0,0.1,142.8,50.5,193.3,133.8,2.5,0.26,17.5,1006.3,0.09,133.9,47.5,181.4,154.4,2.9,0.3,18.2,1159.5,0.07,154.5,52.8,207.4,318.6,6.3,0.69,37.9,2320.8,0.17,319.0,107.1,426.1,135176368.3,2573.8,262.3,17560892.1,1016783.6,93.3,135324681.6,47886507.8,183211189.4,29.11,23.92,0.34,53.37,31.04,26.76,0.35,58.15,225717.6,205079.8,430797.4,947604800.0,371966880.0,28832404.0,4341244.5,0.0,0.0,0.0,15222478.0,363263360.0,5340805.5,0.0,9455776.0,159425470.0,1364898.2,3613934.5,119220200.0,142875500.0,94648700.0,30741.7,944.1,0.0,0.0,10590.7,87070.8,22211.0,0.0,3279.5,19959.7,4705.9,5203.0,56769.2,25146.2,41579.3,122966.7,41624.0,0.0
MidCase,PJM_East,2050,1069900400.0,34029796.0,4949681.5,10856803.0,1119736700.0,1031429456.0,721908900.0,156585000.0,38185732.0,0.0359,0.054,0.12,129282.86,245620.7,138.3,2.6,0.26,18.1,1044.9,0.1,138.4,49.2,187.7,127.4,2.4,0.24,16.8,963.1,0.09,127.6,45.5,173.1,143.7,2.7,0.28,17.1,1080.5,0.07,143.9,49.4,193.2,316.5,6.1,0.65,37.5,2342.7,0.15,316.8,107.4,424.2,138482304.7,2619.8,263.9,18084945.7,1046308.9,96.6,138632411.0,49291320.1,187923731.1,26.77,24.05,0.55,51.37,28.56,26.92,0.55,56.03,401014.7,540617.8,941632.4,1001337500.0,397827780.0,29053292.0,4341244.5,0.0,0.0,0.0,18618644.0,371955620.0,8414265.0,0.0,9455776.0,175753300.0,542974.2,3993194.5,129485970.0,154830190.0,94892984.0,28368.2,944.1,0.0,0.0,12978.7,90585.3,33923.1,0.0,3279.5,22003.9,2200.3,5203.0,61478.4,25146.2,45152.9,113472.9,41624.0,0.0
MidCase,PJM_West,2025,108721384.0,2233845.5,0.0,132607.1,111087830.0,104813044.6,101438230.0,1024167.5,19964128.0,0.0359,0.0539,0.12,116292.97,26283.5,76.0,1.4,0.15,15.4,722.3,0.18,76.0,37.0,113.0,86.6,1.9,0.2,16.6,805.0,0.18,86.7,40.6,127.3,316.8,12.1,1.58,32.3,2423.7,0.17,317.6,104.6,422.2,615.8,39.7,5.54,47.8,3577.4,0.31,618.5,154.5,773.0,9876345.9,187.0,18.9,1999537.5,93925.5,22.9,9887072.6,4804780.9,14691853.6,33.74,25.97,0.1,59.8,35.98,28.73,0.08,64.79,0.0,0.0,0.0,130027790.0,9649597.0,1908960.2,388265.3,0.0,0.0,0.0,176160.6,21285432.0,3334834.0,0.0,178472.8,93222180.0,60059.0,0.0,3173194.2,6300242.0,0.0,2205.0,83.0,0.0,0.0,119.7,6502.8,8146.7,0.0,59.1,11671.2,401.5,0.0,1503.6,0.0,1959.0,8820.0,0.0,0.0
MidCase,PJM_West,2030,117765656.0,2360469.2,0.0,168259.8,120294380.0,113531812.1,96371430.0,2030525.2,24383888.0,0.0359,0.054,0.12,116293.06,27740.6,64.7,1.2,0.12,13.5,500.8,0.16,64.8,28.5,93.3,69.4,1.3,0.14,14.0,534.1,0.16,69.5,30.0,99.5,191.6,6.9,0.9,19.9,1219.1,0.1,192.0,56.3,248.3,490.2,25.5,3.46,43.5,2750.6,0.24,491.9,125.5,617.4,9234826.5,174.9,17.6,1923710.4,71434.1,22.7,9244855.6,4058633.2,13303488.7,24.37,25.03,0.22,49.61,25.97,27.63,0.19,53.78,44.3,0.0,44.3,142647760.0,23922960.0,2018027.0,388265.3,0.0,0.0,0.0,276630.3,19459562.0,3401957.5,0.0,178472.8,93222180.0,56343.4,0.0,6423523.0,17222808.0,0.0,2205.0,83.0,0.0,0.0,187.8,6502.8,8150.2,0.0,59.1,11671.2,52.7,0.0,3012.5,0.0,4765.5,8820.0,0.0,0.0
MidCase,PJM_West,2035,133569050.0,5160869.5,0.0,323445.8,139053360.0,128766691.1,112619750.0,10672467.0,15971426.0,0.0359,0.054,0.12,135560.43,30031.3,54.4,1.0,0.1,12.2,422.8,0.15,54.4,24.8,79.3,53.8,1.0,0.1,12.0,417.7,0.15,53.8,24.4,78.3,152.1,3.0,0.33,18.1,1107.1,0.08,152.3,51.1,203.4,310.4,6.3,0.73,37.0,2212.6,0.18,310.8,103.0,413.8,7849328.6,148.6,15.0,1759896.9,61036.2,22.0,7857842.8,3584791.0,11442633.8,23.15,27.37,0.0,50.52,24.84,30.71,0.0,55.54,494016.0,66202.1,560218.1,144352320.0,26433614.0,4412012.0,388265.3,0.0,0.0,0.0,606603.5,17338318.0,2337967.0,0.0,178472.8,93222180.0,41506.5,0.0,6398316.5,19428694.0,0.0,4153.6,83.0,0.0,0.0,413.2,6502.8,8152.1,0.0,59.1,11671.2,52.7,0.0,3012.5,0.0,5491.5,16614.3,0.0,0.0
MidCase,PJM_West,2040,145841920.0,7390228.0,0.0,443748.0,153675890.0,140598110.2,125492250.0,21962664.0,16469661.0,0.0359,0.054,0.12,134942.36,33169.7,53.1,1.0,0.1,11.9,413.0,0.15,53.2,24.2,77.4,48.7,0.9,0.09,10.6,377.6,0.13,48.7,21.9,70.6,134.0,2.6,0.28,15.9,989.6,0.06,134.1,45.4,179.5,295.7,6.0,0.67,35.2,2128.9,0.16,296.0,98.7,394.7,7871606.0,149.0,15.0,1762530.6,61203.4,22.0,7880144.5,3592412.4,11472557.0,24.92,26.83,0.0,51.75,26.82,30.39,0.0,57.21,351061.6,17631.7,368693.4,148182900.0,28183636.0,6323304.0,388265.3,0.0,0.0,0.0,1138139.0,17729304.0,2116071.2,0.0,178472.8,93222180.0,41667.9,0.0,6503530.5,20541966.0,0.0,6618.8,83.0,0.0,0.0,773.7,6502.8,8146.1,0.0,59.1,11671.2,52.7,0.0,3012.5,0.0,5707.5,26475.2,0.0,0.0
MidCase,PJM_West,2045,157731800.0,13224030.0,0.0,707899.6,171663740.0,152060434.7,134376640.0,45459964.0,22467812.0,0.0359,0.054,0.12,144126.49,35841.2,16.2,0.3,0.03,7.5,135.3,0.13,16.2,11.6,27.8,17.9,0.3,0.03,6.6,146.0,0.11,18.0,11.0,29.0,66.0,1.3,0.13,7.8,489.8,0.03,66.0,22.4,88.5,275.8,5.4,0.58,32.7,2026.5,0.14,276.2,93.2,369.3,2406059.1,45.3,4.5,1116474.8,20121.7,19.6,2408648.4,1721460.9,4130109.3,23.85,27.36,0.0,51.21,25.99,32.01,0.0,58.0,248429.8,3308.7,251738.5,148671580.0,37287100.0,11316075.0,388265.3,0.0,0.0,0.0,2018193.8,5935224.5,344278.0,0.0,178472.8,93222180.0,0.0,0.0,10814762.0,24454144.0,0.0,12723.0,83.0,0.0,0.0,1368.3,2168.8,957.8,0.0,59.1,11671.2,0.0,0.0,4952.9,0.0,6665.0,50891.9,0.0,0.0
MidCase,PJM_West,2050,167146640.0,16155773.0,0.0,783088.8,184085500.0,161136832.2,140168030.0,55997570.0,22626100.0,0.0359,0.054,0.12,139952.56,37883.1,16.3,0.3,0.03,7.0,134.9,0.12,16.3,11.1,27.4,19.8,0.4,0.04,6.3,158.5,0.1,19.8,11.0,30.8,39.8,0.8,0.08,4.7,296.7,0.02,39.9,13.6,53.4,278.3,5.4,0.56,33.0,2067.3,0.13,278.6,94.6,373.2,2454286.7,46.3,4.6,1058794.1,20335.0,18.2,2456927.9,1669748.8,4126676.6,22.55,26.24,0.0,48.8,24.64,31.08,0.0,55.73,46156.9,967.6,47124.5,150714030.0,43917470.0,13819293.0,388265.3,0.0,0.0,0.0,3042716.8,6010594.0,382372.0,0.0,178472.8,86017560.0,0.0,0.0,15361958.0,25512798.0,0.0,14668.8,83.0,0.0,0.0,2062.5,2168.8,957.8,0.0,59.1,10769.2,0.0,0.0,6988.4,0.0,6850.0,58675.1,0.0,0.0
MidCase,SERTP,2025,652517760.0,1963278.8,6277194.0,639630.0,661397800.0,629056647.7,618302400.0,2611146.5,3121473.5,0.0359,0.054,0.12,126448.17,146035.0,361.2,32.9,4.72,22.3,1432.1,0.25,363.5,65.1,428.6,379.9,34.7,4.96,23.5,1504.9,0.26,382.3,68.4,450.7,502.1,28.3,3.89,42.6,3217.4,0.25,504.0,138.6,642.6,636.8,42.9,6.08,48.5,3421.3,0.37,639.8,150.6,790.4,239079072.1,21797.1,3121.7,14791415.0,947925.9,162.5,240580840.4,43083973.6,283664814.0,38.37,25.71,0.0,64.09,40.68,28.05,0.0,68.73,0.0,109.4,109.4,661908160.0,43095424.0,1676797.6,4098943.2,0.0,182253300.0,0.0,2501176.8,156006480.0,2111438.5,0.0,33546214.0,233058610.0,970508.5,5090475.5,39144964.0,1449286.1,0.0,1540.2,631.6,32078.1,0.0,1637.9,40915.4,26815.4,0.0,12077.7,29178.4,5077.2,6475.7,18332.4,0.0,516.1,6160.8,51805.6,0.0
MidCase,SERTP,2030,699584600.0,7771710.5,5986598.0,875571.4,714218430.0,674431152.7,642760000.0,9377944.0,3060452.2,0.0359,0.054,0.12,126468.0,156064.3,270.0,18.5,2.59,22.8,1291.1,0.19,271.2,61.4,332.6,283.3,19.5,2.72,24.0,1354.3,0.2,284.6,64.4,349.0,296.5,8.3,0.99,32.6,2073.9,0.13,297.0,94.4,391.5,463.8,30.9,4.34,35.3,2187.2,0.25,465.9,100.5,566.4,191125286.3,13123.8,1831.6,16170277.0,913988.3,136.7,192016393.4,43444454.4,235460847.9,32.4,25.24,0.0,57.64,34.38,27.71,0.0,62.1,168.3,54.3,222.6,707900900.0,71458430.0,6630690.0,4254640.5,0.0,102930210.0,0.0,5159188.5,245799730.0,2582082.2,0.0,35572470.0,233058610.0,749423.7,4864649.5,55252532.0,11046717.0,0.0,5725.3,652.7,26946.1,0.0,3387.1,49596.9,26956.9,0.0,12676.8,29178.4,4189.2,6475.7,25468.9,0.0,3468.7,22901.3,51805.6,0.0
MidCase,SERTP,2035,784413250.0,33926170.0,11348092.0,3187920.8,832875460.0,756210335.1,475187870.0,34893884.0,28275012.0,0.0359,0.054,0.12,108131.61,172226.5,71.8,1.4,0.14,11.1,543.8,0.09,71.9,27.4,99.2,78.3,1.5,0.15,12.1,592.8,0.1,78.4,29.8,108.2,107.6,2.2,0.26,12.8,762.6,0.06,107.7,35.6,143.3,245.0,5.0,0.56,29.2,1760.1,0.14,245.3,81.7,327.0,59321236.9,1131.0,115.6,9208429.5,449293.0,73.8,59386493.7,22617504.3,82003998.0,30.95,19.46,0.0,50.41,33.39,22.12,0.0,55.51,1988262.4,3580535.2,5568798.0,826256600.0,357687580.0,28918474.0,3908450.0,0.0,0.0,0.0,7213030.5,154207070.0,3036980.0,0.0,35529670.0,233058610.0,777846.4,9131889.0,202562350.0,147912210.0,0.0,22557.2,605.7,0.0,0.0,4779.3,49476.9,26337.3,0.0,12676.8,29178.4,3258.9,6475.7,94577.1,0.0,48248.1,90228.9,51805.6,0.0
MidCase,SERTP,2040,867388740.0,50370572.0,12536957.0,4361777.0,934657900.0,836202509.2,475022270.0,44371364.0,38908028.0,0.0359,0.054,0.12,109755.17,192249.8,57.5,1.1,0.11,9.2,438.2,0.08,57.6,22.2,79.8,64.3,1.2,0.12,10.2,489.7,0.08,64.4,24.8,89.2,126.9,2.4,0.24,15.0,953.3,0.06,127.0,43.4,170.4,222.0,4.3,0.46,26.3,1637.4,0.11,222.3,75.1,297.4,53453434.9,1012.1,102.1,8509758.7,407200.5,70.5,53511465.9,20663587.4,74175053.3,30.29,19.57,0.0,49.86,32.9,22.58,0.0,55.48,4867971.5,9380232.0,14248203.0,929194700.0,459635780.0,42940610.0,3908450.0,0.0,0.0,0.0,8402041.0,141833300.0,2013546.2,0.0,35428776.0,233058610.0,282336.4,10093304.0,255590050.0,195643650.0,0.0,33785.6,605.7,0.0,0.0,5597.6,51950.2,26337.3,0.0,12676.8,29178.4,2476.7,6475.7,120373.2,0.0,64353.1,135142.4,51805.6,0.0
MidCase,SERTP,2045,949827800.0,60112470.0,13827373.0,5510244.5,1029277900.0,915678345.2,479822430.0,57588504.0,56686050.0,0.0359,0.054,0.12,116694.13,213091.2,51.6,1.0,0.1,8.2,393.9,0.07,51.7,20.0,71.7,58.1,1.1,0.11,9.2,443.2,0.08,58.2,22.4,80.6,118.0,2.2,0.23,14.0,888.2,0.05,118.2,40.4,158.6,181.9,3.5,0.37,21.5,1345.6,0.09,182.1,61.7,243.7,53112284.3,1003.7,100.9,8429898.2,405087.9,70.0,53169736.2,20520639.6,73690375.8,26.62,20.78,0.0,47.4,29.09,24.11,0.0,53.2,11132428.0,19738712.0,30871140.0,1028375400.0,549455400.0,51252204.0,3319189.2,0.0,0.0,0.0,10258293.0,142469550.0,2204074.8,0.0,35319344.0,233058610.0,165440.4,11131553.0,313654660.0,225542480.0,0.0,39602.5,525.7,0.0,0.0,6878.6,57619.4,34683.8,0.0,12676.8,29178.4,1865.8,6475.7,150172.4,0.0,75150.0,158410.1,51805.6,0.0
MidCase,SERTP,2050,1024535700.0,90870540.0,12906209.0,6889375.0,1135201700.0,987701206.9,502474850.0,75790630.0,72966640.0,0.0359,0.054,0.12,114668.16,232882.2,44.9,0.8,0.08,7.2,343.2,0.06,45.0,17.5,62.4,51.6,1.0,0.1,8.2,394.4,0.07,51.7,20.0,71.7,97.4,1.8,0.19,11.5,731.4,0.04,97.5,33.3,130.8,178.7,3.4,0.35,21.1,1336.8,0.08,178.9,61.0,239.9,50866659.9,959.4,96.1,8162895.8,388652.4,68.9,50921482.4,19763547.8,70685030.2,24.09,20.2,0.0,44.29,26.63,23.97,0.0,50.6,13214776.0,28831226.0,42046004.0,1132377700.0,632726850.0,77470460.0,3305931.0,0.0,0.0,0.0,13360103.0,138902320.0,1228251.9,0.0,35246868.0,233058610.0,48716.4,10389722.0,379541440.0,239825310.0,0.0,60997.5,523.9,0.0,0.0,8921.6,62406.9,35713.7,0.0,12676.8,29178.4,560.3,6475.7,182806.8,0.0,80037.2,243990.1,51805.6,0.0
MidCase,SPP_North,2025,57102880.0,2507.8,0.0,679314.8,57784704.0,55049471.5,17564756.0,2341285.8,16565374.0,0.0359,0.054,0.12,23529.29,12809.3,228.0,25.5,3.7,8.5,552.7,0.13,229.7,25.0,254.7,243.0,27.2,3.95,9.2,591.5,0.14,244.9,26.9,271.8,590.7,55.8,8.05,29.7,2115.6,0.31,594.5,92.8,687.4,827.2,81.3,11.76,38.7,2738.4,0.43,832.8,120.4,953.2,16416341.1,1837.2,266.8,609864.4,39802.5,9.3,16543918.3,1798513.2,18342431.4,29.26,4.69,0.0,33.95,31.03,5.08,0.0,36.11,83876.4,688.5,84564.9,72008790.0,40219948.0,2141.5,50348.1,120851.4,15566342.0,0.0,56547.3,878329.2,378323.7,0.0,8633055.0,6150273.5,9179.5,0.0,580631.0,39582772.0,0.0,1.7,11.0,8315.7,0.0,34.1,678.8,3864.6,0.0,2431.1,770.0,441.2,0.0,275.3,0.0,10960.1,6.8,0.0,0.0
MidCase,SPP_North,2030,64134456.0,2786.9,0.0,832040.4,64969290.0,61828089.0,14023832.0,7125590.5,15182712.0,0.0359,0.054,0.12,23517.05,13374.0,91.0,9.6,1.39,4.4,249.5,0.06,91.6,11.8,103.5,103.2,10.9,1.57,5.0,283.5,0.07,104.0,13.4,117.4,461.8,42.2,6.06,24.5,1579.6,0.24,464.7,71.6,536.4,526.1,46.2,6.63,29.6,1895.7,0.27,529.3,86.2,615.5,6643260.7,699.7,101.2,319629.6,18218.2,4.5,6691738.3,863752.6,7555490.9,20.11,4.53,0.0,24.63,21.33,4.88,0.0,26.21,4939616.0,88740.2,5028356.0,73026410.0,50945452.0,2373.7,50348.1,109103.3,5867818.5,0.0,75606.4,1038880.7,486234.6,0.0,8368721.0,6150273.5,7201.1,0.0,2354596.8,48515250.0,0.0,1.7,11.0,5623.7,0.0,48.1,678.8,3452.9,0.0,2583.1,770.0,53.1,0.0,1053.9,0.0,12970.5,6.8,0.0,0.0
MidCase,SPP_North,2035,74613520.0,189505.3,0.0,1535177.9,76338210.0,71929850.4,2075762.6,13718186.0,27776618.0,0.036,0.054,0.12,104203.1,14881.9,9.8,0.2,0.02,1.8,74.7,0.02,9.8,4.0,13.8,11.8,0.2,0.02,2.1,90.2,0.02,11.8,4.8,16.6,101.8,2.1,0.24,12.1,724.2,0.06,101.9,33.7,135.7,228.5,4.6,0.51,27.2,1651.0,0.12,228.8,76.4,305.2,883833.0,16.8,1.7,160020.4,6756.6,1.6,884802.1,361811.2,1246613.3,18.21,25.98,0.0,44.19,19.31,27.87,0.0,47.17,13413038.0,639678.1,14052717.0,90396640.0,74262440.0,161005.6,50348.1,102747.5,0.0,0.0,105705.0,851190.2,981601.8,0.0,7826402.5,6150273.5,10626.7,0.0,7869105.0,66287628.0,0.0,132.9,11.0,0.0,0.0,71.4,685.5,3620.6,0.0,2609.1,770.0,51.1,0.0,3583.1,0.0,19504.2,531.6,0.0,0.0
MidCase,SPP_North,2040,82424530.0,1142432.9,0.0,1695501.8,85262456.0,79459978.3,1728807.8,16084861.0,30807162.0,0.036,0.054,0.12,107633.26,16447.5,7.1,0.1,0.01,1.4,54.7,0.02,7.1,3.0,10.2,8.6,0.2,0.02,1.7,66.2,0.02,8.6,3.6,12.3,82.3,1.6,0.17,9.8,612.0,0.04,82.4,28.0,110.4,212.3,4.1,0.44,25.2,1568.3,0.1,212.6,71.9,284.5,712360.3,13.5,1.4,139735.5,5474.0,1.5,713140.2,303284.7,1016424.8,17.94,25.78,0.0,43.71,19.1,27.93,0.0,47.03,14885523.0,2299842.5,17185366.0,99984760.0,83533650.0,975606.1,50348.1,101028.5,0.0,0.0,156090.0,755914.3,746652.3,0.0,7663411.0,6150273.5,7872.7,0.0,12527714.0,70849850.0,0.0,835.5,11.0,0.0,0.0,103.3,690.5,3654.4,0.0,2609.1,770.0,51.1,0.0,6175.1,0.0,20565.9,3342.1,0.0,0.0
MidCase,SPP_North,2045,89300220.0,1162488.6,0.0,1855440.2,92318150.0,86088517.8,-344465.4,17575090.0,34303372.0,0.036,0.054,0.12,93986.81,18039.1,6.2,0.1,0.01,1.2,47.7,0.01,6.2,2.7,8.9,7.6,0.1,0.01,1.5,58.6,0.02,7.6,3.3,10.9,64.9,1.2,0.13,7.7,484.9,0.03,65.0,22.1,87.1,201.3,3.9,0.41,23.8,1491.5,0.1,201.5,68.3,269.8,675868.0,12.8,1.3,135412.6,5203.5,1.5,676606.6,290893.6,967500.2,17.2,22.23,0.0,39.43,18.3,24.11,0.0,42.42,18173630.0,2484552.2,20658182.0,109046424.0,92662616.0,991506.4,50348.1,100235.4,0.0,0.0,249074.7,737798.0,700943.2,0.0,7646048.0,6150273.5,6664.1,0.0,12477924.0,79935620.0,0.0,835.5,11.0,0.0,0.0,161.6,690.5,3723.0,0.0,2609.1,770.0,51.1,0.0,6175.1,0.0,23320.6,3342.1,0.0,0.0
MidCase,SPP_North,2050,94898470.0,1012198.2,0.0,1958605.4,97869280.0,91485609.3,-2231053.5,18736222.0,37170500.0,0.036,0.054,0.12,94795.43,19488.0,5.8,0.1,0.01,1.2,45.1,0.01,5.9,2.5,8.4,3.5,0.1,0.01,0.4,26.4,0.0,3.5,1.2,4.7,31.5,0.6,0.06,3.7,236.2,0.01,31.6,10.8,42.3,196.8,3.8,0.39,23.3,1468.2,0.09,197.0,67.1,264.1,679904.9,12.9,1.3,135874.9,5239.7,1.5,680645.5,292436.3,973081.8,16.29,22.23,0.0,38.53,17.32,24.02,0.0,41.34,21266956.0,2630376.0,23897332.0,116303550.0,100100330.0,863877.0,50348.1,97600.7,0.0,0.0,382377.6,730892.4,715604.1,0.0,7589301.5,6150273.5,5326.4,0.0,13070204.0,86647750.0,0.0,719.1,11.0,0.0,0.0,247.5,690.5,3764.3,0.0,2609.1,770.0,24.1,0.0,6439.1,0.0,25613.4,2876.5,0.0,0.0
MidCase,SPP_South,2025,221456690.0,468144.9,928362.2,1936988.0,224790180.0,213495237.1,85897700.0,5400702.0,12069674.0,0.0359,0.0539,0.12,24050.53,51933.8,258.3,23.7,3.42,14.2,950.8,0.15,260.0,42.6,302.6,280.8,25.8,3.73,15.4,1029.0,0.16,282.6,46.1,328.7,536.4,42.4,6.14,35.7,2316.1,0.34,539.3,104.9,644.2,713.3,62.2,9.01,41.6,2765.1,0.42,717.6,124.1,841.8,59797408.2,5480.3,792.0,3291684.7,220079.9,35.2,60176947.4,9859662.7,70036610.1,31.44,5.15,0.0,36.58,33.44,5.62,0.0,39.06,6779011.0,553233.4,7332245.0,231459150.0,138892480.0,396978.6,117173.8,0.0,43692056.0,0.0,433990.0,30166970.0,1212400.2,0.0,3390220.5,9784525.0,3067975.0,738375.4,9767289.0,128691200.0,0.0,311.1,25.6,13966.8,0.0,258.6,11232.1,8892.1,0.0,1513.3,1225.0,9668.7,444.0,3886.7,0.0,36705.1,1244.4,3552.0,0.0
MidCase,SPP_South,2030,240584220.0,469292.4,876281.6,2566663.0,244496460.0,231934478.0,44371424.0,10833175.0,19973422.0,0.0359,0.054,0.12,24046.87,54938.9,96.6,6.9,0.99,7.4,410.4,0.07,97.0,19.7,116.7,107.1,7.7,1.11,8.2,451.6,0.07,107.6,21.6,129.3,370.8,29.4,4.25,24.6,1409.0,0.23,372.9,66.6,439.5,435.6,32.3,4.66,30.9,1762.0,0.28,437.8,83.5,521.4,24494119.2,1749.1,250.9,1884897.2,104100.6,17.1,24614739.4,4991770.6,29606510.0,20.78,4.39,0.0,25.17,22.12,4.76,0.0,26.88,18980550.0,4763806.0,23744356.0,253636700.0,200125040.0,399497.6,117173.8,0.0,12922326.0,0.0,752244.5,22839138.0,937467.6,0.0,3301875.5,9784525.0,2509666.2,700002.4,51597416.0,147775380.0,0.0,311.1,25.6,5507.5,0.0,454.6,10710.3,7610.5,0.0,1513.3,1225.0,7264.3,444.0,22023.3,0.0,39813.8,1244.4,3552.0,0.0
MidCase,SPP_South,2035,273278340.0,845086.8,958369.2,3578268.5,278660060.0,263452334.7,-1051962.2,34357604.0,66117030.0,0.0359,0.054,0.12,71345.46,59694.8,22.6,0.5,0.06,3.0,153.8,0.02,22.6,7.6,30.2,26.4,0.6,0.07,3.5,181.6,0.03,26.4,9.0,35.4,79.4,1.8,0.24,9.6,519.2,0.06,79.5,25.1,104.6,218.8,4.5,0.52,26.1,1553.3,0.13,219.1,72.4,291.5,7008627.4,152.6,19.2,930135.8,47728.2,6.7,7018406.3,2354276.9,9372683.2,18.92,10.96,0.0,29.88,20.14,11.78,0.0,31.92,35171310.0,12892519.0,48063830.0,310419500.0,279712030.0,717995.7,117173.8,0.0,0.0,0.0,1169610.6,13769362.0,1111059.0,0.0,3286734.5,9784525.0,1150216.0,770402.4,72623540.0,205918860.0,0.0,511.2,25.6,0.0,0.0,708.4,10428.3,7565.2,0.0,1540.3,1225.0,6332.8,444.0,33205.6,0.0,57333.4,2044.8,3552.0,0.0
MidCase,SPP_South,2040,304102050.0,3517913.5,954273.9,3945955.5,312520200.0,293167662.8,-10978803.0,32422916.0,73454090.0,0.0359,0.054,0.12,83380.66,65583.7,15.7,0.3,0.04,2.1,110.7,0.02,15.7,5.4,21.2,19.2,0.4,0.05,2.6,136.3,0.02,19.2,6.7,25.9,86.1,1.8,0.21,10.3,607.9,0.05,86.2,28.4,114.6,203.2,4.0,0.44,24.1,1482.7,0.1,203.5,68.3,271.8,5556748.3,116.2,13.8,752634.8,39151.7,5.3,5563973.3,1920811.6,7484784.9,17.98,12.39,0.0,30.37,19.22,13.4,0.0,32.62,55297012.0,19979724.0,75276740.0,353551360.0,323499000.0,2995092.2,117173.8,0.0,0.0,0.0,1523149.9,11752811.0,740846.6,0.0,3252085.5,9784525.0,643992.8,765839.6,87519540.0,234456320.0,0.0,2291.6,25.6,0.0,0.0,926.7,10434.2,7166.6,0.0,1540.3,1225.0,5937.4,444.0,41496.3,0.0,67562.7,9166.3,3552.0,0.0
MidCase,SPP_South,2045,330939680.0,5751345.0,928828.2,4415172.0,342035000.0,319040388.2,-19748036.0,39819424.0,89353680.0,0.0359,0.054,0.12,79384.19,72361.4,11.9,0.2,0.03,1.6,84.6,0.01,11.9,4.2,16.0,14.7,0.3,0.03,2.0,105.4,0.01,14.7,5.2,19.9,69.6,1.4,0.16,8.3,500.1,0.04,69.7,23.2,92.9,189.1,3.7,0.41,22.5,1379.7,0.1,189.3,63.6,252.9,4640885.8,95.4,11.1,642167.7,33144.6,4.6,4646748.5,1631143.7,6277892.3,16.31,12.04,0.0,28.36,17.47,13.1,0.0,30.57,63394060.0,24204792.0,87598856.0,391569280.0,361783040.0,4888571.5,117173.8,0.0,0.0,0.0,2203580.8,10006415.0,619344.0,0.0,3180938.2,9784525.0,442377.0,746875.0,102448320.0,257131170.0,0.0,3833.2,25.6,0.0,0.0,1337.1,10321.0,7115.2,0.0,1540.3,1225.0,4327.2,444.0,48724.9,0.0,74255.3,15332.7,3552.0,0.0
MidCase,SPP_South,2050,352964900.0,7182587.0,930850.8,4712242.0,365790560.0,340274028.7,-26830542.0,44204880.0,100489660.0,0.0359,0.054,0.12,74813.85,78983.6,9.2,0.2,0.02,1.3,68.4,0.01,9.3,3.3,12.6,11.8,0.2,0.02,1.7,87.7,0.01,11.8,4.3,16.1,63.9,1.2,0.13,7.6,472.2,0.03,64.0,21.7,85.6,176.8,3.4,0.35,20.9,1316.8,0.08,177.0,60.2,237.2,3903423.2,76.6,8.2,551777.2,28880.1,3.9,3907950.3,1413470.0,5321420.4,14.64,11.45,0.0,26.1,15.73,12.49,0.0,28.23,75607020.0,35712844.0,111319860.0,422075360.0,392621120.0,6119941.5,117173.8,0.0,0.0,0.0,3118454.5,8806899.0,561990.2,0.0,3147998.8,9784525.0,169040.5,746672.6,114627070.0,274875600.0,0.0,4959.6,25.6,0.0,0.0,1893.6,10276.9,6927.8,0.0,1540.3,1225.0,1541.1,444.0,57472.9,0.0,80337.2,19838.6,3552.0,0.0
MidCase,WestConnect_North,2025,74641430.0,459038.6,563484.3,394987.3,76058940.0,71956873.4,27323290.0,1037438.2,4372858.0,0.036,0.054,0.12,33089.87,14495.2,303.2,33.0,4.78,11.2,805.3,0.15,305.5,35.2,340.7,327.0,35.5,5.15,12.1,871.1,0.16,329.5,38.1,367.6,675.1,67.1,9.67,30.5,2247.0,0.33,679.7,97.6,777.3,892.2,91.9,13.28,37.5,2724.7,0.44,898.6,118.8,1017.4,24072100.5,2617.4,379.3,888524.6,63936.5,11.8,24253658.6,2797048.2,27050706.8,30.73,5.57,0.0,36.3,32.61,6.02,0.0,38.63,36911.9,256.0,37167.9,79394360.0,48735652.0,391065.6,193828.7,0.0,22820798.0,0.0,1756016.8,4220201.5,3766.1,0.0,2570388.8,0.0,0.0,458659.8,8524890.0,38454748.0,0.0,411.5,28.7,6596.5,0.0,1004.0,3247.6,3177.5,0.0,940.9,0.0,520.4,580.8,3348.0,0.0,10756.4,1645.9,4646.4,0.0
MidCase,WestConnect_North,2030,84926330.0,599481.5,917193.5,680242.3,87123240.0,81871591.5,12582824.0,5420646.5,7819242.5,0.036,0.054,0.12,33094.18,16630.2,78.6,6.3,0.89,5.0,326.7,0.04,79.0,14.8,93.8,96.6,8.0,1.14,5.9,384.7,0.05,97.1,17.4,114.5,106.4,6.6,0.91,8.4,544.5,0.05,106.8,24.6,131.5,590.4,53.7,7.7,31.3,2063.5,0.29,594.1,92.9,687.0,7037955.1,560.9,79.4,448529.6,29242.7,3.3,7076337.0,1320872.4,8397209.4,23.87,5.31,0.0,29.17,25.44,5.75,0.0,31.19,3196775.5,19738.2,3216513.8,89521840.0,74540420.0,512315.3,158473.1,0.0,4637811.0,0.0,2512735.5,6240250.5,211927.6,0.0,2481633.8,0.0,490.9,738518.6,8610224.0,63417460.0,0.0,411.5,23.9,1487.8,0.0,1442.6,3153.6,1577.6,0.0,940.9,0.0,15.4,580.8,3348.0,0.0,16296.2,1645.9,4646.4,0.0
MidCase,WestConnect_North,2035,104410870.0,1002969.8,1228805.9,1104044.6,107746690.0,100654980.2,2104965.5,13825850.0,20346404.0,0.036,0.054,0.12,95981.41,20780.1,14.9,0.3,0.03,1.8,112.2,0.01,14.9,5.1,20.0,17.9,0.3,0.03,2.2,135.0,0.01,17.9,6.2,24.2,63.2,1.2,0.13,7.5,469.2,0.03,63.2,21.5,84.7,235.2,4.6,0.48,27.9,1737.5,0.11,235.4,79.7,315.1,1699036.6,32.0,3.2,206111.7,12823.5,0.8,1700866.8,588459.8,2289326.7,22.13,14.82,0.0,36.95,23.69,16.05,0.0,39.74,10094097.0,906952.9,11001050.0,114267250.0,105641730.0,854180.4,158473.1,0.0,0.0,0.0,2875155.0,4012813.2,174595.8,0.0,2437601.0,0.0,965.2,986891.6,17447380.0,85319190.0,0.0,617.4,23.9,0.0,0.0,1662.8,3153.6,1577.6,0.0,940.9,0.0,15.4,580.8,7082.7,0.0,23232.2,2469.5,4646.4,0.0
MidCase,WestConnect_North,2040,113585420.0,4049836.0,1479183.0,1229965.4,120344424.0,109499614.0,2669697.0,15697054.0,23074942.0,0.036,0.054,0.12,119334.93,23231.2,8.9,0.2,0.02,1.1,67.0,0.0,8.9,3.1,12.0,11.5,0.2,0.02,1.4,86.7,0.01,11.5,4.0,15.5,69.3,1.3,0.13,8.2,519.4,0.03,69.4,23.7,93.0,199.1,3.8,0.4,23.6,1483.3,0.09,199.3,67.8,267.1,1133239.3,21.4,2.1,139265.4,8557.2,0.5,1134459.2,394411.2,1528870.4,19.31,18.56,0.0,37.87,20.98,20.69,0.0,41.67,12607380.0,2041186.0,14648566.0,127722300.0,117674710.0,3458858.5,158473.1,0.0,0.0,0.0,2919665.0,2686459.2,135039.4,0.0,2418695.8,0.0,223.2,1189836.5,27261206.0,87493850.0,0.0,2497.3,23.9,0.0,0.0,1691.0,3153.6,2298.0,0.0,940.9,0.0,15.4,580.8,11316.1,0.0,24003.7,9989.3,4646.4,0.0
MidCase,WestConnect_North,2045,125035816.0,4084092.0,1495938.1,1403621.1,132019470.0,120538042.9,3947545.5,19533920.0,25194606.0,0.036,0.054,0.12,79941.68,26037.1,6.9,0.1,0.01,0.8,52.3,0.0,6.9,2.4,9.3,9.1,0.2,0.02,1.1,69.0,0.0,9.2,3.2,12.3,81.3,1.5,0.16,9.6,611.1,0.04,81.3,27.8,109.2,184.4,3.5,0.37,21.8,1374.7,0.09,184.6,62.8,247.4,953674.8,18.0,1.8,116519.9,7200.9,0.4,954701.3,331225.1,1285926.4,17.78,12.69,0.0,30.46,19.31,14.09,0.0,33.4,16272221.0,1606434.2,17878656.0,137680160.0,128071920.0,3484888.5,121644.3,0.0,0.0,0.0,3282142.2,2292662.0,98974.5,0.0,2409811.2,0.0,82.8,1200168.0,28481428.0,96308350.0,0.0,2497.3,18.9,0.0,0.0,1900.8,3098.6,2298.0,0.0,940.9,0.0,15.4,580.8,11511.3,0.0,26570.7,9989.3,4646.4,0.0
MidCase,WestConnect_North,2050,135514500.0,6039867.5,1370903.9,1556043.6,144481310.0,130639832.3,5062592.5,21208336.0,26588888.0,0.036,0.054,0.12,98998.99,28457.4,4.7,0.1,0.01,0.6,35.2,0.0,4.7,1.6,6.3,6.2,0.1,0.01,0.8,47.1,0.0,6.2,2.2,8.4,106.1,2.0,0.2,12.5,799.6,0.05,106.2,36.4,142.6,171.7,3.3,0.33,20.3,1290.6,0.08,171.8,58.8,230.6,698786.5,13.2,1.3,86409.2,5277.8,0.3,699538.6,243773.7,943312.2,15.45,15.64,0.0,31.09,16.88,17.57,0.0,34.45,18884722.0,1438293.9,20323016.0,149861870.0,139418720.0,5158239.5,121644.3,0.0,0.0,0.0,3888376.5,1703253.8,62110.8,0.0,2297449.2,0.0,24.8,1100421.9,30293020.0,105237320.0,0.0,3982.1,18.9,0.0,0.0,2245.2,2754.5,2356.9,0.0,940.9,0.0,10.0,580.8,12104.5,0.0,29392.2,15928.5,4646.4,0.0
MidCase,WestConnect_South,2025,126094270.0,3168332.0,271535.1,578310.2,130112450.0,121562746.7,96879840.0,3615775.2,3436930.5,0.0359,0.0539,0.12,97272.21,30909.6,281.0,25.2,3.6,17.4,1149.5,0.18,282.7,51.7,334.4,292.0,26.0,3.72,18.2,1206.7,0.19,293.8,54.2,348.0,467.9,27.4,3.77,38.6,2955.3,0.22,469.7,126.7,596.5,639.9,44.1,6.18,47.0,3526.9,0.32,642.9,152.2,795.1,36513229.1,3271.5,467.7,2258677.7,149356.0,23.8,36738396.4,6715974.6,43454371.0,35.74,20.21,0.0,55.95,38.07,22.45,0.0,60.53,4211.6,5665.3,9876.9,129933590.0,33232604.0,2701639.2,240248.2,0.0,26826394.0,0.0,5169079.0,23337198.0,1652768.0,63918.6,10164722.0,31446268.0,50585.0,217257.0,17405378.0,10658149.0,0.0,2160.2,36.1,4501.1,0.0,2708.4,13182.5,4544.1,8.6,2803.6,3937.0,1545.0,216.3,6296.5,0.0,3262.5,8640.9,1730.4,0.0
MidCase,WestConnect_South,2030,139696750.0,4225468.5,549916.2,870232.3,145342370.0,134676413.0,71533660.0,3485437.5,10937309.0,0.0359,0.0539,0.12,97235.63,34696.4,136.7,11.4,1.63,10.0,541.2,0.11,137.5,26.1,163.6,148.6,12.3,1.75,10.9,595.9,0.11,149.5,28.7,178.2,212.7,10.4,1.39,19.4,1244.0,0.1,213.4,56.5,269.9,582.3,46.0,6.52,37.1,2425.2,0.28,585.5,109.5,695.0,20884842.0,1748.0,248.5,1525808.0,82686.8,16.2,21004766.5,3994299.1,24999065.6,24.63,20.1,0.0,44.73,26.41,22.53,0.0,48.94,923627.9,1191849.5,2115486.8,152794240.0,73808696.0,3587172.8,240248.2,0.0,13866426.0,229326.2,6409063.0,17626892.0,345856.8,61138.5,11350000.0,31446268.0,23027.1,438512.1,38018230.0,29152076.0,0.0,2514.8,36.1,4120.1,58.9,3388.5,12790.9,3497.6,8.6,3200.6,3937.0,986.1,216.3,13936.6,0.0,8018.4,10059.1,1730.4,0.0
MidCase,WestConnect_South,2035,158624200.0,10714562.0,636546.0,1459085.4,171434400.0,152923619.2,63498676.0,10105080.0,16952256.0,0.0359,0.0539,0.12,86857.52,39541.9,38.1,0.7,0.07,6.1,290.8,0.05,38.2,14.8,52.9,44.3,0.8,0.08,6.9,337.7,0.06,44.4,17.0,61.4,93.1,1.8,0.18,11.0,697.3,0.04,93.2,31.8,125.0,294.5,5.6,0.58,34.8,2203.4,0.13,294.8,100.5,395.3,6795841.0,128.5,12.9,1088390.1,51849.9,9.3,6803196.5,2636047.0,9439243.5,24.79,17.33,0.0,42.12,27.23,20.16,0.0,47.39,3618107.2,6638828.5,10256954.0,178281570.0,107935720.0,9114386.0,224043.6,0.0,0.0,185492.8,6318127.5,17462772.0,338496.6,56385.1,11172740.0,31446268.0,21662.2,509095.2,58007680.0,43424424.0,0.0,6307.5,33.9,0.0,58.9,3389.5,12446.9,3497.6,8.6,3200.6,3937.0,500.0,216.3,22788.4,0.0,12724.4,25229.8,1730.4,0.0
MidCase,WestConnect_South,2040,179909140.0,14330878.0,691300.4,1807678.4,196738990.0,173443577.5,65931084.0,15467330.0,20327422.0,0.0359,0.0539,0.12,86625.28,44639.7,28.6,0.5,0.05,4.8,219.0,0.04,28.6,11.3,40.0,35.9,0.7,0.07,5.7,274.1,0.05,35.9,13.9,49.8,107.1,2.0,0.2,12.7,806.0,0.05,107.2,36.7,143.9,270.8,5.1,0.52,32.0,2034.2,0.12,271.1,92.7,363.8,5765891.4,108.8,10.9,966522.0,44157.1,8.8,5772105.4,2284803.3,8056908.7,24.2,17.32,0.0,41.52,26.98,20.38,0.0,47.36,5129014.0,14566338.0,19695392.0,201599070.0,130807910.0,12197032.0,224043.6,0.0,0.0,155033.5,6345113.0,14981555.0,202950.6,53487.5,11129281.0,31446268.0,4773.0,551786.9,74851190.0,49456564.0,0.0,8379.3,33.9,0.0,58.9,3410.8,12446.9,3497.6,8.6,3200.6,3937.0,175.0,216.3,31571.9,0.0,14805.5,33517.0,1730.4,0.0
MidCase,WestConnect_South,2045,197644800.0,30937228.0,707267.1,1983469.4,231272750.0,190542041.6,65158270.0,15142968.0,31795596.0,0.0359,0.0539,0.12,96931.84,50651.1,18.5,0.3,0.03,3.3,142.5,0.03,18.6,7.6,26.1,27.9,0.5,0.05,4.7,213.9,0.04,28.0,11.1,39.0,110.4,2.1,0.21,13.0,831.8,0.05,110.5,37.8,148.3,254.1,4.8,0.49,30.0,1910.5,0.11,254.3,87.0,341.3,4594090.7,86.6,8.7,828075.0,35323.1,8.3,4599040.1,1882963.6,6482003.7,20.97,18.72,0.0,39.69,24.52,23.61,0.0,48.13,5901774.0,29927348.0,35829140.0,247925400.0,166114500.0,26302972.0,224043.6,0.0,0.0,147676.4,6464667.0,11919750.0,204299.1,42343.8,11103036.0,31446268.0,2892.8,565295.0,105401020.0,54101130.0,0.0,17065.5,33.9,0.0,58.9,3469.7,12446.9,3457.1,7.0,3200.6,3937.0,175.0,216.3,47433.8,0.0,16053.8,73014.1,1730.4,0.0
MidCase,WestConnect_South,2050,214279490.0,53135640.0,699663.4,2105004.0,270219800.0,206579172.3,70321440.0,13393817.0,43028804.0,0.0359,0.0539,0.12,101992.25,56677.9,14.1,0.3,0.03,2.6,108.9,0.03,14.2,5.9,20.0,22.8,0.4,0.04,3.9,174.8,0.04,22.8,9.2,32.0,135.7,2.6,0.26,16.0,1023.3,0.06,135.9,46.5,182.4,237.7,4.5,0.45,28.1,1791.7,0.1,237.9,81.5,319.4,4239965.0,79.9,8.0,785322.7,32658.3,8.1,4244529.8,1760757.1,6005286.9,17.7,18.84,0.0,36.54,21.89,25.66,0.0,47.55,5662036.0,44004724.0,49666760.0,299854800.0,199898370.0,45176188.0,205629.2,0.0,0.0,116036.2,6713939.0,11390663.0,105815.4,0.0,11072631.0,31446268.0,1012.5,558224.1,138472620.0,54595756.0,0.0,26962.5,31.4,0.0,58.9,3623.6,14129.0,3457.1,0.0,3200.6,3937.0,175.0,216.3,63612.9,0.0,16063.9,127109.2,1730.4,0.0
LowRECost,CAISO,2025,302088420.0,19557684.0,3038356.2,1164226.6,325848700.0,291230391.5,213904860.0,25497834.0,450412.6,0.0359,0.0539,0.12,140592.58,69792.5,134.4,2.5,0.26,17.0,1251.3,0.07,134.5,54.3,188.8,143.4,3.0,0.33,17.9,1312.0,0.08,143.6,57.0,200.6,209.7,6.0,0.74,23.2,1760.4,0.11,210.1,75.6,285.7,514.0,20.7,2.7,51.1,3925.3,0.25,515.4,168.1,683.5,40412915.4,766.8,77.7,5120748.6,376386.1,22.3,40456967.3,16343154.2,56800121.5,39.65,26.09,0.0,65.75,42.42,30.22,0.0,72.64,0.0,0.0,0.0,300801280.0,111943830.0,16630514.0,4835026.0,0.0,0.0,0.0,24144778.0,98479330.0,4003142.8,14791661.0,29476804.0,17891704.0,333799.6,2415457.8,66507304.0,21291748.0,0.0,13651.7,749.1,0.0,0.0,14330.4,19797.0,11040.1,1986.3,10220.7,2240.0,1033.5,3911.9,25268.8,0.0,7218.8,54606.8,31295.2,0.0
LowRECost,CAISO,2030,338845600.0,26089278.0,10675485.0,1481368.1,377091700.0,326665887.5,215167490.0,37875836.0,1022778.9,0.0359,0.0539,0.12,140556.19,77478.1,103.6,2.0,0.2,12.8,778.7,0.05,103.7,36.0,139.7,110.8,2.3,0.25,13.5,819.5,0.05,110.9,38.0,148.9,129.9,2.8,0.3,15.0,957.9,0.06,130.0,43.6,173.6,458.3,23.8,3.23,40.6,2580.8,0.22,459.9,117.6,577.5,35260999.4,669.8,68.0,4346812.0,264934.9,16.5,35299515.2,12246383.3,47545898.5,28.69,25.58,0.0,54.27,31.23,30.58,0.0,61.82,24879.3,469670.8,496817.4,340238660.0,161924220.0,22181352.0,4655301.5,0.0,0.0,0.0,29075216.0,87316270.0,3231189.5,21294426.0,30795188.0,0.0,312586.5,8528113.0,92306050.0,40397990.0,144970.4,16387.7,724.7,0.0,0.0,17252.1,21341.5,10927.5,2878.3,10705.1,0.0,614.6,5111.9,35072.9,60.0,12957.3,65550.6,40895.2,0.0
LowRECost,CAISO,2035,403000160.0,41812980.0,12855022.0,2175182.8,459843330.0,388514547.3,237193820.0,52389564.0,2124777.2,0.0359,0.0539,0.12,98140.22,89524.5,67.2,1.3,0.13,8.1,505.5,0.03,67.3,23.2,90.5,64.4,1.2,0.12,7.9,484.6,0.03,64.5,22.3,86.8,61.2,1.2,0.12,7.2,453.0,0.03,61.2,20.8,82.0,318.8,6.1,0.63,37.7,2381.6,0.15,319.2,108.7,427.9,27537534.2,522.2,52.8,3334111.9,207050.4,12.6,27567522.2,9507644.7,37075166.9,28.3,17.24,0.0,45.55,31.5,21.11,0.0,52.61,74130.8,2250547.0,2335938.8,409578560.0,222649500.0,35513270.0,2293102.8,0.0,0.0,0.0,30574506.0,68655120.0,2292798.2,35984380.0,31717382.0,0.0,198391.0,10274604.0,133836440.0,41304132.0,16934416.0,25947.1,404.0,0.0,0.0,18161.8,21231.5,10531.6,5063.3,11027.8,0.0,614.6,5111.9,50159.0,3683.0,12738.1,103788.4,40895.2,0.0
LowRECost,CAISO,2040,459452320.0,59866920.0,12995642.0,2710471.8,535025340.0,442936919.5,270520900.0,65683116.0,2625790.0,0.0359,0.0539,0.12,133213.51,104375.7,59.1,1.1,0.11,7.1,445.4,0.03,59.2,20.4,79.6,43.2,0.8,0.08,5.3,326.0,0.02,43.3,15.0,58.3,37.5,0.7,0.07,4.4,283.1,0.02,37.6,12.9,50.5,313.2,6.0,0.61,37.0,2344.8,0.14,313.5,107.0,420.5,27896657.1,527.2,53.0,3361666.8,210227.0,12.5,27926830.2,9629845.5,37556675.7,29.0,23.47,0.0,52.47,32.58,29.35,0.0,61.93,287972.7,2750233.2,3043507.2,471968000.0,264504420.0,50826424.0,1946912.2,0.0,0.0,0.0,30925818.0,70922744.0,1791246.4,39784780.0,31719274.0,0.0,94834.8,10377368.0,157313680.0,42086040.0,34178896.0,37500.6,357.0,0.0,0.0,18388.4,22182.9,10741.7,5468.9,11028.5,0.0,169.2,5111.9,59404.9,7602.0,12477.1,150002.5,40895.2,0.0
LowRECost,CAISO,2045,519194720.0,81786630.0,13285128.0,3114357.0,617380860.0,500531791.5,316155870.0,93068430.0,3811832.5,0.0359,0.0539,0.12,136445.34,119229.3,44.1,0.8,0.08,5.3,332.3,0.02,44.1,15.2,59.4,22.1,0.4,0.04,2.7,166.4,0.01,22.1,7.7,29.8,18.2,0.3,0.03,2.2,137.2,0.01,18.3,6.2,24.5,278.1,5.3,0.53,32.9,2094.7,0.12,278.4,95.3,373.8,23283271.4,439.8,44.2,2816435.6,175512.9,10.5,23308438.5,8049578.8,31358017.2,25.37,23.99,0.0,49.36,29.09,30.67,0.0,59.76,274484.4,4357508.5,4641318.5,528124260.0,301225000.0,69495690.0,1946912.2,0.0,0.0,0.0,31660230.0,59589510.0,1443557.8,51698028.0,32044900.0,0.0,69178.8,10611478.0,198561140.0,36414290.0,34589340.0,49734.6,357.0,0.0,0.0,18868.0,21753.2,9506.9,7150.9,11135.5,0.0,166.4,5111.9,74254.4,7602.0,11951.0,206370.5,40895.2,0.0
LowRECost,CAISO,2050,571970240.0,91788720.0,11753901.0,3355420.2,678868300.0,551410387.5,348212300.0,118071144.0,3143226.0,0.0359,0.0539,0.12,137989.04,132836.7,39.7,0.8,0.08,4.8,299.6,0.02,39.8,13.7,53.5,22.0,0.4,0.04,2.7,165.6,0.01,22.0,7.6,29.6,18.2,0.3,0.03,2.1,136.7,0.01,18.2,6.2,24.4,257.8,4.9,0.49,30.5,1944.6,0.11,258.1,88.4,346.5,22411944.4,423.4,42.5,2713478.6,168948.4,10.1,22436169.4,7750894.7,30187064.1,23.31,24.63,0.0,47.94,26.59,31.44,0.0,58.03,234520.2,3015448.0,3253158.5,563940350.0,330655970.0,77993580.0,1946912.2,0.0,0.0,0.0,32856788.0,57308864.0,1608886.2,52918816.0,32045270.0,0.0,66412.1,9395628.0,212265520.0,50757044.0,34776630.0,55508.9,357.0,0.0,0.0,19600.5,21556.2,12995.8,7207.0,11135.5,0.0,166.4,5111.9,77880.3,7602.0,14971.3,234453.0,40895.2,0.0
LowRECost,ERCOT,2025,425158500.0,8103341.0,3596.1,4281060.5,437546500.0,409876109.7,223970660.0,434781.4,1180216.1,0.0359,0.0539,0.12,81331.64,98005.9,238.7,17.6,2.47,17.3,1244.8,0.13,239.9,54.4,294.3,253.3,18.6,2.62,18.4,1321.6,0.14,254.6,57.8,312.4,499.2,27.7,3.81,42.8,3227.6,0.25,501.0,139.0,640.0,598.4,37.3,5.25,48.2,3458.3,0.34,601.0,151.3,752.3,104620339.9,7695.9,1084.1,7577364.3,545605.2,58.9,105145632.4,23852490.1,128998122.5,33.4,15.75,0.0,49.15,35.52,17.37,0.0,52.89,505622.6,450132.4,955754.9,438291900.0,213575800.0,6863608.0,599889.2,0.0,59751290.0,0.0,4755296.5,114335210.0,1288959.0,0.0,656955.2,39777090.0,1440267.6,2850.7,81583080.0,127237420.0,0.0,7608.7,100.6,14254.2,0.0,3073.2,36466.1,8767.2,0.0,562.7,4980.0,9669.0,5.0,34348.9,0.0,37044.2,30434.8,40.0,0.0
LowRECost,ERCOT,2030,464481280.0,15839891.0,5990.0,5484787.5,485811900.0,447784697.8,149632930.0,644513.2,2098903.2,0.0359,0.0539,0.12,81287.31,104592.7,94.5,4.5,0.6,9.6,556.5,0.06,94.8,26.2,120.9,102.2,4.8,0.64,10.3,601.8,0.07,102.5,28.3,130.8,120.0,7.7,1.08,9.5,570.7,0.07,120.6,26.6,147.1,397.3,17.3,2.35,39.0,2321.3,0.23,398.5,108.3,506.8,46039707.0,2170.2,290.8,4660988.2,271155.8,30.6,46183762.4,12749781.8,58933544.1,21.72,14.92,0.0,36.63,23.45,16.66,0.0,40.12,19167736.0,21707890.0,40875628.0,487266370.0,336179000.0,13383838.0,599889.2,0.0,13407736.0,0.0,11882425.0,80789540.0,1270569.1,0.0,626629.1,39777090.0,1227240.6,4793.9,120042860.0,204253730.0,0.0,12106.5,100.6,11350.2,0.0,7759.3,35351.1,8431.1,0.0,562.7,4980.0,7439.0,5.0,57250.1,0.0,55559.2,48426.1,40.0,0.0
LowRECost,ERCOT,2035,525790900.0,27313850.0,9577.3,5059413.0,558173760.0,506890120.2,128186650.0,3610203.5,13411893.0,0.0359,0.0539,0.12,110032.45,116447.0,49.3,0.9,0.1,6.5,369.4,0.04,49.4,17.5,66.9,55.1,1.1,0.11,7.2,413.0,0.04,55.2,19.6,74.8,95.1,1.9,0.22,11.3,679.1,0.05,95.3,31.6,126.9,263.0,5.2,0.57,31.2,1917.4,0.14,263.3,88.4,351.7,28002384.0,536.8,55.4,3682662.0,209804.9,20.9,28033502.3,9940553.3,37974055.6,20.92,19.36,0.0,40.28,22.82,21.92,0.0,44.74,30375092.0,36570110.0,66945204.0,567975400.0,429987140.0,23129932.0,599889.2,0.0,0.0,0.0,20221156.0,72163944.0,1175352.9,0.0,628028.2,39777090.0,506472.8,7633.1,162679060.0,247086900.0,0.0,19146.5,100.6,0.0,0.0,13163.9,39018.5,11513.6,0.0,562.7,4980.0,6789.0,5.0,81118.9,0.0,68104.9,76585.9,40.0,0.0
LowRECost,ERCOT,2040,587657340.0,32229100.0,9286.3,5183962.5,625079700.0,566531916.7,133605610.0,5380219.5,12208812.0,0.0359,0.0539,0.12,110907.25,130783.0,43.5,0.8,0.08,5.7,327.1,0.03,43.5,15.5,59.0,48.5,0.9,0.09,6.4,364.7,0.04,48.6,17.3,65.8,98.5,1.9,0.2,11.7,728.1,0.05,98.6,33.4,132.0,251.5,4.8,0.5,29.8,1874.9,0.12,251.8,85.7,337.5,27484770.1,523.9,53.5,3619475.8,206709.5,20.4,27514993.7,9784989.3,37299983.0,21.28,19.43,0.0,40.71,23.22,22.07,0.0,45.3,46028196.0,63254200.0,109282410.0,631908300.0,491474020.0,27318404.0,599889.2,0.0,0.0,0.0,22265424.0,69405304.0,2366210.5,0.0,615303.9,39777090.0,344595.0,7407.9,188451070.0,280757570.0,0.0,22775.2,100.6,0.0,0.0,14532.9,39208.8,21278.2,0.0,562.7,4980.0,5521.0,5.0,101317.8,0.0,77877.9,91100.9,40.0,0.0
LowRECost,ERCOT,2045,636479170.0,35023932.0,8489.6,5414099.5,676925700.0,613599234.3,129271270.0,9084279.0,17159894.0,0.0359,0.0539,0.12,106057.71,143357.6,37.3,0.7,0.07,4.9,280.6,0.03,37.3,13.3,50.6,41.6,0.8,0.08,5.5,313.3,0.03,41.7,14.9,56.5,85.8,1.7,0.18,10.2,632.9,0.04,85.9,29.0,114.9,231.5,4.4,0.46,27.4,1726.9,0.11,231.7,78.9,310.6,25525501.6,485.9,49.5,3387310.4,192209.0,19.5,25553498.1,9120452.1,34673950.2,19.51,18.78,0.0,38.29,21.25,21.32,0.0,42.58,68550700.0,83106390.0,151657090.0,685001300.0,547654400.0,29719188.0,599889.2,0.0,0.0,0.0,23941930.0,63439500.0,2921999.8,0.0,599121.1,39777090.0,283324.1,6778.8,203162990.0,320549470.0,0.0,24806.3,100.6,0.0,0.0,15705.8,37946.7,25674.8,0.0,562.7,4980.0,3273.2,5.0,113547.7,0.0,91874.0,103071.7,40.0,0.0
LowRECost,ERCOT,2050,681264600.0,28092044.0,8210.6,4740230.0,714105100.0,656775496.8,113283480.0,10061471.0,19892860.0,0.0359,0.0539,0.12,59930.78,158003.7,31.3,0.6,0.06,4.2,237.2,0.02,31.4,11.3,42.7,34.6,0.7,0.07,4.6,262.0,0.03,34.7,12.5,47.1,46.3,0.9,0.09,5.5,348.1,0.02,46.3,15.8,62.2,190.9,3.6,0.36,22.6,1436.2,0.08,191.1,65.4,256.5,22686042.5,428.9,43.1,3049556.8,171706.4,17.9,22710598.2,8171304.1,30881902.3,16.12,10.78,0.0,26.9,17.46,12.08,0.0,29.54,126141140.0,112115330.0,238256460.0,723936500.0,600821600.0,23810132.0,599889.2,0.0,0.0,0.0,25483710.0,53706964.0,4565065.5,0.0,573527.8,39777090.0,75632.2,6571.0,200757250.0,374580640.0,0.0,20821.5,100.6,0.0,0.0,16850.3,37026.2,25391.3,0.0,562.7,4980.0,1214.2,5.0,122592.1,0.0,115576.9,87132.7,40.0,0.0
LowRECost,FRCC,2025,271088480.0,803756.5,0.0,43562.1,271935780.0,261346536.3,247924050.0,1316574.5,143080.4,0.0359,0.0539,0.12,116498.76,65740.5,354.8,16.1,2.13,35.1,2603.6,0.19,355.8,112.7,468.5,369.0,16.8,2.23,36.4,2703.0,0.2,370.1,117.0,487.2,383.4,7.7,0.8,44.9,3536.1,0.17,383.8,150.3,534.1,446.4,10.4,1.23,51.9,3853.5,0.25,447.1,166.8,613.9,96058252.4,4367.2,577.2,9497765.7,704960.1,50.8,96345979.3,30519457.2,126865436.6,42.75,24.01,0.0,66.76,45.27,25.93,0.0,71.2,0.0,0.0,0.0,270762300.0,24011746.0,686480.8,3635373.5,0.0,26695728.0,0.0,2838984.8,184029500.0,1576638.4,0.0,216437.4,29281690.0,628697.4,0.0,21172762.0,0.0,0.0,900.2,672.4,3764.2,0.0,1795.2,38277.6,8691.8,0.0,54.5,3666.0,4583.5,0.0,9294.3,0.0,0.0,3600.9,0.0,0.0
LowRECost,FRCC,2030,295049900.0,10142353.0,0.0,40236.5,305232480.0,284446937.9,255291040.0,451948.8,417212.6,0.0359,0.0539,0.12,116498.52,69467.1,292.9,11.0,1.4,31.1,1904.8,0.15,293.6,87.9,381.5,314.1,11.8,1.51,33.3,2042.0,0.16,314.9,94.2,409.1,333.0,6.3,0.64,39.3,2508.9,0.14,333.3,114.1,447.4,522.8,26.8,3.62,46.7,2962.9,0.25,524.6,135.1,659.7,89401174.5,3366.4,428.3,9492123.2,581337.2,46.6,89618420.2,26828703.2,116447123.4,32.65,22.9,0.0,55.55,34.72,25.47,0.0,60.19,0.0,0.0,0.0,305197730.0,49941436.0,8645410.0,3694621.5,0.0,17628422.0,0.0,5931602.0,195296270.0,366515.8,0.0,229464.0,29281690.0,113909.6,0.0,43383570.0,626265.4,0.0,7983.7,680.4,3764.2,0.0,3748.2,41439.4,8517.8,0.0,57.5,3666.0,4161.5,0.0,18620.3,0.0,290.0,31934.9,0.0,0.0
LowRECost,FRCC,2035,330842620.0,27661360.0,0.0,391713.3,358895680.0,318953400.5,216831820.0,3347571.0,3372705.5,0.0359,0.0539,0.12,75715.24,77729.2,164.5,3.1,0.31,20.7,1242.3,0.09,164.7,57.7,222.4,184.1,3.5,0.35,23.2,1390.5,0.1,184.3,64.7,249.0,167.7,3.3,0.34,19.9,1239.8,0.08,167.9,56.8,224.7,364.8,7.2,0.78,43.3,2665.9,0.19,365.2,122.8,488.0,59043161.0,1114.7,111.8,7428462.7,445901.1,32.4,59106907.8,20725173.0,79832080.8,32.39,14.21,0.0,46.6,35.12,16.57,0.0,51.69,5816.0,2364163.2,2369979.2,358920830.0,142063870.0,23561724.0,3694621.5,0.0,0.0,0.0,12282701.0,159456450.0,528469.5,0.0,229237.4,29281690.0,104772.1,0.0,122185710.0,7595458.5,0.0,17504.6,680.4,0.0,0.0,7810.5,41267.4,8420.8,0.0,57.5,3666.0,3929.5,0.0,52606.5,0.0,3200.0,70018.6,0.0,0.0
LowRECost,FRCC,2040,372987650.0,48971588.0,0.0,654859.0,422614100.0,359583936.5,231223860.0,6616355.5,4783323.0,0.0359,0.0539,0.12,99486.55,88067.4,135.2,2.6,0.26,17.1,1022.0,0.07,135.4,47.5,182.9,156.9,3.0,0.3,19.8,1186.0,0.09,157.1,55.2,212.3,140.5,2.7,0.28,16.7,1050.5,0.06,140.6,48.0,188.6,344.9,6.7,0.7,40.8,2560.8,0.16,345.3,117.2,462.5,56903660.7,1073.2,107.5,7174994.6,430045.3,31.4,56964984.6,19998922.8,76963907.4,32.51,18.13,0.0,50.63,35.78,22.06,0.0,57.84,42736.5,4756600.0,4799336.5,420781100.0,191390260.0,41693172.0,3694621.5,0.0,0.0,0.0,14660963.0,154050350.0,397299.5,0.0,229124.1,29281690.0,44565.4,0.0,161597860.0,15131434.0,0.0,31532.8,680.4,0.0,0.0,9331.1,41267.4,8408.8,0.0,57.5,3666.0,3744.2,0.0,70263.0,0.0,6146.0,126131.3,0.0,0.0
LowRECost,FRCC,2045,414660220.0,73055384.0,0.0,932002.5,488647600.0,399759023.0,249491790.0,9935925.0,5608962.0,0.0359,0.0539,0.12,106285.11,98629.6,113.7,2.1,0.21,14.3,859.6,0.06,113.8,39.9,153.7,136.4,2.6,0.26,17.2,1031.1,0.08,136.5,47.9,184.5,126.9,2.4,0.24,15.0,955.2,0.06,127.1,43.5,170.6,327.9,6.2,0.63,38.8,2463.7,0.15,328.3,112.2,440.5,55079610.9,1038.5,103.9,6908574.1,416326.5,30.4,55138926.9,19323397.2,74462324.1,29.05,18.78,0.0,47.83,32.59,23.77,0.0,56.36,35368.8,10459104.0,10494473.0,484320670.0,239155800.0,62154264.0,3179018.0,0.0,0.0,0.0,15704493.0,150146190.0,152865.3,0.0,228897.2,29281690.0,21905.8,0.0,206328900.0,17122422.0,0.0,46601.7,610.4,0.0,0.0,9997.8,42665.2,8334.8,0.0,57.5,3666.0,3272.2,0.0,90198.8,0.0,6770.0,186406.6,0.0,0.0
LowRECost,FRCC,2050,456684600.0,89180060.0,0.0,1118282.2,546982900.0,440273340.2,264937890.0,15155874.0,5320134.0,0.0359,0.0539,0.12,109003.23,109670.4,98.5,1.9,0.19,12.4,744.4,0.05,98.6,34.6,133.1,118.8,2.2,0.22,15.0,898.5,0.07,118.9,41.8,160.8,155.5,2.9,0.29,18.4,1172.2,0.07,155.7,53.3,209.0,318.9,6.0,0.6,37.7,2403.9,0.14,319.2,109.4,428.6,52882246.6,996.7,99.7,6648740.9,399847.2,29.4,52939155.3,18572210.6,71511365.9,26.61,19.09,0.0,45.7,30.06,24.59,0.0,54.65,75177.9,11444090.0,11519268.0,537147200.0,282045060.0,75937690.0,3179018.0,0.0,0.0,0.0,16793518.0,146471860.0,3040.3,0.0,228836.1,29281690.0,4.3,0.0,237537890.0,27713632.0,0.0,53340.9,610.4,0.0,0.0,10698.5,47327.5,7441.8,0.0,57.5,3666.0,2267.1,0.0,102612.7,0.0,10836.0,243185.4,0.0,0.0
LowRECost,ISONE,2025,129221030.0,330150.2,1497955.0,669574.0,131718700.0,124575029.3,106761576.0,193237.2,305318.8,0.0359,0.054,0.12,29187.93,31551.0,150.7,2.9,0.3,21.5,1390.2,0.12,150.9,63.0,213.9,158.9,3.1,0.32,22.7,1464.6,0.13,159.0,66.4,225.4,225.4,4.8,0.58,26.9,1930.4,0.14,225.7,84.5,310.1,435.1,10.5,1.36,51.3,3532.9,0.3,435.8,156.7,592.5,19867000.4,383.7,40.1,2837307.7,183267.3,15.7,19889387.0,8302964.3,28192351.2,37.55,5.96,0.0,43.5,39.78,6.54,0.0,46.31,518460.6,789176.0,1307636.5,131830800.0,24957132.0,280254.0,5986378.0,15062882.0,0.0,0.0,5727768.5,50336260.0,427722.6,0.0,6956615.0,26081950.0,548701.6,1192897.9,4968023.5,7065781.0,7195559.0,246.2,979.2,486.0,0.0,4384.8,13615.9,2132.7,0.0,1959.1,3265.4,5115.3,1830.4,3030.0,1782.0,2254.2,984.7,14643.2,0.0
LowRECost,ISONE,2030,141726900.0,524320.0,2219665.0,610280.2,145081150.0,136630937.2,88844984.0,948708.6,1423164.1,0.0359,0.054,0.12,29188.3,34348.6,88.9,1.7,0.18,13.7,666.1,0.08,89.0,33.5,122.6,94.5,1.8,0.19,14.5,706.7,0.09,94.6,35.6,130.1,152.0,3.1,0.34,18.1,1095.7,0.08,152.1,50.8,202.9,371.9,8.9,1.12,43.7,2509.0,0.24,372.5,118.6,491.1,12941422.7,249.8,26.1,1989826.7,96947.8,12.3,12955988.7,4882232.7,17838221.4,23.32,5.58,0.0,28.9,24.83,6.12,0.0,30.96,2137861.2,940090.8,3077952.2,145555620.0,56236170.0,444035.6,5308728.0,15548478.0,0.0,0.0,8112787.0,32597430.0,514906.9,0.0,6704751.0,26081950.0,349333.4,1769829.6,6732677.0,10859727.0,30530980.0,384.7,887.2,0.0,0.0,6100.6,12320.4,1804.7,0.0,1963.8,3265.4,1408.7,1801.0,3984.7,7502.0,3394.4,1539.0,14408.0,0.0
LowRECost,ISONE,2035,158268670.0,2183606.5,2267571.8,587821.4,163307660.0,152577642.3,89947736.0,2160892.5,3533116.8,0.0359,0.054,0.12,90045.89,38390.1,82.2,1.6,0.17,12.0,611.3,0.08,82.3,30.2,112.5,74.5,1.5,0.16,10.9,551.8,0.07,74.6,27.4,102.0,98.1,2.0,0.22,11.7,704.4,0.05,98.2,32.7,130.9,398.0,8.8,1.13,47.9,2664.7,0.28,398.6,127.4,526.0,13538093.2,263.6,28.0,1972270.4,100663.9,12.4,13553583.4,4975436.7,18529020.1,26.66,16.88,0.0,43.54,28.55,18.66,0.0,47.21,1150732.8,253020.5,1403753.2,164679890.0,73359940.0,1856913.6,3461395.5,16282669.0,0.0,0.0,10459277.0,33442060.0,655079.1,0.0,7233505.0,26081950.0,495530.3,1810855.4,7216098.5,17821868.0,37862692.0,2342.8,636.4,0.0,0.0,7554.0,12224.3,1804.7,0.0,1963.8,3265.4,1263.7,1801.0,3984.7,9186.0,4781.9,9371.3,14408.0,0.0
LowRECost,ISONE,2040,176392830.0,2111296.0,2200971.5,688482.0,181393570.0,170049926.7,88247920.0,6233115.0,16932550.0,0.0359,0.054,0.12,127014.36,42712.1,89.5,1.7,0.19,12.4,663.6,0.07,89.6,32.2,121.8,47.0,0.9,0.1,6.6,348.1,0.04,47.1,16.9,64.0,54.1,1.0,0.11,6.4,403.3,0.02,54.1,18.4,72.6,346.8,7.1,0.82,41.3,2469.4,0.2,347.3,115.0,462.3,17193651.6,335.4,35.7,2385340.5,127474.7,14.1,17213388.0,6187943.1,23401331.0,27.17,23.72,9.89,61.13,29.13,26.16,10.6,66.24,5646819.5,319145.5,5965965.0,192093010.0,93145656.0,1787492.2,2924431.8,16480858.0,0.0,0.0,10648164.0,37964612.0,4214850.5,0.0,7073495.0,26081950.0,666217.7,1753445.6,7210217.0,29203516.0,46083760.0,2180.2,563.5,0.0,0.0,7724.8,13803.1,8653.5,0.0,1963.8,3265.4,1263.7,1801.0,3981.3,12030.0,7984.9,8720.7,14408.0,0.0
LowRECost,ISONE,2045,193680260.0,2001839.6,2336116.8,759545.0,198777760.0,186715710.8,88268870.0,10066839.0,18255702.0,0.0359,0.054,0.12,123873.1,47032.9,80.1,1.5,0.16,11.1,601.2,0.06,80.1,29.1,109.2,31.3,0.6,0.06,4.5,235.6,0.03,31.3,11.5,42.8,36.1,0.7,0.07,4.3,269.8,0.02,36.2,12.3,48.5,332.0,6.7,0.76,39.5,2380.9,0.18,332.5,110.5,443.0,16568555.4,317.2,32.6,2307273.1,124435.9,13.3,16586919.7,6019095.9,22606015.6,25.67,22.99,13.59,62.67,27.51,25.29,14.54,67.77,8865944.0,238838.4,9104783.0,206966620.0,110508880.0,1693252.0,2924431.8,15578670.0,0.0,0.0,10961487.0,35367700.0,5539615.5,0.0,7103172.0,26081950.0,300733.0,1868206.8,6521972.5,45909296.0,47116130.0,2040.4,563.5,0.0,0.0,7913.7,13596.6,12430.8,0.0,1963.8,3265.4,1263.7,1801.0,3541.0,12211.9,13104.3,8161.5,14408.0,0.0
LowRECost,ISONE,2050,208983650.0,1096108.0,2448191.8,806814.4,213334770.0,201468901.5,83935144.0,12080733.0,21868334.0,0.0359,0.054,0.12,120476.35,51041.3,71.2,1.4,0.14,10.0,535.7,0.06,71.3,26.0,97.2,15.6,0.3,0.03,2.4,118.1,0.02,15.6,5.9,21.6,21.5,0.4,0.04,2.5,160.9,0.01,21.5,7.3,28.9,311.5,6.1,0.64,36.9,2303.2,0.15,311.9,105.6,417.5,15880097.3,303.1,31.0,2225245.3,119518.8,12.9,15897604.9,5790431.0,21688035.9,23.29,22.41,15.83,61.89,24.92,24.48,16.88,66.65,13693066.0,881928.0,14574994.0,223122380.0,129399630.0,924349.0,2924431.8,15451539.0,0.0,0.0,11233389.0,32363786.0,6724869.0,0.0,7064813.0,26081950.0,245472.8,1941530.4,9475833.0,52353530.0,56336870.0,1034.1,563.5,0.0,0.0,8177.1,12458.8,16057.2,0.0,1963.8,3265.4,666.6,1801.0,5414.5,14708.5,15409.1,4136.3,14408.0,0.0
LowRECost,MISO_Central,2025,317955460.0,37245.1,2009706.6,1992515.0,321994900.0,306524478.9,249150000.0,24282820.0,6967427.0,0.0359,0.054,0.12,89277.95,70641.3,495.8,51.0,7.39,22.4,1502.6,0.28,499.4,67.3,566.6,482.2,49.3,7.13,22.5,1486.5,0.28,485.7,66.9,552.6,375.2,27.1,3.87,27.0,1869.3,0.22,377.1,82.7,459.8,776.5,68.2,9.82,44.2,3085.9,0.43,781.3,136.3,917.6,151071431.4,15552.5,2250.4,6824416.6,457825.0,84.8,152149262.1,20490753.9,172640016.0,35.85,17.93,0.03,53.81,38.0,19.5,0.03,57.53,6189.1,20.8,6209.9,304679520.0,72844910.0,31812.4,2190484.5,3063912.2,131932980.0,0.0,517641.2,44896004.0,1820319.2,0.0,1715114.6,42109404.0,2444216.8,1630376.4,14537899.0,57789370.0,0.0,29.1,375.0,30561.8,0.0,356.3,11721.7,11720.3,0.0,489.6,5272.0,3817.1,2614.8,7228.9,0.0,17746.4,116.4,20918.4,0.0
LowRECost,MISO_Central,2030,339330270.0,4654502.0,2118530.8,2856200.2,348959500.0,327129702.1,160586340.0,36878740.0,31886118.0,0.0359,0.054,0.12,89270.59,73782.1,189.3,15.3,2.2,13.5,717.2,0.14,190.3,34.9,225.2,198.6,15.6,2.25,15.0,778.0,0.16,199.7,38.2,237.9,297.0,18.5,2.58,23.6,1481.4,0.15,298.2,67.8,366.1,561.6,37.4,5.34,43.6,2527.2,0.35,564.2,119.1,683.2,65100759.1,5252.2,757.9,4645656.1,246694.0,48.0,65464182.3,12010253.2,77474435.5,27.36,16.25,0.07,43.67,29.19,17.87,0.07,47.13,1044799.2,222277.1,1267076.4,343966880.0,188373170.0,3974779.2,2190484.5,5111675.0,41360900.0,0.0,747925.2,47930670.0,2618480.8,0.0,1760876.8,42109404.0,6817967.0,1718468.2,42659824.0,144965420.0,0.0,3297.3,375.0,20616.6,0.0,509.8,12455.9,11454.2,0.0,510.6,5272.0,4416.2,2614.8,20695.5,0.0,39377.1,13189.3,20918.4,0.0
LowRECost,MISO_Central,2035,371663940.0,19475490.0,3157265.2,3771534.5,398068220.0,358299814.0,47541652.0,34176384.0,101749704.0,0.0359,0.054,0.12,105557.06,81310.8,44.3,1.0,0.14,6.3,284.3,0.05,44.4,14.8,59.2,58.1,1.3,0.18,8.3,376.3,0.07,58.2,19.6,77.8,92.3,1.9,0.22,11.0,655.7,0.05,92.5,30.6,123.0,326.9,7.1,0.88,39.2,2232.3,0.22,327.3,105.8,433.1,20649084.0,482.7,66.0,2932016.9,132364.5,25.5,20681477.0,6883446.6,27564923.6,24.14,18.42,0.0,42.55,26.19,20.98,0.0,47.17,15233686.0,4761420.5,19995108.0,465641570.0,350526600.0,16640906.0,1819986.8,4886754.0,0.0,0.0,1468780.9,33890030.0,5585495.5,0.0,1680425.0,42109404.0,5949419.0,2552552.5,98982220.0,250075600.0,0.0,15038.1,324.7,0.0,0.0,1002.1,12457.6,11188.0,0.0,510.6,5272.0,4285.9,2614.8,49401.4,0.0,72240.5,60152.4,20918.4,0.0
LowRECost,MISO_Central,2040,402937660.0,23499416.0,3323530.5,4215265.5,433975870.0,388448450.8,29415796.0,39619890.0,124617896.0,0.0359,0.054,0.12,111337.27,89385.4,35.6,0.8,0.1,5.1,237.1,0.04,35.6,12.2,47.8,19.8,0.4,0.04,3.0,147.7,0.02,19.9,7.4,27.3,68.1,1.3,0.14,8.1,500.4,0.03,68.1,23.0,91.1,283.0,5.9,0.69,33.8,1989.8,0.17,283.3,93.1,376.5,18456501.6,413.7,53.8,2633632.5,123023.9,22.1,18483522.3,6305785.6,24789307.9,23.14,20.1,0.0,43.24,25.14,23.02,0.0,48.16,29700736.0,8035467.0,37736204.0,518973900.0,404560100.0,20092004.0,1282286.4,3975032.8,0.0,0.0,2386295.0,33494634.0,4845026.5,0.0,1667836.2,42109404.0,4263196.0,2684384.0,110220210.0,291953570.0,0.0,19665.1,251.7,0.0,0.0,1621.2,13833.6,12794.3,0.0,510.6,5272.0,4235.6,2614.8,55529.6,0.0,85066.7,78660.6,20918.4,0.0
LowRECost,MISO_Central,2045,432635600.0,21005386.0,3575218.8,4821667.5,462037860.0,417078375.6,-10479175.0,42365396.0,165417540.0,0.0359,0.054,0.12,107558.32,96074.8,31.6,0.7,0.09,4.5,214.8,0.04,31.7,10.9,42.6,16.9,0.3,0.03,2.6,127.0,0.02,16.9,6.4,23.3,62.7,1.2,0.13,7.4,459.0,0.03,62.8,21.1,84.0,262.3,5.5,0.64,31.3,1845.2,0.16,262.6,86.4,349.0,18509816.9,406.0,51.4,2634225.4,125692.7,21.4,18535950.6,6385715.1,24921665.7,20.4,19.56,0.0,39.96,22.11,22.2,0.0,44.3,64881704.0,18266978.0,83148680.0,585090050.0,472517060.0,17956122.0,1282286.4,3025499.8,0.0,0.0,4287194.0,33996404.0,6068561.0,0.0,1592390.5,42109404.0,3658049.5,2884254.5,127142060.0,341087780.0,0.0,17297.4,251.7,0.0,0.0,2914.9,12748.6,14054.3,0.0,510.6,5272.0,4085.0,2614.8,67203.0,0.0,105384.7,69189.4,20918.4,0.0
LowRECost,MISO_Central,2050,457002180.0,20416382.0,3437190.8,5277607.0,486133340.0,440569033.0,-37901104.0,51334492.0,198129220.0,0.0359,0.054,0.12,94443.28,101147.8,27.3,0.6,0.07,3.9,186.8,0.03,27.3,9.5,36.8,15.1,0.3,0.03,2.3,114.7,0.02,15.1,5.7,20.8,42.5,0.8,0.09,5.0,309.2,0.02,42.5,14.3,56.8,244.2,4.9,0.55,29.1,1760.5,0.13,244.5,81.6,326.1,17271807.0,375.4,47.0,2483209.7,118245.1,20.3,17295819.0,6012445.1,23308264.1,18.35,17.27,0.0,35.62,19.87,19.51,0.0,39.38,89846560.0,22049038.0,111895600.0,632928060.0,524034460.0,17445060.0,1282286.4,2600648.5,0.0,0.0,6265046.5,32176244.0,5688710.5,0.0,1550396.8,42109404.0,3264998.2,2775876.0,132241176.0,385528260.0,0.0,17090.8,251.7,0.0,0.0,4278.0,12620.6,13527.3,0.0,510.6,5272.0,2999.4,2614.8,70630.2,0.0,121550.2,68363.0,20918.4,0.0
LowRECost,MISO_North,2025,230686300.0,83512.3,0.0,1842931.6,232612770.0,222391650.0,146475980.0,18994826.0,4518131.0,0.0359,0.054,0.12,89428.02,48470.1,328.4,31.7,4.57,17.1,1149.4,0.19,330.6,51.4,382.0,338.6,32.9,4.74,17.4,1170.4,0.19,340.9,52.3,393.2,367.1,28.0,4.0,25.0,1747.1,0.21,369.0,77.1,446.1,776.0,71.4,10.29,40.9,2897.6,0.41,780.9,127.4,908.3,71636945.2,6915.4,996.5,3729135.8,250736.3,40.9,72115076.7,11212246.0,83327322.7,36.1,17.58,0.0,53.68,38.27,18.97,0.0,57.24,19771.8,541.1,20312.9,218136060.0,86136776.0,71236.4,2158853.0,8227185.0,59666252.0,0.0,1361333.4,30642362.0,2684527.8,0.0,4494981.5,22761602.0,1292282.9,0.0,7720969.0,77054470.0,0.0,69.3,351.7,11629.9,0.0,960.2,7633.3,7105.3,0.0,925.4,2849.7,2482.6,0.0,4019.5,0.0,21757.4,277.0,0.0,0.0
LowRECost,MISO_North,2030,256627100.0,4798997.5,0.0,2550614.0,263976740.0,247399334.4,104869780.0,17122068.0,13046023.0,0.0359,0.054,0.12,89445.12,51943.2,143.5,12.6,1.8,9.1,524.9,0.09,144.4,24.7,169.1,151.4,13.3,1.9,9.7,554.3,0.1,152.3,26.2,178.5,318.1,24.7,3.52,21.0,1303.3,0.17,319.7,59.9,379.7,538.4,43.2,6.18,34.3,2126.6,0.29,541.4,97.8,639.2,37300316.1,3265.5,467.6,2359588.4,136428.1,23.6,37525290.6,6431596.8,43956887.4,23.34,16.38,0.0,39.73,24.97,17.89,0.0,42.86,12762718.0,470063.0,13232781.0,259900670.0,159106940.0,4102332.0,1436489.4,13510258.0,27545914.0,0.0,1896090.6,24118156.0,1860161.2,0.0,4535246.0,22761602.0,923573.9,0.0,25430226.0,131780620.0,0.0,3890.6,240.0,10756.9,0.0,1349.9,7633.3,6290.0,0.0,937.4,2849.7,1519.4,0.0,13211.1,0.0,36066.5,15562.3,0.0,0.0
LowRECost,MISO_North,2035,290110820.0,4909265.0,0.0,2636709.0,297656800.0,279677526.5,97864590.0,25732738.0,14139470.0,0.036,0.054,0.12,113335.65,58663.2,57.7,1.1,0.12,7.7,426.5,0.05,57.8,20.5,78.2,59.1,1.2,0.12,8.0,437.0,0.05,59.1,21.0,80.2,93.4,1.9,0.21,11.1,670.8,0.05,93.5,31.1,124.6,265.0,5.3,0.6,31.5,1909.0,0.14,265.4,88.5,353.8,16505038.8,322.9,34.5,2213113.7,122004.1,12.9,16524087.8,5852365.5,22376453.4,21.27,22.0,0.01,43.27,22.73,23.95,0.01,46.68,19202926.0,1858275.6,21061202.0,286063520.0,199792210.0,4195636.0,1436489.4,12189947.0,0.0,0.0,2655008.5,33978444.0,6458670.5,0.0,4439811.5,22761602.0,810728.6,0.0,40377510.0,156759680.0,0.0,4132.3,240.0,0.0,0.0,1893.5,12162.1,15458.9,0.0,937.4,2849.7,1445.0,0.0,20962.1,0.0,43459.3,16529.1,0.0,0.0
LowRECost,MISO_North,2040,315758500.0,4970633.5,0.0,2842185.0,323571300.0,304403296.0,96140580.0,31069732.0,18195304.0,0.036,0.054,0.12,112894.86,63059.5,49.6,1.0,0.1,6.7,367.6,0.04,49.6,17.7,67.3,39.1,0.8,0.08,5.1,288.8,0.03,39.2,13.7,52.9,87.2,1.7,0.18,10.3,643.2,0.04,87.3,29.5,116.8,239.7,4.8,0.52,28.5,1747.3,0.12,240.0,80.6,320.5,15407070.0,300.3,31.9,2082166.8,114212.6,12.3,15424731.7,5489058.4,20913790.1,21.25,22.21,0.03,43.49,22.7,24.13,0.03,46.85,28128368.0,2289414.0,30417782.0,310696860.0,227430740.0,4248729.5,1436489.4,12027651.0,0.0,0.0,3754111.2,31205446.0,6503596.0,0.0,4399005.5,22761602.0,683626.9,0.0,41803092.0,181873520.0,0.0,4063.3,240.0,0.0,0.0,2683.0,12162.1,17835.6,0.0,937.4,2849.7,1422.8,0.0,21740.8,0.0,50077.0,16253.0,0.0,0.0
LowRECost,MISO_North,2045,339224830.0,933823.2,0.0,2961611.8,343120260.0,327025585.7,104650264.0,41109148.0,18633218.0,0.036,0.054,0.12,111307.49,68416.7,53.2,1.0,0.1,7.1,401.3,0.04,53.3,19.1,72.4,37.1,0.7,0.07,4.9,279.5,0.03,37.1,13.2,50.3,87.1,1.7,0.17,10.3,651.0,0.04,87.2,29.7,117.0,221.6,4.3,0.46,26.3,1631.4,0.11,221.9,74.9,296.8,17072753.2,324.4,32.9,2274146.1,128684.5,12.4,17091414.7,6112328.5,23203743.2,19.91,22.54,0.18,42.64,21.13,24.16,0.19,45.49,30169500.0,3109574.0,33279076.0,320644320.0,238469980.0,798844.6,1436489.4,11705977.0,0.0,0.0,5255644.5,29287370.0,11607332.0,0.0,4412042.5,22761602.0,164677.8,0.0,47111180.0,186103170.0,0.0,717.5,240.0,0.0,0.0,3760.3,12002.1,32962.6,0.0,937.4,2849.7,881.9,0.0,24389.5,0.0,50621.3,2869.9,0.0,0.0
LowRECost,MISO_North,2050,358360260.0,2168551.0,0.0,3066982.0,363595800.0,345472969.8,102826220.0,46021492.0,20675112.0,0.036,0.054,0.12,106760.12,72478.1,51.1,1.0,0.1,6.6,385.1,0.03,51.2,18.1,69.3,34.8,0.7,0.07,4.5,262.0,0.02,34.8,12.3,47.1,70.9,1.4,0.14,8.4,528.6,0.03,70.9,24.1,95.1,214.6,4.1,0.43,25.4,1598.6,0.1,214.9,73.1,287.9,17285802.6,328.2,33.3,2247457.6,130248.0,11.5,17304665.5,6131980.9,23436646.4,18.07,21.71,0.0,39.78,19.21,23.34,0.0,42.56,36680284.0,4393021.5,41073308.0,338249400.0,260769570.0,1853779.2,1193419.2,10891596.0,0.0,0.0,7091601.5,28261830.0,12730174.0,0.0,4382073.0,18021100.0,145871.6,0.0,48848804.0,204829170.0,0.0,1610.8,207.0,0.0,0.0,5093.3,11951.1,35246.6,0.0,937.4,2256.2,642.1,0.0,25476.9,0.0,56006.2,6443.4,0.0,0.0
LowRECost,MISO_South,2025,216510820.0,236723.0,15020.9,894487.2,217657060.0,208727603.9,200393000.0,8249241.5,712320.5,0.0359,0.0539,0.12,88758.76,47820.5,357.8,19.9,2.79,33.2,2206.3,0.25,359.2,99.0,458.2,362.6,20.3,2.84,33.6,2228.5,0.26,363.9,100.0,464.0,449.0,16.1,2.18,47.9,3312.0,0.3,450.1,146.7,596.8,637.6,39.2,5.79,55.3,3142.5,0.54,640.4,149.1,789.4,75185507.0,4186.6,585.9,6981290.4,463581.7,53.4,75470231.5,20810606.6,96280838.1,39.38,18.43,0.0,57.81,41.68,19.92,0.0,61.6,0.0,0.0,0.0,210120140.0,17264068.0,201225.7,1198375.8,0.0,28405428.0,0.0,752540.3,108515304.0,672838.6,0.0,3647090.5,42746000.0,7457967.0,11853.4,8839567.0,7671961.0,0.0,213.9,165.8,6686.9,0.0,493.5,19218.3,3385.5,0.0,1245.2,5351.7,9226.3,30.0,4139.9,0.0,2999.2,855.7,240.0,0.0
LowRECost,MISO_South,2030,230936060.0,3043836.0,50385.8,1262422.6,235292700.0,222634121.0,157888530.0,18840142.0,3830115.2,0.0359,0.054,0.12,88734.26,50236.1,176.9,5.4,0.7,21.3,1160.1,0.14,177.2,56.0,233.2,176.0,5.5,0.71,21.2,1149.9,0.14,176.4,55.5,231.8,290.0,8.9,1.09,31.4,1965.2,0.14,290.5,90.0,380.6,478.5,21.9,3.09,47.3,2578.3,0.35,480.0,124.2,604.3,38964776.2,1195.1,153.6,4702797.2,255558.2,31.5,39042318.6,12327020.1,51369338.6,29.03,16.94,0.0,45.96,30.85,18.48,0.0,49.33,127230.6,230977.0,358207.6,220282670.0,77404184.0,2593992.5,1116615.9,0.0,4539582.0,0.0,1748924.2,83688880.0,408940.8,0.0,3647090.5,42746000.0,4096997.2,40408.1,55580532.0,20074728.0,0.0,1882.1,154.7,4544.5,0.0,1145.8,20682.1,3314.5,0.0,1245.2,5351.7,7050.8,30.0,25948.3,0.0,6561.9,7528.5,240.0,0.0
LowRECost,MISO_South,2035,257431760.0,10651543.0,72588.8,2214511.2,270370400.0,248177131.8,143941380.0,48986296.0,15385754.0,0.0359,0.054,0.12,66281.69,54147.9,87.6,1.7,0.19,12.1,642.9,0.08,87.7,31.3,119.0,84.0,1.7,0.18,11.6,617.1,0.08,84.1,30.0,114.2,134.0,3.0,0.39,16.1,885.1,0.1,134.2,42.5,176.7,289.2,5.9,0.68,34.5,2058.2,0.17,289.5,95.9,385.4,20736573.2,410.8,44.8,2875765.0,152215.9,19.3,20761057.6,7417079.2,28178136.8,26.79,11.95,0.0,38.74,28.88,13.39,0.0,42.28,287335.8,3866304.8,4153640.8,236769870.0,126429030.0,9075441.0,1116615.9,0.0,0.0,0.0,2757175.2,52155900.0,339258.9,0.0,3647090.5,42746000.0,1202100.1,58431.1,85965490.0,37706370.0,0.0,6539.0,154.7,0.0,0.0,1817.5,20682.1,3314.5,0.0,1245.2,5351.7,4156.2,30.0,41425.5,0.0,12183.8,26156.0,240.0,0.0
LowRECost,MISO_South,2040,281819840.0,17946764.0,74763.6,2419499.8,302260860.0,271688370.9,139255280.0,52285628.0,20537386.0,0.0359,0.054,0.12,83762.57,59492.0,63.3,1.2,0.13,9.0,468.4,0.06,63.4,23.0,86.4,63.0,1.2,0.13,9.0,466.2,0.06,63.1,22.9,86.0,83.3,1.7,0.21,10.0,583.7,0.05,83.5,27.4,110.8,265.4,5.3,0.59,31.6,1923.2,0.14,265.7,88.9,354.6,17125599.8,336.0,36.1,2444814.8,126708.7,17.2,17145472.5,6225431.8,23370904.3,25.35,14.79,0.0,40.14,27.64,16.93,0.0,44.57,766912.7,6995925.0,7762838.5,270512600.0,163005580.0,15296966.0,1116615.9,0.0,0.0,0.0,3491078.8,43603224.0,233424.0,0.0,3647090.5,42746000.0,803573.0,60146.1,102905304.0,56609190.0,0.0,11235.6,154.7,0.0,0.0,2322.5,20682.1,3314.5,0.0,1245.2,5351.7,4156.2,30.0,49913.6,0.0,17934.9,44942.6,240.0,0.0
LowRECost,MISO_South,2045,301643940.0,24565686.0,70349.2,2678008.5,328957980.0,290800018.4,138719310.0,57793036.0,23591406.0,0.0359,0.054,0.12,86743.22,64276.2,46.6,0.9,0.1,6.9,347.6,0.05,46.6,17.3,63.9,47.3,0.9,0.1,7.0,353.0,0.05,47.3,17.5,64.9,88.4,1.8,0.2,10.5,634.4,0.05,88.5,29.4,118.0,240.4,4.7,0.52,28.5,1757.0,0.12,240.6,80.9,321.6,13723375.6,266.5,28.1,2039362.5,102443.7,15.3,13739000.0,5096354.2,18835354.2,22.22,15.31,0.0,37.52,24.43,17.83,0.0,42.27,1287564.9,10084110.0,11371675.0,294756350.0,190238670.0,20955424.0,1116615.9,0.0,0.0,0.0,4144568.0,35311524.0,216608.6,0.0,3633096.8,42746000.0,481824.0,56589.8,111961830.0,74132270.0,0.0,15826.6,154.7,0.0,0.0,2761.1,20682.1,3300.9,0.0,1245.2,5351.7,3113.4,30.0,54579.5,0.0,23255.7,63306.4,240.0,0.0
LowRECost,MISO_South,2050,317827680.0,31071552.0,61663.5,2803757.5,351764670.0,306402301.7,130422670.0,56892620.0,27698820.0,0.0359,0.054,0.12,85322.78,69329.2,31.8,0.6,0.06,5.0,241.1,0.04,31.8,12.2,44.1,33.2,0.6,0.06,5.2,251.9,0.04,33.3,12.7,46.0,67.1,1.3,0.14,7.9,498.1,0.03,67.2,22.8,90.0,210.2,4.0,0.42,24.9,1566.2,0.1,210.4,71.6,282.0,10260529.3,195.7,20.0,1626621.2,77771.9,13.3,10271819.1,3947855.6,14219674.7,18.51,15.03,0.0,33.55,20.33,17.79,0.0,38.12,5105714.5,12254322.0,17360036.0,322570850.0,221342000.0,26527614.0,1116615.9,0.0,0.0,0.0,4848816.5,26921636.0,129500.8,0.0,3587724.5,42746000.0,150107.2,49667.6,119895190.0,96597976.0,0.0,22471.7,154.7,0.0,0.0,3241.9,20682.1,3230.9,0.0,1245.2,5351.7,1093.5,30.0,58575.1,0.0,31377.4,89886.7,240.0,0.0
LowRECost,NYISO,2025,158741890.0,1229136.2,622295.2,251776.0,160845100.0,153034826.7,131426456.0,3345143.8,536423.0,0.0359,0.054,0.12,22367.58,36512.0,176.3,4.4,0.65,23.6,1266.8,0.21,176.6,61.4,238.0,188.0,5.0,0.73,24.9,1345.1,0.22,188.3,65.0,253.3,233.0,7.5,1.23,28.5,1301.5,0.3,233.5,67.3,300.9,614.2,25.6,3.99,67.4,3362.2,0.69,616.1,167.8,783.9,27857631.9,700.4,103.3,3729495.1,200205.4,32.7,27906692.1,9704531.1,37611223.3,42.63,4.41,10.21,57.25,45.17,4.81,10.79,60.77,0.0,0.0,0.0,158036380.0,29418644.0,1042040.7,1989598.8,10811173.0,0.0,0.0,3570584.5,49638056.0,814945.0,0.0,26503520.0,26688192.0,10627245.0,502966.8,7142989.0,18275934.0,429137.0,1745.6,389.6,0.0,0.0,2568.9,9588.7,2662.1,0.0,4553.7,3341.3,12192.8,1426.8,4151.2,132.0,5485.0,6982.5,11414.4,0.0
LowRECost,NYISO,2030,170298880.0,3032433.8,1339922.2,212927.0,174884180.0,164175493.7,106220810.0,1698971.2,4645068.0,0.0359,0.054,0.12,22370.58,38288.7,89.7,2.2,0.31,12.7,550.9,0.11,89.8,29.2,119.0,96.5,2.4,0.34,13.7,593.9,0.12,96.6,31.4,128.0,157.2,4.9,0.84,19.8,697.7,0.23,157.5,40.6,198.1,507.1,15.7,2.43,60.4,2686.5,0.55,508.3,140.6,648.8,15944981.0,388.7,55.6,2264930.2,97965.3,20.1,15971733.6,5189782.9,21161516.6,27.16,3.94,12.31,43.54,28.96,4.33,13.05,46.48,315953.2,20853.3,336806.5,177830270.0,68663360.0,2589992.0,1989598.8,13324724.0,0.0,0.0,4274384.5,30653860.0,211671.6,0.0,27688276.0,26688192.0,4953554.5,1067037.1,20270722.0,29781088.0,14337168.0,3000.0,389.6,0.0,0.0,3088.0,9445.5,470.4,0.0,4745.1,3341.3,6982.8,1426.8,11597.5,3801.0,7933.0,12000.0,11414.4,0.0
LowRECost,NYISO,2035,186261310.0,4656476.5,1265830.9,358611.1,192542220.0,179563188.0,105881670.0,5274493.5,8451063.0,0.0359,0.054,0.12,97234.43,41052.1,84.8,2.2,0.33,12.0,488.1,0.12,84.9,26.5,111.5,90.7,2.3,0.35,12.8,528.2,0.12,90.8,28.6,119.4,148.1,4.2,0.67,18.4,761.5,0.18,148.5,41.1,189.6,440.0,11.3,1.69,53.9,2541.1,0.44,440.8,129.8,570.5,16588817.7,428.7,64.8,2340744.5,95534.6,22.7,16619291.0,5193860.6,21813151.5,26.98,17.13,0.0,44.11,28.88,18.92,0.0,47.8,2873554.5,287681.9,3161236.5,195718800.0,86660550.0,3963637.5,1584482.1,12952252.0,0.0,0.0,5003847.0,28892244.0,101021.3,0.0,27383238.0,26688192.0,6472761.5,1020415.8,20345596.0,30037376.0,31273738.0,4698.5,334.6,0.0,0.0,3640.8,9445.5,470.4,0.0,4750.8,3341.3,6108.0,1426.8,11597.5,9000.0,7933.0,18794.2,11414.4,0.0
LowRECost,NYISO,2040,203176670.0,11675212.0,1200543.4,822077.9,216874500.0,195869801.4,82764480.0,27574420.0,23025352.0,0.036,0.054,0.12,247630.86,45117.1,0.0,0.0,0.0,1.4,3.0,0.03,0.0,1.5,1.5,0.0,0.0,0.0,0.0,0.0,0.0,0.0,0.0,0.0,0.0,0.0,0.0,0.0,0.0,0.0,0.0,0.0,0.0,353.0,7.3,0.85,42.1,2501.8,0.21,353.5,116.7,470.2,0.0,0.0,0.0,304851.4,643.9,5.6,0.0,325572.8,325572.8,29.32,43.49,6.71,79.56,31.68,49.48,7.17,88.37,3690627.5,1377331.9,5067959.5,212325440.0,134110020.0,9944796.0,1584482.1,12149191.0,0.0,0.0,6641876.0,0.0,0.0,0.0,26873760.0,26688192.0,0.0,974993.1,33275706.0,56877416.0,37315020.0,13506.9,334.6,0.0,0.0,4819.8,0.0,0.0,0.0,4763.2,3341.3,0.0,1426.8,19517.1,10287.9,15770.1,54027.5,11414.4,0.0
LowRECost,NYISO,2045,221359070.0,14704434.0,1240241.9,981354.4,238285100.0,213398366.3,79226536.0,31043082.0,31631532.0,0.0359,0.054,0.12,242369.45,49691.5,0.0,0.0,0.0,1.3,2.7,0.02,0.0,1.4,1.4,0.0,0.0,0.0,0.0,0.0,0.0,0.0,0.0,0.0,0.0,0.0,0.0,0.0,0.0,0.0,0.0,0.0,0.0,338.9,7.0,0.81,40.4,2398.1,0.2,339.3,111.9,451.2,0.0,0.0,0.0,304851.4,643.9,5.6,0.0,325572.8,325572.8,25.82,42.56,8.6,77.05,28.01,48.85,9.21,86.14,5192323.5,2408623.8,7600947.0,238873570.0,159058580.0,12551104.0,1584482.1,11320130.0,0.0,0.0,9184031.0,0.0,0.0,0.0,26672968.0,26688192.0,0.0,998117.9,42581856.0,65755316.0,41537376.0,16406.6,334.6,0.0,0.0,6672.4,0.0,0.0,0.0,4769.5,3341.3,0.0,1426.8,24980.0,11461.8,18465.7,65626.3,11414.4,0.0
LowRECost,NYISO,2050,238796640.0,20078036.0,1211132.4,1113530.1,261199360.0,230209041.6,78218770.0,39083764.0,35151880.0,0.0359,0.054,0.12,241612.36,54235.1,0.0,0.0,0.0,0.9,1.7,0.01,0.0,0.9,0.9,0.0,0.0,0.0,0.0,0.0,0.0,0.0,0.0,0.0,0.0,0.0,0.0,0.0,0.0,0.0,0.0,0.0,0.0,316.1,6.2,0.65,37.5,2333.0,0.15,316.4,107.0,423.5,0.0,0.0,0.0,220387.3,443.0,3.7,0.0,234602.0,234602.0,23.24,41.81,10.28,75.44,25.33,48.77,11.09,85.3,5247307.5,3142796.0,8390104.0,257267490.0,182980590.0,17128228.0,1584482.1,11008561.0,0.0,0.0,11869467.0,0.0,0.0,0.0,26499014.0,17086578.0,0.0,980018.5,52877716.0,75060460.0,43172936.0,21892.4,334.6,0.0,0.0,8637.7,0.0,0.0,0.0,4769.5,2139.2,0.0,1426.8,30812.9,11821.2,20687.1,87569.4,11414.4,0.0
LowRECost,NorthernGrid_East,2025,54637384.0,63314.2,0.0,546578.3,55247276.0,52672853.9,40406770.0,7901867.0,3248465.5,0.0359,0.054,0.12,79114.57,10625.9,248.6,27.4,3.97,9.1,636.2,0.12,250.5,28.0,278.5,217.4,23.8,3.45,8.1,564.6,0.11,219.0,24.9,244.0,804.8,78.2,11.24,38.0,2824.8,0.39,810.2,122.3,932.5,809.2,82.8,11.95,34.4,2530.3,0.39,814.9,109.9,924.8,12575717.1,1383.8,200.7,458226.5,32188.1,6.2,12671750.4,1419126.9,14090877.3,29.95,13.98,0.0,43.93,31.69,15.0,0.0,46.69,904.6,0.0,904.6,50593876.0,14840510.0,53111.5,319198.3,126283.6,11648166.0,0.0,1192630.8,1804283.6,0.0,74468.4,21727854.0,0.0,0.0,0.0,1632495.1,12015385.0,0.0,231.0,47.5,3746.3,0.0,797.2,549.3,789.1,10.0,5581.2,0.0,309.1,0.0,829.0,0.0,3416.2,924.0,0.0,0.0
LowRECost,NorthernGrid_East,2030,60358284.0,157357.4,0.0,878108.5,61393750.0,58188011.4,21266682.0,5729579.5,10300220.0,0.0359,0.054,0.12,79110.67,11740.0,58.1,6.2,0.89,2.4,155.2,0.03,58.5,7.0,65.5,55.8,5.8,0.84,2.4,154.0,0.03,56.2,7.0,63.1,158.8,13.5,1.92,9.2,613.0,0.08,159.7,27.5,187.3,433.6,38.4,5.49,23.9,1575.0,0.21,436.2,70.9,507.1,3831816.4,407.4,59.0,156141.5,10239.8,1.9,3860053.7,461804.6,4321858.3,18.62,13.43,0.0,32.05,19.77,14.46,0.0,34.24,466240.6,13782.5,480034.2,65964396.0,40127070.0,134986.1,233755.5,119968.9,3406966.5,0.0,1347294.0,947787.5,12.8,73879.2,20919966.0,0.0,0.0,0.0,1652065.1,37127710.0,0.0,231.0,35.9,3344.5,0.0,901.6,549.3,793.8,10.0,5726.9,0.0,0.0,0.0,829.0,0.0,9409.8,924.0,0.0,0.0
LowRECost,NorthernGrid_East,2035,70286420.0,1113511.5,0.0,1288999.9,72688930.0,67759084.7,17975832.0,12947002.0,17164668.0,0.036,0.054,0.12,97255.12,14042.4,2.4,0.0,0.0,0.4,18.5,0.0,2.4,0.9,3.4,2.9,0.1,0.01,0.5,22.3,0.0,2.9,1.1,4.1,123.3,2.4,0.24,14.6,920.1,0.06,123.5,42.0,165.5,204.9,4.0,0.42,24.3,1517.9,0.1,205.1,69.5,274.6,187668.3,3.5,0.4,29563.7,1425.2,0.1,187870.3,72066.1,259936.4,17.9,15.48,0.0,33.38,19.08,16.83,0.0,35.91,2191901.2,297667.5,2489586.8,76906600.0,54713096.0,949521.2,233755.5,115506.7,0.0,0.0,1338264.5,490092.2,11485.5,69919.5,20323218.0,0.0,0.0,0.0,6793945.5,46580890.0,0.0,872.0,35.9,0.0,0.0,902.4,549.3,797.0,10.0,5726.9,0.0,0.0,0.0,3329.1,0.0,12479.9,3488.0,0.0,0.0
LowRECost,NorthernGrid_East,2040,77372900.0,915015.2,0.0,1576246.9,79864150.0,74590802.7,20501142.0,16516931.0,18428370.0,0.0359,0.054,0.12,114478.41,15445.4,2.0,0.0,0.0,0.3,15.1,0.0,2.0,0.8,2.8,2.5,0.0,0.0,0.4,19.0,0.0,2.5,1.0,3.5,180.6,3.4,0.34,21.3,1361.3,0.08,180.8,61.9,242.7,193.1,3.7,0.37,22.8,1448.7,0.09,193.4,66.0,259.4,162970.9,3.1,0.3,26646.2,1238.8,0.1,163146.3,63591.8,226738.1,17.85,18.31,0.0,36.16,19.0,19.89,0.0,38.89,2184273.5,763678.6,2947966.2,81775590.0,59363016.0,780459.2,233755.5,116202.0,0.0,0.0,1385446.4,327286.6,77772.6,70679.8,20806426.0,0.0,0.0,0.0,10450391.0,47527176.0,0.0,641.0,35.9,0.0,0.0,932.8,549.3,3178.4,10.0,5726.9,0.0,0.0,0.0,5130.8,0.0,12211.8,2564.0,0.0,0.0
LowRECost,NorthernGrid_East,2045,84177660.0,913004.6,0.0,1698209.2,86788870.0,81150853.5,10867545.0,15253578.0,25044356.0,0.0359,0.054,0.12,95160.14,17093.6,1.4,0.0,0.0,0.2,10.5,0.0,1.4,0.6,1.9,1.7,0.0,0.0,0.3,13.0,0.0,1.7,0.7,2.4,105.1,2.0,0.2,12.4,790.5,0.05,105.2,36.0,141.2,173.1,3.3,0.34,20.5,1295.9,0.08,173.3,59.1,232.4,133325.8,2.5,0.3,23144.2,1015.1,0.1,133469.3,53419.9,186889.2,15.07,15.04,0.0,30.12,15.99,16.3,0.0,32.29,8308671.0,1304207.4,9612893.0,96579656.0,75921330.0,776808.8,233755.5,102992.3,0.0,0.0,1426668.4,279382.8,55602.1,62824.0,19146958.0,0.0,0.0,0.0,10118075.0,64376588.0,0.0,641.0,35.9,0.0,0.0,968.0,549.3,3178.4,10.0,5726.9,0.0,0.0,0.0,5142.5,0.0,18491.0,2564.0,0.0,0.0
LowRECost,NorthernGrid_East,2050,90001070.0,676764.4,0.0,1977191.4,92655020.0,86764865.2,2859892.0,14143238.0,29206048.0,0.0359,0.054,0.12,90404.97,18575.5,1.1,0.0,0.0,0.2,8.4,0.0,1.1,0.4,1.5,1.4,0.0,0.0,0.2,10.8,0.0,1.4,0.6,2.0,138.6,2.6,0.26,16.4,1043.9,0.06,138.7,47.5,186.2,163.5,3.1,0.31,19.3,1232.5,0.07,163.6,56.1,219.7,118324.6,2.2,0.2,21372.1,901.9,0.1,118451.9,48272.6,166724.5,13.43,14.46,0.0,27.89,14.22,15.65,0.0,29.87,14736349.0,2267076.8,17003434.0,107717840.0,89795140.0,577443.7,233755.5,92078.6,0.0,0.0,1481206.2,276486.5,29742.0,59395.8,16653800.0,0.0,0.0,0.0,11542849.0,76771080.0,0.0,544.8,35.9,0.0,0.0,1007.8,549.3,3055.6,10.0,5726.9,0.0,0.0,0.0,6091.1,0.0,22934.9,2179.1,0.0,0.0
LowRECost,NorthernGrid_South,2025,84253224.0,1726132.2,0.0,248068.8,86227420.0,81224471.6,57553770.0,3889875.2,3963377.2,0.0359,0.054,0.12,84046.82,18952.8,334.8,28.2,4.01,19.8,1499.5,0.16,336.7,64.6,401.3,357.6,30.5,4.34,20.9,1575.9,0.17,359.7,67.9,427.6,455.4,26.1,3.57,38.0,2932.4,0.21,457.1,125.5,582.6,604.7,39.9,5.56,45.7,3499.7,0.29,607.4,150.1,757.5,28891218.5,2433.4,346.0,1711067.7,129408.9,13.7,29058193.4,5571198.7,34629392.1,35.08,16.02,0.0,51.1,37.28,17.57,0.0,54.86,0.0,0.0,0.0,86300930.0,28673660.0,1468438.2,322711.6,0.0,19818568.0,0.0,2536712.0,23912858.0,11803.2,5358746.5,6733541.0,0.0,601.4,0.0,24122730.0,2014221.0,0.0,1132.4,50.4,3004.1,0.0,1379.6,8385.4,1872.3,719.6,3518.7,0.0,717.1,0.0,9864.8,0.0,739.7,4529.4,0.0,0.0
LowRECost,NorthernGrid_South,2030,94292650.0,1935829.0,0.0,642304.0,96870780.0,90902844.8,52655820.0,15358403.0,10953789.0,0.0359,0.054,0.12,84027.75,21302.4,233.3,18.7,2.65,14.7,960.9,0.11,234.5,43.3,277.9,231.9,18.5,2.62,14.7,959.5,0.11,233.1,43.3,276.4,177.6,6.8,0.87,17.8,1146.5,0.08,178.0,52.0,230.0,502.1,34.2,4.78,37.0,2388.3,0.24,504.5,108.3,612.7,21568110.4,1732.0,245.3,1356990.8,88849.2,10.2,21686682.7,4007487.0,25694169.7,26.08,16.24,0.0,42.32,27.88,17.91,0.0,45.78,31052.8,1500018.5,1532560.8,92466170.0,44214960.0,1651861.6,322711.6,0.0,13906944.0,0.0,2971712.5,19836160.0,88237.2,5702976.0,6733541.0,0.0,8776.2,0.0,36109576.0,5133672.5,0.0,1165.8,50.4,3004.1,0.0,1658.9,7842.3,1840.7,774.6,3518.7,0.0,491.1,0.0,14834.0,0.0,1592.8,4663.0,0.0,0.0
LowRECost,NorthernGrid_South,2035,109382250.0,16268614.0,0.0,1056744.5,126707600.0,105449887.5,49853080.0,25867088.0,17660148.0,0.0359,0.054,0.12,74963.0,24696.6,51.6,1.0,0.1,6.1,388.9,0.02,51.6,17.7,69.3,56.8,1.1,0.11,6.8,428.3,0.03,56.8,19.6,76.4,133.6,2.5,0.26,15.8,1004.6,0.06,133.7,45.7,179.5,308.3,5.9,0.6,36.5,2306.6,0.14,308.6,105.2,413.9,6110309.6,115.3,11.6,724716.8,46081.7,2.7,6116898.2,2098679.4,8215577.5,24.98,12.81,0.0,37.8,28.34,15.88,0.0,44.22,372873.6,9449498.0,9826042.0,118500660.0,76854520.0,13855630.0,101738.8,0.0,0.0,0.0,3198889.5,15685006.0,86849.4,5178884.0,6730223.0,0.0,7807.8,0.0,64945932.0,8709698.0,0.0,9960.6,20.4,0.0,0.0,1795.3,8077.3,1724.6,774.6,3518.7,0.0,253.6,0.0,29381.2,0.0,2688.2,39842.6,0.0,0.0
LowRECost,NorthernGrid_South,2040,124747050.0,24176528.0,0.0,1275265.6,150198850.0,120262277.7,56629708.0,27916730.0,27804180.0,0.0359,0.054,0.12,96859.22,28653.1,58.1,1.1,0.11,6.9,438.5,0.03,58.2,20.0,78.1,64.1,1.2,0.12,7.6,484.2,0.03,64.2,22.1,86.3,144.8,2.7,0.27,17.1,1091.9,0.06,144.9,49.7,194.6,284.0,5.4,0.55,33.6,2131.8,0.13,284.3,97.1,381.5,8720610.4,164.4,16.4,1032999.5,65808.5,3.8,8729995.9,2995128.7,11725124.6,23.61,16.25,0.0,39.86,27.43,20.97,0.0,48.39,378620.0,12147885.0,12528449.0,150086290.0,93569140.0,20556078.0,101738.8,0.0,0.0,0.0,3288684.8,24083172.0,2420.2,5045337.5,6727847.0,0.0,567.0,0.0,81165110.0,9115336.0,0.0,12223.0,20.4,0.0,0.0,1842.6,13802.0,1748.0,759.0,3518.7,0.0,239.6,0.0,36461.9,0.0,2697.8,60253.5,0.0,0.0
LowRECost,NorthernGrid_South,2045,138886180.0,27412602.0,0.0,1550333.5,167849100.0,133893102.3,56153430.0,33822588.0,37040932.0,0.0359,0.054,0.12,89664.91,32596.7,54.0,1.0,0.1,6.4,407.5,0.02,54.1,18.5,72.6,60.2,1.1,0.11,7.2,454.1,0.03,60.2,20.7,80.9,89.7,1.7,0.17,10.6,675.9,0.04,89.8,30.7,120.5,258.4,4.9,0.5,30.6,1940.8,0.12,258.7,88.4,347.1,9238015.1,174.1,17.4,1094123.3,69711.9,4.0,9247957.8,3172636.2,12420594.0,21.25,15.29,0.0,36.54,25.14,19.8,0.0,44.94,1026400.9,22469558.0,23498032.0,171067460.0,111695660.0,23317730.0,101738.8,0.0,0.0,0.0,3477085.2,25704120.0,2083.0,3542688.8,6702597.0,0.0,824.2,0.0,93187704.0,15030878.0,0.0,13513.3,20.4,0.0,0.0,1975.6,15254.8,1730.9,559.6,3518.7,0.0,239.6,0.0,44578.7,0.0,4829.2,67706.4,0.0,0.0
LowRECost,NorthernGrid_South,2050,152025470.0,33052796.0,0.0,1744717.0,186822990.0,146560143.7,53933256.0,35577252.0,46629596.0,0.0359,0.0539,0.12,95411.76,36522.6,49.0,0.9,0.09,5.8,370.0,0.02,49.1,16.8,65.9,48.9,0.9,0.09,5.8,368.9,0.02,48.9,16.8,65.7,88.2,1.7,0.17,10.4,664.8,0.04,88.3,30.2,118.5,234.4,4.4,0.44,27.7,1768.6,0.1,234.7,80.4,315.1,9703214.6,182.9,18.3,1149074.5,73223.6,4.2,9713657.5,3332289.7,13045947.1,18.34,16.34,0.0,34.68,22.01,21.55,0.0,43.56,1192018.8,30409574.0,31604090.0,197875340.0,132889740.0,28134628.0,101738.8,0.0,0.0,0.0,3809811.2,27179700.0,945.7,2888573.0,6679500.0,0.0,518.4,0.0,106769540.0,22310392.0,0.0,15924.1,20.4,0.0,0.0,2154.4,17622.8,1167.7,477.7,3518.7,0.0,11.4,0.0,52359.5,0.0,7307.4,83031.1,0.0,0.0
LowRECost,NorthernGrid_West,2025,158100640.0,6385.4,181014.9,2289412.0,160577460.0,152414716.7,132033576.0,110859.5,26398588.0,0.036,0.054,0.12,80995.52,33227.5,18.2,0.3,0.03,2.8,171.6,0.02,18.2,8.0,26.2,20.6,0.4,0.04,3.1,192.9,0.02,20.6,8.9,29.5,289.9,15.3,2.06,25.4,1974.2,0.13,291.0,84.3,375.2,422.3,27.6,3.83,32.1,2474.0,0.2,424.2,105.9,530.1,3406140.1,64.2,6.4,531036.6,32073.8,3.5,3409805.6,1487797.6,4897603.2,26.41,13.9,0.0,40.3,28.02,14.93,0.0,42.94,0.0,0.0,0.0,186865180.0,28543876.0,5367.6,1228183.5,8133015.0,0.0,0.0,853512.5,8920889.0,0.0,145213.4,130553370.0,9193461.0,0.0,141803.1,3642598.5,24047764.0,0.0,20.1,205.7,0.0,0.0,682.1,6007.1,1371.8,19.5,30835.3,1151.0,2.5,314.0,1961.8,0.0,7528.0,80.2,2512.0,0.0
LowRECost,NorthernGrid_West,2030,174448350.0,13542.5,208058.8,2202441.2,176872400.0,168174908.6,123963180.0,1449395.5,24287384.0,0.036,0.054,0.12,80988.63,35392.0,12.0,0.2,0.02,2.0,91.6,0.01,12.0,4.7,16.7,9.5,0.2,0.02,1.3,71.8,0.01,9.5,3.5,12.9,35.6,1.3,0.17,3.6,232.4,0.02,35.7,10.6,46.3,351.3,22.9,3.18,26.8,1735.8,0.17,352.8,78.6,431.4,2394224.3,45.1,4.5,390474.1,18292.2,3.0,2396800.8,936397.9,3333198.7,17.98,13.65,0.0,31.63,19.06,14.61,0.0,33.66,273351.5,72662.6,346076.3,199710380.0,52909212.0,11471.0,694166.0,6131588.0,0.0,0.0,1561131.2,6234639.5,0.0,143045.9,124227340.0,9193461.0,0.0,165459.3,6023943.0,45324136.0,0.0,20.1,133.2,0.0,0.0,1239.4,5675.3,1125.0,19.5,31712.2,1151.0,0.0,314.0,3131.6,0.0,12696.7,80.2,2512.0,0.0
LowRECost,NorthernGrid_West,2035,194986430.0,22145.9,365490.7,2963873.5,198337950.0,187974581.0,112680856.0,3196557.2,34554960.0,0.036,0.054,0.12,95596.51,39188.2,8.7,0.2,0.02,1.5,66.9,0.01,8.7,3.5,12.2,6.5,0.1,0.01,0.9,49.6,0.01,6.5,2.4,8.9,29.1,0.6,0.06,3.4,218.0,0.01,29.1,9.9,39.1,218.8,4.2,0.43,25.9,1638.8,0.1,219.0,74.7,293.7,2006961.7,37.8,3.8,339233.0,15363.2,2.8,2009121.5,797818.3,2806939.8,18.7,15.96,0.0,34.66,19.82,17.15,0.0,36.97,2064244.0,2003692.8,4068072.5,229696350.0,85657096.0,18818.0,581470.0,5399416.5,0.0,0.0,2155836.0,5225597.0,0.0,133822.1,123193520.0,9193461.0,0.0,293154.6,21485324.0,62015930.0,0.0,19.4,117.9,0.0,0.0,1720.8,5538.3,1084.3,19.5,31723.4,1151.0,0.0,314.0,11694.2,0.0,18104.2,77.7,2512.0,0.0
LowRECost,NorthernGrid_West,2040,214420690.0,3365.4,398521.4,3317494.8,218140060.0,206710103.9,114663630.0,5638222.0,36472828.0,0.036,0.054,0.12,112940.95,43287.4,9.2,0.2,0.02,1.5,70.1,0.01,9.2,3.6,12.8,6.3,0.1,0.01,0.9,48.0,0.0,6.3,2.3,8.6,30.2,0.6,0.06,3.6,227.5,0.01,30.2,10.3,40.5,205.2,3.9,0.39,24.3,1541.9,0.09,205.4,70.2,275.6,2283350.2,43.0,4.3,371882.9,17448.9,2.9,2285807.4,892654.0,3178461.4,19.72,19.12,0.0,38.83,20.91,20.57,0.0,41.47,4426817.5,3088350.2,7515208.0,248974670.0,103476430.0,2848.0,581470.0,5791530.5,0.0,0.0,2224724.0,5824784.0,71162.6,130734.4,123585260.0,9193461.0,0.0,316982.0,25136098.0,76115610.0,0.0,2.5,117.9,0.0,0.0,1787.1,5538.3,1286.6,19.5,31723.4,1151.0,0.0,314.0,13776.1,0.0,22311.1,10.0,2512.0,0.0
LowRECost,NorthernGrid_West,2045,232522140.0,3480.8,471518.0,3846341.2,236843490.0,224160727.9,115916056.0,11206098.0,39493136.0,0.036,0.054,0.12,107767.9,46963.4,7.8,0.1,0.01,1.3,59.4,0.01,7.8,3.1,10.8,5.2,0.1,0.01,0.7,39.3,0.0,5.2,1.9,7.1,22.7,0.4,0.04,2.7,170.8,0.01,22.7,7.8,30.5,190.3,3.6,0.36,22.5,1431.9,0.08,190.5,65.2,255.7,2057344.4,38.8,3.9,345184.7,15743.4,2.8,2059558.4,815105.9,2874664.2,17.7,18.3,0.0,36.0,18.76,19.72,0.0,38.48,8433206.0,4749827.0,13183033.0,265130530.0,120927440.0,2943.5,581470.0,4872983.0,0.0,0.0,2323589.8,5038208.0,222731.0,0.0,123915290.0,9193461.0,0.0,375998.6,27809964.0,90793880.0,0.0,2.5,117.9,0.0,0.0,1869.0,5061.3,2192.9,0.0,31731.5,1151.0,0.0,314.0,15598.6,0.0,27344.1,10.0,2512.0,0.0
LowRECost,NorthernGrid_West,2050,249583570.0,2424926.0,492287.4,4403781.0,256904540.0,240608726.2,113819790.0,14542086.0,42390340.0,0.036,0.054,0.12,104700.3,50377.6,7.4,0.1,0.01,1.2,56.4,0.01,7.4,2.9,10.3,4.9,0.1,0.01,0.7,36.8,0.0,4.9,1.8,6.6,22.6,0.4,0.04,2.7,170.6,0.01,22.7,7.8,30.4,187.7,3.5,0.35,22.2,1416.1,0.08,187.9,64.4,252.3,2098771.7,39.6,4.0,350078.6,16056.0,2.8,2101030.3,829320.6,2930350.9,16.2,17.59,0.0,33.79,17.29,19.14,0.0,36.43,6597368.5,4538928.5,11136297.0,284752800.0,143084770.0,2059140.0,581470.0,5718391.0,0.0,0.0,2470673.2,4936762.5,394104.2,0.0,118394010.0,9193461.0,0.0,390699.1,33820624.0,106793464.0,0.0,1971.4,117.9,0.0,0.0,1979.5,4262.2,3545.7,0.0,31731.5,1151.0,0.0,314.0,18179.7,0.0,30796.4,7885.6,2512.0,0.0
LowRECost,PJM_East,2025,729503100.0,5078066.0,5315218.0,4213489.0,744109800.0,703274029.5,655681400.0,2416917.0,4467357.0,0.0359,0.054,0.12,105494.86,166849.3,364.5,27.4,3.86,26.6,1874.8,0.22,366.3,82.6,448.9,384.0,28.9,4.08,28.0,1971.5,0.23,386.0,86.8,472.9,294.7,7.0,0.79,33.6,2622.5,0.14,295.1,111.8,406.9,621.3,40.7,5.74,48.2,3457.4,0.35,624.0,151.4,775.4,271952215.2,20463.5,2882.2,19880374.5,1398927.7,161.3,273348857.3,61612454.9,334961312.2,36.82,21.13,0.22,58.17,39.04,23.15,0.24,62.43,865.4,4.5,869.9,746160300.0,88428424.0,4332797.5,5811802.5,0.0,173110460.0,0.0,6581960.0,298029980.0,2628800.5,0.0,9139849.0,159425470.0,940120.4,4312582.0,44656380.0,37148604.0,41477.1,3015.4,1143.7,37922.3,0.0,4582.2,55100.1,21617.7,0.0,3160.5,19959.7,9042.1,5203.0,23248.2,12.0,11764.8,16160.2,41624.0,0.0
LowRECost,PJM_East,2030,777558700.0,12235793.0,5041564.5,5228622.0,800064640.0,749600225.3,634193400.0,19742922.0,2151152.0,0.0359,0.054,0.12,105489.38,175313.0,265.3,14.2,1.93,25.0,1481.8,0.17,266.2,69.2,335.5,275.4,14.9,2.02,25.9,1534.1,0.17,276.3,71.7,348.0,232.5,4.7,0.49,27.2,1728.8,0.1,232.7,78.8,311.5,544.3,35.6,5.07,42.7,2502.2,0.33,546.7,117.4,664.1,207570125.1,11150.1,1513.0,19591148.0,1159503.1,129.7,208315434.9,54179750.3,262495185.2,30.92,20.17,0.24,51.33,32.84,22.24,0.25,55.33,31209.9,5906.0,37115.9,782472900.0,165871260.0,10437849.0,4394278.0,0.0,76680870.0,0.0,11029859.0,345613280.0,4655995.0,0.0,9407797.0,159425470.0,1908562.8,4077554.5,57401588.0,67689960.0,29749860.0,7969.9,951.3,31165.2,0.0,7642.3,56879.8,20969.7,0.0,3247.5,19959.7,7325.1,5203.0,29241.6,7849.9,18941.7,35978.3,41624.0,0.0
LowRECost,PJM_East,2035,847549400.0,25661854.0,3945972.0,6798610.5,883955840.0,817072975.2,563649400.0,85978376.0,10187682.0,0.0359,0.054,0.12,100813.29,191851.3,138.2,2.7,0.28,18.3,1026.0,0.11,138.4,48.9,187.3,136.6,2.7,0.28,18.2,1012.4,0.11,136.8,48.4,185.2,184.4,3.6,0.37,21.8,1368.1,0.09,184.6,62.6,247.2,357.3,7.9,1.0,43.0,2399.7,0.25,357.9,114.5,472.4,111713761.8,2172.1,229.8,14820770.8,829168.6,86.6,111841229.4,39553624.2,151394853.6,31.3,18.23,0.0,49.53,33.39,20.3,0.0,53.69,244721.5,103464.7,348186.2,808165100.0,320306400.0,21947892.0,4394278.0,0.0,0.0,0.0,15090589.0,274935970.0,10987924.0,0.0,9407749.0,159425470.0,3538910.5,3220511.2,92490160.0,133297540.0,79428130.0,24706.5,951.3,0.0,0.0,10461.9,59945.8,20985.5,0.0,3247.5,19959.7,5953.6,5203.0,46147.7,20609.9,38951.4,102924.6,41624.0,0.0
LowRECost,PJM_East,2040,922468740.0,28063238.0,4394020.5,8127010.5,963052900.0,889297655.5,587630140.0,114102670.0,24644828.0,0.0359,0.054,0.12,111556.33,208910.7,128.1,2.5,0.25,17.0,958.5,0.1,128.2,45.5,173.7,122.0,2.3,0.24,16.3,913.6,0.09,122.2,43.5,165.7,168.1,3.2,0.33,19.9,1260.4,0.08,168.3,57.5,225.8,318.7,6.4,0.72,37.9,2294.0,0.17,319.1,106.3,425.5,111866552.5,2148.0,222.3,14816208.4,837342.2,84.3,111991256.8,39792025.4,151783282.2,30.82,20.38,0.0,51.19,32.88,22.68,0.0,55.57,629335.4,210916.2,840251.6,873595200.0,375422880.0,24021148.0,4341244.5,0.0,0.0,0.0,18152296.0,287564580.0,7750147.0,0.0,9403241.0,159425470.0,2078578.4,3587899.2,97500550.0,161529470.0,98240540.0,27748.2,944.1,0.0,0.0,12605.8,71840.9,21306.0,0.0,3247.5,19959.7,5285.7,5203.0,48248.9,25134.9,46198.6,110992.8,41624.0,0.0
LowRECost,PJM_East,2045,1000426300.0,36814348.0,4096087.2,9609071.0,1050945860.0,964452418.6,627616960.0,150188350.0,29510268.0,0.0359,0.054,0.12,126549.69,227469.6,118.9,2.3,0.23,15.8,892.1,0.09,119.0,42.4,161.4,110.1,2.1,0.22,14.7,826.4,0.09,110.2,39.4,149.6,162.8,3.1,0.32,19.3,1217.1,0.07,163.0,55.5,218.5,317.9,6.4,0.73,37.8,2282.6,0.18,318.3,105.9,424.2,110580015.1,2115.1,217.4,14658511.6,829905.2,83.0,110702388.4,39412351.9,150114740.4,27.92,23.23,0.0,51.15,29.82,26.05,0.0,55.87,683564.6,557248.2,1240812.8,930267800.0,423328860.0,31538772.0,4341244.5,0.0,0.0,0.0,21597472.0,290393950.0,6889001.0,0.0,9403189.0,159425470.0,1612319.0,3334967.2,109417690.0,192988590.0,99325110.0,38486.4,944.1,0.0,0.0,15023.9,76317.1,20153.4,0.0,3247.5,19959.7,4705.9,5203.0,53582.0,25134.9,54582.6,153945.7,41624.0,0.0
LowRECost,PJM_East,2050,1069901950.0,45243504.0,4120292.5,10718765.0,1129984500.0,1031430890.8,677109600.0,196860030.0,36795136.0,0.0359,0.054,0.12,125626.91,245620.7,109.0,2.1,0.21,14.6,822.6,0.09,109.1,39.2,148.3,97.2,1.8,0.19,13.2,734.0,0.08,97.3,35.1,132.4,152.8,2.9,0.3,18.1,1143.8,0.07,153.0,52.2,205.2,291.1,5.7,0.62,34.5,2137.0,0.15,291.5,98.3,389.7,105722683.2,2007.1,203.5,14204229.5,797856.6,82.5,105838039.5,38002868.1,143840907.7,24.62,23.14,0.33,48.09,26.36,26.14,0.34,52.84,876600.4,943026.7,1819627.2,969919600.0,452874850.0,38725584.0,4341244.5,0.0,0.0,0.0,23316318.0,276655000.0,9595973.0,0.0,9403189.0,174184500.0,782672.0,3356545.5,120665010.0,204829630.0,104063880.0,45255.7,944.1,0.0,0.0,16227.7,77935.0,27410.4,0.0,3247.5,21807.5,2200.3,5203.0,58803.2,26192.9,56992.6,192807.6,41624.0,0.0
LowRECost,PJM_West,2025,108721384.0,2248779.0,0.0,132961.2,111103120.0,104813044.6,101612970.0,1090456.1,19922140.0,0.0359,0.0539,0.12,106903.95,26283.5,76.2,1.4,0.15,15.4,724.5,0.18,76.3,37.0,113.3,86.9,1.9,0.2,16.6,807.4,0.18,87.0,40.7,127.7,378.9,18.7,2.54,34.6,2608.9,0.19,380.2,112.4,492.6,612.2,38.8,5.41,48.2,3593.3,0.31,614.8,155.4,770.2,9898935.1,187.5,18.9,2002209.2,94134.9,23.0,9909686.7,4813693.8,14723380.5,33.94,23.86,0.01,57.81,36.19,26.41,0.01,62.6,0.0,0.0,0.0,129934800.0,9490151.0,1919865.8,388265.3,0.0,0.0,0.0,171747.5,21332198.0,3343395.0,0.0,178472.8,93222180.0,60282.9,0.0,3018161.5,6300242.0,0.0,2205.0,83.0,0.0,0.0,116.6,6502.8,8146.7,0.0,59.1,11671.2,401.5,0.0,1503.6,0.0,1959.0,8840.0,0.0,0.0
LowRECost,PJM_West,2030,117765656.0,1927219.8,0.0,206214.8,119899110.0,113531812.1,92159110.0,2546431.0,29092922.0,0.0359,0.054,0.12,106904.01,27740.6,63.7,1.2,0.12,13.2,492.8,0.15,63.8,27.9,91.7,66.6,1.3,0.13,13.6,512.9,0.16,66.7,28.9,95.6,205.2,8.8,1.17,20.1,1236.0,0.11,205.8,57.0,262.7,499.5,27.7,3.81,42.9,2681.7,0.26,501.4,122.9,624.3,9330630.8,176.6,17.8,1934992.2,72171.2,22.7,9340757.1,4091890.9,13432648.0,23.75,23.08,0.02,46.85,25.26,25.39,0.02,50.67,9528.6,15186.8,24715.4,146445600.0,27739994.0,1639780.4,388265.3,0.0,0.0,0.0,341303.8,20023290.0,3200950.2,0.0,178472.8,93222180.0,52669.9,0.0,6217549.5,21181140.0,0.0,2205.0,83.0,0.0,0.0,231.8,6502.8,8146.3,0.0,59.1,11671.2,52.7,0.0,3052.5,0.0,5753.7,8840.0,0.0,0.0
LowRECost,PJM_West,2035,133569050.0,4136711.5,0.0,343729.3,138049490.0,128766691.1,108653784.0,11126256.0,20566500.0,0.0359,0.054,0.12,123051.82,30031.3,56.1,1.1,0.11,12.3,435.2,0.15,56.1,25.3,81.4,55.4,1.0,0.11,12.1,430.1,0.15,55.5,25.0,80.5,123.9,2.4,0.27,14.7,905.0,0.06,124.0,41.7,165.7,308.6,6.4,0.75,36.9,2173.1,0.18,309.0,101.7,410.7,8268048.6,156.5,15.8,1809372.0,64191.3,22.2,8277015.4,3728340.1,12005355.4,22.37,25.03,0.0,47.4,23.94,27.84,0.0,51.78,1678861.4,151781.1,1830642.6,147489740.0,29395708.0,3539630.8,388265.3,0.0,0.0,0.0,775332.4,18309668.0,2413116.0,0.0,178472.8,93222180.0,42707.8,0.0,6156523.5,22463852.0,0.0,3579.1,83.0,0.0,0.0,531.8,6502.8,8146.3,0.0,59.1,11671.2,52.7,0.0,3052.5,0.0,6479.7,14336.4,0.0,0.0
LowRECost,PJM_West,2040,145841920.0,5484757.5,0.0,433587.8,151760270.0,140598110.2,119327410.0,20894720.0,19344008.0,0.0359,0.054,0.12,136191.03,33169.7,51.6,1.0,0.1,11.6,401.2,0.15,51.6,23.6,75.3,46.1,0.9,0.09,10.2,357.9,0.13,46.2,20.9,67.1,120.9,2.3,0.25,14.3,893.4,0.06,121.0,41.0,162.0,274.0,5.6,0.64,32.6,1956.2,0.15,274.3,91.0,365.3,7749506.6,146.7,14.8,1748142.9,60267.8,22.0,7757919.7,3550129.3,11308049.0,23.44,27.31,0.0,50.75,25.14,30.58,0.0,55.72,1486882.2,113357.8,1600240.0,150209550.0,32432858.0,4693932.0,388265.3,0.0,0.0,0.0,1650525.9,16718555.0,2529991.8,0.0,178472.8,93222180.0,45307.7,0.0,6291373.0,24490958.0,0.0,5193.0,83.0,0.0,0.0,1126.6,6502.8,8148.4,0.0,59.1,11671.2,52.7,0.0,3052.5,0.0,6777.7,20772.1,0.0,0.0
LowRECost,PJM_West,2045,157731800.0,12407000.0,0.0,656278.0,170795090.0,152060434.7,124841740.0,39279410.0,24115212.0,0.0359,0.054,0.12,142363.89,35841.2,12.8,0.2,0.02,6.9,109.1,0.12,12.8,10.1,22.9,15.0,0.3,0.03,6.2,123.4,0.11,15.0,9.9,24.9,81.1,1.6,0.17,9.6,599.2,0.04,81.2,27.5,108.7,252.8,5.1,0.57,30.1,1823.3,0.14,253.2,84.5,337.6,1989068.0,37.5,3.7,1067215.5,16975.1,19.4,1991208.5,1578381.0,3569589.5,21.38,26.76,0.0,48.14,23.26,31.14,0.0,54.4,1336505.4,187692.0,1524197.5,155630900.0,45953340.0,10630254.0,388265.3,0.0,0.0,0.0,3002208.0,5134376.5,124013.8,0.0,178472.8,93222180.0,0.0,0.0,12793673.0,30157460.0,0.0,13616.2,83.0,0.0,0.0,2036.7,2168.8,396.8,0.0,59.1,11671.2,0.0,0.0,6100.2,0.0,8049.2,54464.8,0.0,0.0
LowRECost,PJM_West,2050,167146640.0,11747407.0,0.0,778611.6,179672660.0,161136832.2,130168040.0,53557700.0,25482550.0,0.0359,0.054,0.12,134068.6,37883.1,13.7,0.3,0.03,6.7,115.0,0.12,13.7,10.1,23.8,16.6,0.3,0.03,5.9,134.3,0.09,16.6,9.9,26.5,43.4,0.8,0.09,5.1,319.4,0.02,43.4,14.7,58.1,237.9,4.6,0.49,28.2,1761.3,0.11,238.2,80.7,318.9,2070617.9,39.0,3.9,1013471.1,17439.7,18.0,2072846.2,1538102.5,3610948.7,19.88,25.76,0.0,45.63,21.55,29.76,0.0,51.32,634823.4,77207.0,712030.4,151597500.0,49504620.0,10072046.0,388265.3,0.0,0.0,0.0,4506007.5,5226896.5,209644.5,0.0,178472.8,86017560.0,0.0,0.0,12944254.0,32054358.0,0.0,13647.2,83.0,0.0,0.0,3054.6,2168.8,396.8,0.0,59.1,10769.2,0.0,0.0,6061.4,0.0,8239.2,54588.6,0.0,0.0
LowRECost,SERTP,2025,652517760.0,2300271.2,6351614.5,638006.2,661807600.0,629056647.7,620778400.0,2631411.0,3234537.2,0.0359,0.054,0.12,112495.42,146035.0,362.6,33.0,4.73,22.5,1441.8,0.25,364.9,65.5,430.4,381.7,34.8,4.98,23.6,1515.8,0.26,384.1,68.9,452.9,535.8,33.5,4.66,42.6,3175.3,0.27,538.0,137.3,675.4,636.8,42.5,6.03,48.9,3444.3,0.37,639.7,151.6,791.3,240222502.9,21864.0,3130.9,14886324.6,955067.3,163.1,241728787.3,43391855.5,285120642.8,38.58,22.89,0.0,61.47,40.9,24.99,0.0,65.89,0.0,16.7,16.7,662410750.0,41029276.0,1966447.6,4098943.2,0.0,182716400.0,0.0,2403850.8,157731260.0,2119224.8,0.0,33546214.0,233058610.0,1006817.5,5137585.0,37176140.0,1449286.1,0.0,1774.0,631.6,32078.1,0.0,1574.2,40962.4,26531.6,0.0,12077.7,29178.4,5077.2,6475.7,18332.4,0.0,516.1,7096.0,51805.6,0.0
LowRECost,SERTP,2030,699584600.0,12472627.0,5251701.5,883594.0,718192450.0,674431152.7,627859700.0,10197348.0,2855188.2,0.0359,0.054,0.12,112505.02,156064.3,264.5,19.1,2.69,21.5,1209.5,0.19,265.8,57.6,323.4,278.6,20.2,2.83,22.7,1273.4,0.2,280.0,60.7,340.7,269.0,6.6,0.75,30.4,1935.9,0.12,269.4,88.1,357.5,491.7,34.1,4.83,36.5,2209.3,0.28,494.0,102.4,596.4,188016797.5,13611.8,1910.3,15309494.7,859788.0,135.8,188943932.9,40968255.1,229912188.0,32.41,22.09,0.0,54.5,34.41,24.38,0.0,58.78,411.8,14.5,426.3,710850300.0,90332780.0,10634700.0,4253624.0,0.0,108479280.0,0.0,5455854.0,221171790.0,2358988.8,0.0,35449416.0,233058610.0,830778.7,4280331.0,71410020.0,13466917.0,0.0,9641.6,652.6,26946.1,0.0,3582.6,45977.7,26216.2,0.0,12641.5,29178.4,4189.2,6475.7,34427.8,0.0,4184.0,38566.4,51805.6,0.0
LowRECost,SERTP,2035,784413250.0,33627300.0,12887440.0,3107345.8,834035300.0,756210335.1,458705300.0,34323548.0,31709244.0,0.0359,0.054,0.12,75099.94,172226.5,66.1,1.3,0.13,10.5,499.0,0.09,66.2,25.4,91.6,72.2,1.4,0.14,11.4,544.6,0.09,72.3,27.7,99.9,77.4,1.7,0.2,9.3,531.8,0.05,77.5,25.1,102.6,234.4,4.8,0.56,28.0,1661.1,0.14,234.7,77.5,312.2,54980219.7,1055.6,109.2,8699764.3,414876.4,72.4,55041495.9,21082857.8,76124353.7,30.45,13.49,0.0,43.93,32.92,15.34,0.0,48.27,2857845.5,5854496.0,8712341.0,831421060.0,375330080.0,28663082.0,3907433.5,0.0,0.0,0.0,10664962.0,139729680.0,3830414.5,0.0,35366068.0,233058610.0,1159058.6,10376647.0,210692100.0,153973010.0,0.0,22060.8,605.6,0.0,0.0,7068.7,45857.7,25596.6,0.0,12641.5,29178.4,3258.9,6475.7,103318.1,0.0,49938.9,88243.3,51805.6,0.0
LowRECost,SERTP,2040,867388740.0,52905484.0,13419238.0,4714839.5,938428300.0,836202509.2,446953380.0,44699616.0,47149556.0,0.0359,0.054,0.12,90367.42,192249.8,48.7,0.9,0.09,8.1,370.6,0.07,48.7,19.1,67.9,55.0,1.0,0.11,9.1,418.6,0.08,55.1,21.6,76.6,86.3,1.7,0.18,10.2,638.1,0.04,86.4,29.3,115.6,209.1,4.1,0.44,24.8,1535.2,0.1,209.3,70.6,279.9,45798759.7,870.8,88.5,7607418.0,348665.0,67.5,45848874.8,18016052.8,63864927.6,29.25,15.98,0.0,45.23,31.84,18.51,0.0,50.35,9731420.0,13646462.0,23377882.0,940878200.0,491474880.0,45122900.0,3907433.5,0.0,0.0,0.0,13777014.0,118135380.0,2897200.2,0.0,35031908.0,233058610.0,460283.7,10789609.0,265755570.0,211942300.0,0.0,35439.3,605.6,0.0,0.0,9270.8,45857.7,25596.6,0.0,12641.5,29178.4,2476.7,6475.7,131110.1,0.0,68970.7,141757.2,51805.6,0.0
LowRECost,SERTP,2045,949827800.0,81816904.0,13785555.0,6128182.5,1051558400.0,915678345.2,424161380.0,54535464.0,76509230.0,0.0359,0.054,0.12,104932.3,213091.2,33.1,0.6,0.06,5.9,253.0,0.06,33.1,13.5,46.6,38.8,0.7,0.07,6.9,296.8,0.07,38.8,15.7,54.6,70.5,1.4,0.14,8.4,523.1,0.03,70.6,24.0,94.6,179.1,3.5,0.38,21.2,1317.4,0.09,179.3,60.5,239.8,35480814.9,673.3,68.2,6348271.3,271553.1,62.6,35519494.8,14457634.3,49977129.0,24.22,18.04,0.0,42.26,26.7,21.37,0.0,48.06,28947380.0,29656768.0,58604148.0,1073532200.0,627397060.0,69813750.0,3318172.8,0.0,0.0,0.0,16083149.0,92216940.0,1966563.2,0.0,34395050.0,233058610.0,278511.8,11087531.0,338016800.0,273297120.0,0.0,55865.9,525.6,0.0,0.0,10841.4,44967.7,25596.6,0.0,12641.5,29178.4,1865.8,6475.7,170294.2,0.0,92581.3,223463.6,51805.6,0.0
LowRECost,SERTP,2050,1024535700.0,111101230.0,11936748.0,7315480.0,1154889100.0,987701206.9,399214000.0,58367732.0,110091600.0,0.0359,0.054,0.12,105439.91,232882.2,23.7,0.4,0.05,4.6,182.9,0.05,23.8,10.1,33.8,28.9,0.5,0.05,5.5,222.7,0.06,28.9,12.1,41.1,69.4,1.3,0.13,8.2,521.0,0.03,69.5,23.7,93.3,167.9,3.2,0.34,19.9,1244.9,0.08,168.1,57.0,225.1,28635024.2,541.0,54.3,5536980.0,220749.4,59.3,28665980.3,12131503.3,40797483.6,20.28,17.77,0.0,38.05,22.53,21.43,0.0,43.96,46242104.0,46010060.0,92252170.0,1206613000.0,755675100.0,94797660.0,3304914.2,0.0,0.0,0.0,19232414.0,76383944.0,796582.6,0.0,32891706.0,233058610.0,83110.9,9621340.0,398498980.0,337943680.0,0.0,77643.6,523.8,0.0,0.0,12844.6,46791.5,24360.6,0.0,12641.5,29178.4,560.3,6475.7,203904.7,0.0,117182.6,320465.8,51805.6,0.0
LowRECost,SPP_North,2025,57102880.0,2561.6,0.0,681371.4,57786816.0,55049471.5,17602052.0,2451961.0,16603459.0,0.0359,0.054,0.12,26071.37,12809.3,227.5,25.4,3.69,8.5,553.4,0.13,229.3,25.0,254.3,243.0,27.1,3.94,9.2,593.1,0.14,244.9,26.9,271.8,611.2,58.6,8.46,29.9,2131.6,0.32,615.3,93.5,708.8,828.9,81.5,11.78,38.8,2738.2,0.43,834.5,120.5,955.0,16368519.8,1830.2,265.7,609788.0,39807.4,9.3,16495605.5,1798577.1,18294182.7,29.5,5.19,0.0,34.7,31.29,5.62,0.0,36.91,82087.4,1535.0,83622.4,71938310.0,40184764.0,2188.6,50348.1,121236.4,15503042.0,0.0,56069.3,893890.1,394610.6,0.0,8627929.0,6150273.5,10032.9,0.0,544134.4,39584560.0,0.0,1.7,11.0,8315.7,0.0,33.9,678.8,3864.6,0.0,2431.1,770.0,441.2,0.0,271.9,0.0,10960.1,6.8,0.0,0.0
LowRECost,SPP_North,2030,64134456.0,2590.3,0.0,849601.5,64986650.0,61828089.0,12311212.0,7303165.0,15908608.0,0.0359,0.054,0.12,26055.88,13374.0,80.4,8.4,1.22,4.0,222.3,0.06,80.9,10.6,91.6,90.1,9.4,1.36,4.5,250.5,0.06,90.8,11.9,102.7,435.0,40.1,5.77,22.8,1462.5,0.22,437.8,66.4,504.2,489.7,41.8,5.99,28.8,1814.6,0.26,492.6,83.0,575.6,5913681.6,620.6,89.7,292681.3,16357.0,4.1,5956672.7,781241.6,6737914.3,18.83,5.06,0.0,23.9,19.97,5.45,0.0,25.43,7265061.0,135333.8,7400394.5,73592090.0,52675436.0,2206.8,50348.1,106319.9,5174376.0,0.0,80010.7,968721.2,446059.9,0.0,8011630.5,6150273.5,6719.8,0.0,2584885.5,50010540.0,0.0,1.7,11.0,5652.3,0.0,52.0,678.8,3453.3,0.0,2543.1,770.0,53.1,0.0,1225.3,0.0,13670.9,6.8,0.0,0.0
LowRECost,SPP_North,2035,74613520.0,214009.6,0.0,1488864.9,76316400.0,71929850.4,1758509.8,13336767.0,27318908.0,0.036,0.054,0.12,105190.44,14881.9,9.3,0.2,0.02,1.7,71.5,0.02,9.4,3.9,13.2,11.0,0.2,0.02,2.0,84.1,0.02,11.0,4.5,15.5,108.9,2.2,0.26,13.0,770.2,0.06,109.0,36.0,145.0,224.5,4.5,0.5,26.7,1627.8,0.12,224.8,75.2,300.0,843814.3,16.1,1.6,155281.0,6459.3,1.6,844738.5,348208.2,1192946.7,17.29,26.31,0.0,43.6,18.31,28.17,0.0,46.48,16027590.0,1035574.2,17063166.0,90298536.0,74557890.0,182081.9,50348.1,95895.2,0.0,0.0,158068.0,804199.6,943246.2,0.0,7505099.0,6150273.5,9508.0,0.0,8480873.0,65918944.0,0.0,154.5,11.0,0.0,0.0,103.8,680.5,3615.5,0.0,2609.1,770.0,51.1,0.0,4165.6,0.0,19569.5,618.1,0.0,0.0
LowRECost,SPP_North,2040,82424530.0,521909.8,0.0,1683497.6,84629940.0,79459978.3,-459418.0,15563902.0,31505140.0,0.036,0.054,0.12,96747.87,16447.5,6.8,0.1,0.01,1.4,52.3,0.02,6.8,2.9,9.7,8.0,0.2,0.02,1.6,61.8,0.02,8.0,3.4,11.5,71.1,1.4,0.14,8.4,527.7,0.03,71.2,24.2,95.4,196.5,3.9,0.41,23.3,1444.0,0.1,196.8,66.4,263.1,683497.1,13.0,1.3,136314.2,5260.9,1.5,684244.0,293507.9,977751.9,16.53,23.39,0.0,39.92,17.53,25.02,0.0,42.55,19525722.0,2786855.5,22312578.0,100571170.0,85089350.0,446309.3,50348.1,97505.2,0.0,0.0,289711.8,677132.4,755969.1,0.0,7297569.5,6150273.5,6709.1,0.0,11754819.0,73044820.0,0.0,396.9,11.0,0.0,0.0,187.7,683.9,4051.7,0.0,2609.1,770.0,51.1,0.0,6252.6,0.0,21280.2,1587.6,0.0,0.0
LowRECost,SPP_North,2045,89300220.0,555330.2,0.0,1766157.8,91621710.0,86088517.8,-3246494.5,16367907.0,34768788.0,0.036,0.054,0.12,86913.8,18039.1,5.5,0.1,0.01,1.2,42.4,0.01,5.5,2.4,7.9,6.7,0.1,0.01,1.4,51.7,0.02,6.7,2.9,9.6,56.2,1.1,0.11,6.7,418.5,0.03,56.2,19.1,75.4,171.5,3.4,0.36,20.3,1260.6,0.09,171.7,57.9,229.7,604301.4,11.5,1.2,126947.0,4667.9,1.5,604961.1,266460.6,871421.7,14.83,20.86,0.0,35.69,15.72,22.39,0.0,38.11,28089756.0,3204858.2,31294614.0,110022580.0,94868200.0,475679.7,50348.1,92252.6,0.0,0.0,448219.6,628223.0,648494.0,0.0,7103559.0,6150273.5,5553.7,0.0,11612677.0,82807304.0,0.0,409.9,11.0,0.0,0.0,289.6,684.1,4098.8,0.0,2609.1,770.0,51.1,0.0,6272.0,0.0,25036.4,1639.5,0.0,0.0
LowRECost,SPP_North,2050,94898470.0,386946.6,0.0,1808062.2,97093480.0,91485609.3,-5031138.5,16798178.0,36461440.0,0.036,0.054,0.12,83917.7,19488.0,4.8,0.1,0.01,1.0,37.3,0.01,4.8,2.2,7.0,2.7,0.1,0.01,0.3,20.5,0.0,2.7,0.9,3.7,26.7,0.5,0.05,3.2,199.6,0.01,26.7,9.1,35.8,155.2,3.0,0.3,18.4,1161.6,0.07,155.4,53.0,208.4,562456.5,10.7,1.1,121990.9,4357.3,1.5,563069.0,252242.9,815311.9,12.86,20.22,0.0,33.08,13.6,21.65,0.0,35.25,38129204.0,3896265.5,42025470.0,116756750.0,102124616.0,330288.0,50348.1,86036.2,0.0,0.0,652035.5,609966.3,586261.0,0.0,6814588.0,6150273.5,4363.3,0.0,11816870.0,89655710.0,0.0,299.4,11.0,0.0,0.0,417.3,686.7,4106.1,0.0,2609.1,770.0,24.1,0.0,6584.2,0.0,28589.6,1197.6,0.0,0.0
LowRECost,SPP_South,2025,221456690.0,469084.3,959856.2,1943572.8,224829220.0,213495237.1,86234530.0,5589416.0,12482933.0,0.0359,0.0539,0.12,26578.35,51933.8,259.5,23.7,3.42,14.4,958.1,0.15,261.1,43.0,304.1,282.9,25.9,3.74,15.6,1039.7,0.17,284.7,46.6,331.3,573.9,48.0,6.94,35.5,2355.5,0.35,577.2,105.8,683.0,716.6,62.6,9.07,41.7,2767.0,0.43,720.9,124.3,845.2,60126589.6,5486.8,793.3,3336750.6,222002.3,35.6,60506660.4,9962149.4,70468809.8,31.61,5.69,0.0,37.3,33.64,6.21,0.0,39.84,6788783.0,394768.4,7183551.0,231722720.0,138594670.0,398699.8,117173.8,0.0,43642330.0,0.0,436858.6,30387172.0,1348505.9,0.0,3389200.5,9784525.0,3296991.0,763456.7,7801665.0,130356140.0,0.0,311.1,25.6,13966.8,0.0,259.5,11232.1,8892.1,0.0,1513.3,1225.0,9668.7,444.0,3228.8,0.0,37155.5,1244.4,3552.0,0.0
LowRECost,SPP_South,2030,240584240.0,447661.2,887434.9,2449277.2,244368600.0,231934500.9,39313300.0,11680980.0,21824410.0,0.0359,0.054,0.12,26559.86,54938.9,83.1,5.5,0.78,6.9,371.1,0.06,83.5,18.0,101.5,93.1,6.2,0.89,7.7,411.1,0.07,93.5,19.9,113.4,327.7,26.6,3.82,20.7,1263.0,0.18,329.5,58.4,387.9,409.3,29.2,4.21,30.3,1703.7,0.27,411.3,81.2,492.4,21152420.2,1390.5,199.6,1765052.3,94441.1,15.9,21248348.9,4583729.8,25832078.6,19.69,4.96,0.0,24.65,20.97,5.38,0.0,26.35,25947638.0,5052664.0,31000300.0,254512050.0,205055330.0,382344.1,117173.8,0.0,9868346.0,0.0,880859.8,21607152.0,996248.4,0.0,3241471.0,9784525.0,2750940.2,708531.0,48833916.0,155340540.0,0.0,311.1,25.6,4478.5,0.0,535.7,10710.3,7857.9,0.0,1513.3,1225.0,7267.1,444.0,22287.9,0.0,42563.7,1244.4,3552.0,0.0
LowRECost,SPP_South,2035,273279000.0,2225974.5,923107.8,3456496.0,279884580.0,263452977.9,5145914.0,31402316.0,57779828.0,0.0359,0.054,0.12,55379.77,59694.8,22.1,0.5,0.06,2.9,152.3,0.02,22.2,7.5,29.7,25.8,0.6,0.07,3.5,177.7,0.03,25.8,8.8,34.5,86.2,2.1,0.29,10.5,536.2,0.07,86.3,26.5,112.8,218.2,4.5,0.52,26.0,1550.5,0.13,218.5,72.3,290.7,6780707.0,146.0,18.0,901646.6,46629.9,6.4,6789981.6,2292976.6,9082958.2,18.41,8.54,0.0,26.95,19.64,9.23,0.0,28.87,34100596.0,14416450.0,48517050.0,306262080.0,274738660.0,1888744.2,117173.8,0.0,0.0,0.0,1742319.0,13968554.0,776947.3,0.0,3218293.0,9784525.0,1026519.4,742666.4,77581440.0,195414900.0,0.0,1446.9,25.6,0.0,0.0,1049.8,10428.3,7533.2,0.0,1513.3,1225.0,5110.6,444.0,37448.1,0.0,53270.8,5787.6,3552.0,0.0
LowRECost,SPP_South,2040,304102050.0,4048904.0,856638.2,3836244.8,312843840.0,293167662.8,-5970066.5,31828276.0,67159610.0,0.0359,0.054,0.12,67403.43,65583.7,14.6,0.3,0.04,2.0,103.8,0.01,14.6,5.1,19.7,17.5,0.4,0.04,2.4,124.4,0.02,17.5,6.1,23.6,65.6,1.4,0.16,7.8,458.8,0.04,65.7,21.5,87.2,185.3,3.7,0.41,22.0,1342.8,0.1,185.5,62.1,247.6,5085136.6,105.2,12.3,695551.8,36137.6,5.0,5091627.1,1773805.5,6865432.6,16.47,10.01,0.0,26.49,17.61,10.84,0.0,28.44,64871016.0,22902872.0,87773880.0,348175170.0,318813920.0,3447909.2,117173.8,0.0,0.0,0.0,2539885.0,11201519.0,467391.4,0.0,3124266.2,9784525.0,529875.5,688606.5,88302984.0,227971040.0,0.0,2888.7,25.6,0.0,0.0,1542.0,10428.3,7112.0,0.0,1513.3,1225.0,4889.2,444.0,44761.1,0.0,65415.6,11554.8,3552.0,0.0
LowRECost,SPP_South,2045,330939680.0,5579116.0,800311.6,4029516.5,341348600.0,319040388.2,-2515619.2,40135904.0,71165170.0,0.0359,0.054,0.12,57174.74,72361.4,11.3,0.2,0.03,1.6,82.2,0.01,11.3,4.0,15.4,13.2,0.3,0.03,1.9,96.2,0.01,13.3,4.7,18.0,68.5,1.4,0.16,8.2,491.6,0.04,68.6,22.8,91.4,160.8,3.2,0.35,19.1,1167.9,0.08,160.9,53.9,214.9,4220025.4,85.0,9.5,590829.6,30612.9,4.3,4225166.8,1504255.9,5729422.7,14.13,8.63,0.0,22.75,15.1,9.37,0.0,24.47,79334750.0,30923924.0,110258670.0,372377900.0,343864220.0,4748502.5,117173.8,0.0,0.0,0.0,3830887.5,9405249.0,494857.9,0.0,3013904.0,9784525.0,306271.8,643158.8,95455010.0,244578340.0,0.0,4162.0,25.6,0.0,0.0,2332.6,10308.3,6739.8,0.0,1513.3,1225.0,3619.0,444.0,50114.0,0.0,71209.5,16648.0,3552.0,0.0
LowRECost,SPP_South,2050,352964000.0,6790411.0,724016.8,4101812.0,364580220.0,340273153.7,-2883047.8,44057988.0,74598610.0,0.0359,0.054,0.12,59707.14,78983.6,8.7,0.2,0.02,1.3,65.0,0.01,8.8,3.2,12.0,10.2,0.2,0.02,1.5,75.7,0.01,10.2,3.7,13.9,52.0,1.0,0.11,6.2,384.9,0.02,52.1,17.6,69.7,137.2,2.6,0.27,16.2,1021.3,0.06,137.3,46.7,184.0,3453948.5,67.3,7.2,498181.1,25686.7,3.6,3457909.3,1264640.1,4722549.3,11.74,9.15,0.0,20.89,12.55,9.93,0.0,22.48,112715120.0,36254828.0,148969950.0,395120860.0,367463260.0,5780301.0,117173.8,0.0,0.0,0.0,5270965.0,7917077.0,435773.6,0.0,2911435.2,9784525.0,125835.2,585455.7,102825780.0,259366530.0,0.0,5355.8,25.6,0.0,0.0,3237.7,10264.2,6540.0,0.0,1513.3,1225.0,1528.9,444.0,54604.8,0.0,80426.4,21423.3,3552.0,0.0
LowRECost,WestConnect_North,2025,74641430.0,447412.7,536358.8,395878.0,76021080.0,71956873.4,27593844.0,1077493.1,4413952.0,0.036,0.054,0.12,26844.77,14495.2,306.4,33.3,4.82,11.3,815.6,0.15,308.7,35.7,344.4,330.2,35.8,5.19,12.2,881.3,0.16,332.7,38.5,371.2,666.3,65.7,9.46,30.6,2258.7,0.33,670.9,98.0,768.9,899.6,93.0,13.44,37.5,2726.4,0.44,906.1,118.8,1024.9,24316356.3,2642.1,382.9,899190.4,64726.1,11.9,24499620.4,2831275.0,27330895.4,30.86,4.52,0.0,35.38,32.74,4.89,0.0,37.63,29056.1,214.2,29270.3,79357544.0,48427240.0,381921.5,193828.7,0.0,23032592.0,0.0,1836103.2,4320071.5,0.0,0.0,2570388.8,0.0,0.0,431497.7,8122113.0,38469024.0,0.0,411.5,28.7,6596.5,0.0,1048.9,3247.6,3177.5,0.0,940.9,0.0,520.4,580.8,3348.0,0.0,10756.4,1645.9,4646.4,0.0
LowRECost,WestConnect_North,2030,84926330.0,609122.4,962250.1,680077.1,87177780.0,81871591.5,11518716.0,5525542.5,7633578.5,0.036,0.054,0.12,26848.35,16630.2,68.0,5.3,0.75,4.4,288.1,0.03,68.4,13.0,81.4,82.7,6.7,0.96,5.1,335.1,0.04,83.2,15.1,98.3,76.3,4.6,0.64,6.1,396.6,0.04,76.7,17.9,94.6,560.9,50.6,7.26,30.3,1957.7,0.29,564.4,88.7,653.2,6074813.7,475.5,67.2,395716.0,25722.0,2.9,6107322.3,1163018.1,7270340.4,22.85,4.27,0.0,27.12,24.37,4.63,0.0,29.0,4837562.5,39565.6,4877128.0,89285810.0,75659060.0,521064.9,158473.1,0.0,3915155.5,0.0,2958188.5,5597585.5,195745.4,0.0,2461810.2,0.0,635.3,776282.0,9228921.0,63471948.0,0.0,411.5,23.9,1337.7,0.0,1704.2,3153.6,1571.7,0.0,940.9,0.0,15.4,580.8,3749.7,0.0,16473.7,1645.9,4646.4,0.0
LowRECost,WestConnect_North,2035,104410870.0,869368.8,1242502.4,1017534.1,107540270.0,100654980.2,1585809.4,12121678.0,18827124.0,0.036,0.054,0.12,87915.21,20780.1,14.1,0.3,0.03,1.7,106.6,0.01,14.1,4.9,19.0,16.3,0.3,0.03,2.0,122.9,0.01,16.3,5.6,22.0,92.6,1.8,0.19,11.0,688.2,0.04,92.7,31.5,124.2,228.7,4.5,0.48,27.1,1682.2,0.11,229.0,77.3,306.3,1613757.5,30.4,3.0,196037.5,12180.0,0.7,1615496.0,559199.7,2174695.6,20.8,13.76,0.0,34.56,22.24,14.89,0.0,37.14,11360089.0,1637050.2,12997140.0,114245720.0,105954460.0,741887.7,158473.1,0.0,0.0,0.0,4013750.5,3786041.5,176883.0,0.0,2428909.5,0.0,958.2,998101.4,15849784.0,86090930.0,0.0,524.0,23.9,0.0,0.0,2321.1,3153.6,1571.7,0.0,940.9,0.0,15.4,580.8,6928.6,0.0,23505.5,2095.8,4646.4,0.0
LowRECost,WestConnect_North,2040,113585420.0,2932675.0,1412951.0,1191414.0,119122456.0,109499614.0,3019258.8,16730899.0,22431932.0,0.036,0.054,0.12,118558.3,23231.2,8.1,0.2,0.02,1.0,61.4,0.0,8.1,2.8,11.0,10.1,0.2,0.02,1.3,76.5,0.0,10.1,3.5,13.7,138.4,2.6,0.27,16.4,1039.4,0.06,138.6,47.4,185.9,186.7,3.6,0.38,22.1,1384.2,0.09,186.9,63.4,250.3,1015573.8,19.1,1.9,125364.2,7669.8,0.5,1016666.9,354051.8,1370718.7,18.27,18.86,0.0,37.13,19.71,20.81,0.0,40.51,12563067.0,2183632.2,14746701.0,124823500.0,116103210.0,2502942.8,158473.1,0.0,0.0,0.0,4386009.5,2304747.2,200420.6,0.0,2416341.5,0.0,102.7,1137262.6,24840770.0,86876430.0,0.0,1806.8,23.9,0.0,0.0,2543.1,3153.6,3849.0,0.0,940.9,0.0,15.4,580.8,10915.8,0.0,23143.5,7227.1,4646.4,0.0
LowRECost,WestConnect_North,2045,125035816.0,3014259.2,1537810.6,1296261.0,130884140.0,120538042.9,9238397.0,20997690.0,20529174.0,0.036,0.054,0.12,34120.86,26037.1,7.6,0.1,0.01,0.9,57.5,0.0,7.6,2.6,10.3,8.9,0.2,0.02,1.1,67.3,0.0,8.9,3.1,12.0,73.1,1.4,0.14,8.6,548.5,0.03,73.1,25.0,98.1,172.5,3.3,0.34,20.4,1285.3,0.08,172.7,58.7,231.5,993599.1,18.7,1.9,121236.3,7502.1,0.4,994668.6,344922.1,1339590.7,17.04,5.57,0.0,22.61,18.42,6.14,0.0,24.56,17108996.0,2678266.8,19787262.0,130415630.0,121645740.0,2568852.5,121644.3,0.0,0.0,0.0,4793064.0,2240593.2,209100.2,0.0,2392858.0,0.0,102.7,1236729.9,28761930.0,88090760.0,0.0,1806.8,18.9,0.0,0.0,2787.4,3098.6,3849.0,0.0,940.9,0.0,15.4,580.8,12465.1,0.0,23572.0,7227.1,4646.4,0.0
LowRECost,WestConnect_North,2050,135514500.0,2619130.2,1378345.9,1402657.4,140914620.0,130639832.3,4408200.5,19790390.0,22693602.0,0.036,0.054,0.12,53821.31,28457.4,4.7,0.1,0.01,0.6,35.3,0.0,4.7,1.6,6.3,5.7,0.1,0.01,0.7,42.8,0.0,5.7,2.0,7.6,84.4,1.6,0.16,10.0,635.6,0.04,84.5,28.9,113.4,145.0,2.7,0.28,17.1,1091.2,0.06,145.1,49.7,194.8,671604.0,12.7,1.3,83197.9,5072.7,0.3,672326.8,234448.9,906775.7,13.42,8.62,0.0,22.03,14.46,9.42,0.0,23.88,30399428.0,2735723.5,33135148.0,143817840.0,136506430.0,2239871.8,121644.3,0.0,0.0,0.0,5344199.5,1536591.2,133839.0,0.0,2169343.5,0.0,8.3,1110114.1,28279286.0,102882940.0,0.0,1693.6,18.9,0.0,0.0,3099.8,2754.5,3849.0,0.0,940.9,0.0,10.0,580.8,12190.6,0.0,29709.0,6774.2,4646.4,0.0
LowRECost,WestConnect_South,2025,126094290.0,3103206.2,243258.4,575534.3,130016270.0,121562752.8,97561656.0,3435933.5,3362506.5,0.0359,0.0539,0.12,80626.31,30909.6,285.1,25.5,3.65,17.6,1169.3,0.18,286.9,52.5,339.4,296.5,26.4,3.77,18.5,1228.5,0.19,298.3,55.2,353.5,416.2,26.1,3.62,32.8,2493.9,0.2,417.9,107.2,525.1,627.9,42.1,5.88,47.0,3562.0,0.31,630.8,153.2,784.0,37046624.5,3313.9,473.7,2292350.7,151943.2,24.0,37274689.1,6826815.9,44101505.0,36.0,16.82,0.0,52.82,38.33,18.68,0.0,57.01,0.0,0.0,0.0,129942850.0,32454618.0,2648793.5,240248.2,0.0,27161924.0,0.0,5205981.0,23879792.0,1638639.4,64042.8,10164722.0,31446268.0,49116.8,194688.2,16586275.0,10662361.0,0.0,2154.4,36.1,4501.1,0.0,2726.0,13195.0,4544.1,8.6,2803.6,3937.0,1545.0,216.3,6296.5,0.0,3262.5,8617.6,1730.4,0.0
LowRECost,WestConnect_South,2030,139696690.0,4205789.0,540615.9,1080225.6,145523330.0,134676359.7,64661836.0,3559169.2,14177232.0,0.0359,0.0539,0.12,80652.56,34696.4,119.8,10.0,1.42,9.0,476.4,0.1,120.5,23.2,143.7,131.8,10.9,1.54,9.9,532.2,0.11,132.6,25.8,158.4,139.3,6.6,0.89,12.9,820.5,0.07,139.8,37.3,177.1,576.0,46.7,6.63,35.7,2325.1,0.28,579.2,105.1,684.2,18707380.5,1561.5,221.9,1400402.0,74382.7,15.2,18814490.4,3621146.5,22435636.8,23.78,16.63,0.0,40.41,25.51,18.66,0.0,44.17,1470710.8,1479471.8,2950185.5,156141390.0,80861480.0,3573720.0,240248.2,0.0,12368971.0,610542.8,6555539.5,15766285.0,410766.5,59938.5,10963685.0,31446268.0,18871.6,431152.9,38402572.0,35292828.0,0.0,2509.0,36.1,4120.1,159.9,3465.9,12689.0,3497.6,8.6,3093.6,3937.0,852.8,216.3,14748.1,0.0,9507.7,10035.9,1730.4,0.0
LowRECost,WestConnect_South,2035,158624220.0,12555049.0,653040.3,1503679.5,173335980.0,152923639.0,62513844.0,10191240.0,18231422.0,0.0359,0.0539,0.12,56269.47,39541.9,34.8,0.7,0.07,5.7,265.6,0.05,34.8,13.6,48.4,40.7,0.8,0.08,6.5,310.8,0.06,40.8,15.8,56.5,158.8,3.0,0.31,18.8,1185.3,0.07,159.0,54.1,213.2,283.4,5.4,0.55,33.5,2128.1,0.13,283.7,97.0,380.7,6302824.9,119.0,11.9,1030049.8,48169.3,9.0,6309633.2,2467962.6,8777595.7,23.55,11.1,0.0,34.64,26.06,13.05,0.0,39.11,3852400.0,8427545.0,12279955.0,181376180.0,110822140.0,10672625.0,224043.6,0.0,0.0,478709.0,6917941.0,16048205.0,422084.0,54886.8,11150278.0,31446268.0,13315.1,522325.2,60837290.0,42588204.0,0.0,7408.3,33.9,0.0,159.9,3698.0,12345.0,3497.6,8.6,3200.6,3937.0,356.0,216.3,25286.7,0.0,12045.9,29633.1,1730.4,0.0
LowRECost,WestConnect_South,2040,179909120.0,18184286.0,681951.2,1870725.8,200646100.0,173443576.2,62876730.0,12177423.0,22665002.0,0.0359,0.0539,0.12,82784.3,44639.7,26.3,0.5,0.05,4.5,201.4,0.04,26.3,10.5,36.8,32.1,0.6,0.06,5.3,245.9,0.05,32.2,12.6,44.8,161.3,3.1,0.31,19.1,1214.8,0.07,161.5,55.3,216.8,262.5,5.0,0.51,31.0,1970.1,0.12,262.8,89.8,352.6,5547360.7,104.6,10.5,940689.9,42514.7,8.7,5553336.7,2210004.0,7763340.7,22.84,16.22,0.0,39.05,25.87,19.45,0.0,45.32,5919673.0,17491728.0,23411462.0,211133660.0,137769360.0,15468429.0,224043.6,0.0,0.0,399842.0,6985008.0,14158885.0,357666.7,50493.2,11109730.0,31446268.0,3295.7,545501.8,79865660.0,50518840.0,0.0,9161.0,33.9,0.0,159.9,3807.0,12345.0,3497.6,8.6,3200.6,3937.0,175.0,216.3,35511.2,0.0,14443.2,43322.3,1730.4,0.0
LowRECost,WestConnect_South,2045,197644900.0,41587684.0,708416.6,2118803.5,242059800.0,190542136.2,56480160.0,11534751.0,45501520.0,0.0359,0.0539,0.12,80084.19,50651.1,16.2,0.3,0.03,3.0,124.9,0.03,16.2,6.7,22.9,24.1,0.5,0.05,4.2,185.1,0.04,24.1,9.7,33.9,88.1,1.7,0.17,10.4,662.9,0.04,88.2,30.2,118.4,232.6,4.4,0.45,27.5,1744.5,0.1,232.8,79.5,312.3,4479997.4,84.5,8.5,814595.5,34462.7,8.2,4484823.7,1843833.4,6328657.2,18.99,14.7,0.0,33.69,22.8,19.39,0.0,42.18,8948848.0,35124750.0,44073664.0,276026560.0,185579650.0,35318530.0,224043.6,0.0,0.0,346883.6,7248077.0,11498011.0,272747.0,37579.8,11081808.0,31446268.0,2748.1,565198.0,116401710.0,61582970.0,0.0,18669.1,33.9,0.0,159.9,3978.3,12345.0,3457.1,7.0,3200.6,3937.0,175.0,216.3,54537.0,0.0,18227.4,100403.1,1730.4,0.0
LowRECost,WestConnect_South,2050,214279340.0,64437760.0,654936.0,2259210.8,281631230.0,206579021.4,59790572.0,10328937.0,56496620.0,0.0359,0.0539,0.12,77823.19,56677.9,9.6,0.2,0.02,2.0,74.4,0.02,9.6,4.2,13.8,16.1,0.3,0.03,3.1,124.1,0.03,16.1,6.8,22.9,121.7,2.3,0.23,14.4,916.6,0.05,121.8,41.7,163.5,207.8,3.9,0.39,24.5,1567.2,0.09,208.0,71.3,279.3,3144296.0,59.3,5.9,655879.2,24394.8,7.6,3147679.7,1384932.1,4532611.8,15.55,13.74,0.0,29.29,19.6,19.49,0.0,39.09,9549287.0,47085750.0,56635040.0,327798900.0,221840670.0,54738120.0,205629.2,0.0,0.0,311049.4,7732501.0,8047527.0,237182.7,0.0,10759957.0,31446268.0,0.0,523575.0,149360750.0,64436360.0,0.0,27095.5,31.4,0.0,159.9,4252.4,12292.8,3440.1,0.0,3200.6,3937.0,175.0,216.3,70093.7,0.0,19090.5,157720.1,1730.4,0.0
HighRECost,CAISO,2025,302088420.0,20608504.0,4020790.0,1228376.5,327946080.0,291230391.5,211765680.0,25826294.0,548526.2,0.0359,0.0539,0.12,146972.3,69792.5,128.1,2.4,0.25,16.3,1193.0,0.07,128.2,51.8,180.1,137.7,2.9,0.31,17.2,1258.7,0.08,137.8,54.8,192.6,212.1,6.7,0.83,22.7,1760.7,0.1,212.6,75.2,287.8,526.6,23.4,3.09,50.2,3885.2,0.25,528.2,166.0,694.2,38763633.6,735.4,74.5,4925714.0,361084.6,21.6,38805876.8,15691934.1,54497811.0,38.87,27.08,0.0,65.95,41.7,31.56,0.0,73.26,2227.2,12784.9,15387.5,302668320.0,116180420.0,17519116.0,4835026.0,0.0,0.0,0.0,23869592.0,94952520.0,3530950.5,14775509.0,29476732.0,17891704.0,313803.6,3192545.2,72446220.0,19864604.0,0.0,13651.7,749.1,0.0,0.0,14167.8,19797.0,11040.1,1986.3,10220.7,2240.0,1033.5,3911.9,24382.6,0.0,6733.7,54606.8,31295.2,0.0
HighRECost,CAISO,2030,338845600.0,22211440.0,11811572.0,1334689.4,374203300.0,326665887.5,210696240.0,27789276.0,2125682.2,0.0359,0.0539,0.12,146965.01,77478.1,110.7,2.1,0.21,13.6,832.1,0.05,110.8,38.4,149.2,121.9,2.6,0.27,14.8,902.1,0.06,122.0,41.7,163.7,120.3,2.6,0.28,13.9,890.6,0.05,120.5,40.5,161.0,478.1,24.8,3.36,42.5,2690.5,0.23,479.7,122.7,602.5,38584360.9,732.4,74.2,4739400.7,290014.1,18.0,38626452.8,13386725.7,52013178.5,28.92,27.01,0.0,55.93,31.46,32.04,0.0,63.5,14273.4,781678.4,799759.0,348539680.0,163507040.0,18895256.0,4655301.5,0.0,0.0,0.0,26986908.0,96658340.0,3084430.8,21195316.0,30795188.0,0.0,314722.8,9434097.0,101505910.0,34875576.0,138649.0,13637.3,724.7,0.0,0.0,16010.2,22519.8,10927.5,2878.3,10705.1,0.0,614.6,5111.9,35072.9,60.0,11498.3,54549.2,40895.2,0.0
HighRECost,CAISO,2035,403000160.0,28606474.0,26157846.0,1754609.2,459519070.0,388514547.3,241065140.0,44223530.0,2970183.8,0.0359,0.0539,0.12,134764.13,89524.5,70.3,1.3,0.13,8.5,530.0,0.03,70.4,24.3,94.7,62.9,1.2,0.12,7.6,474.2,0.03,63.0,21.8,84.8,50.7,1.0,0.1,6.0,381.3,0.02,50.7,17.4,68.1,324.6,6.1,0.62,38.3,2446.3,0.14,324.9,111.3,436.2,29410702.5,555.7,55.8,3554185.5,221664.2,13.2,29442507.0,10163388.8,39605895.8,29.19,23.72,0.0,52.91,32.4,29.02,0.0,61.42,64103.8,1342276.8,1422575.2,418265730.0,218453940.0,24354680.0,2293102.8,0.0,0.0,0.0,24295492.0,76562200.0,743094.9,42209860.0,32645004.0,0.0,89753.4,20914098.0,140302880.0,37931030.0,15924542.0,17263.0,404.0,0.0,0.0,14417.6,22409.8,10531.6,5828.9,11283.5,0.0,614.6,10551.6,48023.2,3683.0,12144.0,69051.8,84412.5,0.0
HighRECost,CAISO,2040,459452320.0,50850410.0,26016220.0,2279447.5,538598400.0,442936919.5,272391100.0,58341012.0,4680413.5,0.0359,0.0539,0.12,136216.75,104375.7,58.5,1.1,0.11,7.0,440.9,0.03,58.5,20.2,78.7,42.7,0.8,0.08,5.2,322.1,0.02,42.7,14.8,57.5,36.2,0.7,0.07,4.3,273.0,0.02,36.2,12.4,48.7,324.2,6.1,0.62,38.3,2441.2,0.14,324.5,111.1,435.6,28344979.4,534.9,53.6,3414165.7,213793.5,12.6,28375558.6,9788662.2,38164220.9,30.07,23.83,0.0,53.9,33.76,30.01,0.0,63.76,185232.8,1608364.2,1799429.2,484937800.0,266207260.0,43271812.0,1946912.2,0.0,0.0,0.0,24306122.0,74628540.0,502848.1,44913790.0,32646966.0,0.0,47317.4,20772326.0,170606580.0,38051628.0,33242934.0,31142.3,357.0,0.0,0.0,14421.6,23129.4,10183.1,6169.5,11284.2,0.0,169.2,10551.6,58261.2,7602.0,12067.0,124569.0,84412.5,0.0
HighRECost,CAISO,2045,519194720.0,62091508.0,42367624.0,2257336.8,625911230.0,500531791.5,323641920.0,59208950.0,9163681.0,0.0359,0.0539,0.12,113315.17,119229.3,41.4,0.8,0.08,5.0,312.7,0.02,41.5,14.3,55.8,22.0,0.4,0.04,2.7,165.8,0.01,22.0,7.6,29.6,21.0,0.4,0.04,2.5,158.2,0.01,21.0,7.2,28.3,307.0,5.8,0.58,36.3,2316.4,0.13,307.3,105.3,412.7,23864058.9,450.2,45.1,2884641.7,180055.6,10.7,23889784.4,8253211.5,32142995.8,26.68,19.65,0.0,46.33,30.69,25.48,0.0,56.17,139832.1,5832980.0,5976191.5,575865900.0,302269280.0,52841692.0,1946912.2,0.0,0.0,0.0,24319524.0,63265876.0,291427.0,88563440.0,32784998.0,0.0,27647.4,33874660.0,214550700.0,30039098.0,33359956.0,37725.2,357.0,0.0,0.0,14439.4,22445.0,8948.3,12064.8,11313.1,0.0,166.4,15985.0,75395.0,7602.0,10630.4,150900.8,127879.6,0.0
HighRECost,CAISO,2050,571970240.0,74028056.0,41162650.0,2465232.0,689626200.0,551410387.5,357705500.0,80057700.0,6864816.0,0.0359,0.0539,0.12,121991.04,132836.7,39.6,0.7,0.07,4.8,298.7,0.02,39.6,13.7,53.3,21.9,0.4,0.04,2.7,165.3,0.01,21.9,7.6,29.5,18.4,0.3,0.03,2.2,138.7,0.01,18.4,6.3,24.7,308.0,5.8,0.59,36.4,2319.0,0.14,308.3,105.5,413.9,24403115.0,460.4,46.1,2948348.6,184112.3,10.9,24429425.2,8437872.7,32867297.9,25.84,21.44,0.0,47.27,29.8,27.83,0.0,57.62,74714.5,4125412.5,4205957.0,616433300.0,331920640.0,62982964.0,1946912.2,0.0,0.0,0.0,24705478.0,64737670.0,345378.8,88793350.0,32785126.0,0.0,30533.4,32890708.0,231248300.0,42517260.0,33449594.0,45597.4,357.0,0.0,0.0,14659.9,21805.4,8579.1,12088.1,11313.1,0.0,166.4,15985.0,80197.1,7602.0,13650.7,182389.6,127879.6,0.0
HighRECost,ERCOT,2025,425158500.0,8554649.0,3745.7,4490023.5,438206900.0,409876110.5,215299500.0,386104.8,1282860.4,0.0359,0.0539,0.12,111753.25,98005.9,229.9,17.2,2.42,16.5,1176.9,0.13,231.1,51.6,282.6,244.4,18.3,2.58,17.5,1251.4,0.14,245.6,54.8,300.5,406.3,15.0,1.92,41.5,3214.2,0.19,407.2,137.3,544.6,610.1,39.4,5.57,48.1,3390.3,0.35,612.8,149.3,762.1,100953659.1,7541.5,1064.5,7226868.3,516766.1,57.6,101468996.2,22642220.9,124111217.1,32.92,21.44,0.0,54.36,35.04,23.66,0.0,58.7,771752.8,890162.8,1661915.6,439103650.0,222907400.0,7246650.5,599889.2,0.0,58764970.0,0.0,4248606.0,106332060.0,1181958.2,0.0,656955.2,39777090.0,1633726.1,2967.9,91650680.0,127008110.0,0.0,7596.7,100.6,14254.2,0.0,2747.0,35645.3,8767.2,0.0,562.7,4980.0,9669.0,5.0,34348.9,0.0,37044.2,30386.6,40.0,0.0
HighRECost,ERCOT,2030,464481340.0,12559488.0,7513.5,4946060.0,481994400.0,447784749.8,172771620.0,485286.8,1660900.5,0.0359,0.0539,0.12,111726.01,104592.7,109.8,4.3,0.56,11.7,697.5,0.07,110.1,32.5,142.6,117.9,4.6,0.6,12.6,749.3,0.07,118.2,35.0,153.2,130.8,3.9,0.47,14.3,899.9,0.06,131.0,41.1,172.1,415.8,18.6,2.5,40.0,2458.0,0.22,417.0,113.3,530.3,53041534.2,2089.8,270.4,5671646.7,337016.9,33.0,53177633.3,15723761.7,68901395.0,22.84,20.84,0.0,43.68,24.55,23.14,0.0,47.69,8663241.0,16754368.0,25417610.0,483170000.0,309222800.0,10636943.0,599889.2,0.0,11237852.0,0.0,8116843.0,108800600.0,1350293.4,0.0,648196.7,39777090.0,890355.2,6004.0,130008744.0,171097200.0,0.0,7901.9,100.6,11350.2,0.0,5291.9,41528.1,8455.4,0.0,562.7,4980.0,7439.0,5.0,53769.8,0.0,45772.9,31607.7,40.0,0.0
HighRECost,ERCOT,2035,525759500.0,13090786.0,2269195.0,5164947.5,546284400.0,506859819.6,126672820.0,3644486.5,16362502.0,0.0359,0.0539,0.12,110316.36,116447.0,58.0,1.1,0.12,7.5,431.6,0.04,58.0,20.4,78.4,64.1,1.2,0.13,8.3,475.9,0.05,64.1,22.5,86.6,73.5,1.4,0.15,8.7,541.7,0.04,73.6,24.9,98.5,261.0,5.1,0.55,31.0,1915.7,0.13,261.3,88.1,349.4,32411903.5,626.9,65.7,4208138.6,241261.1,23.4,32448524.8,11404108.4,43852633.3,22.38,19.31,0.0,41.69,24.22,21.37,0.0,45.59,21197184.0,50225784.0,71422970.0,559002430.0,419611620.0,11102564.0,599889.2,0.0,0.0,0.0,9118408.0,83181150.0,1398159.6,0.0,633539.4,39777090.0,877212.9,1821221.6,163211860.0,247281360.0,0.0,7894.7,100.6,0.0,0.0,5931.9,42656.4,7966.2,0.0,562.7,4980.0,6789.0,911.6,78066.1,0.0,70613.6,31578.6,7292.9,0.0
HighRECost,ERCOT,2040,587644800.0,6124403.5,5332210.5,5020687.5,604122050.0,566519818.3,148249150.0,3531875.2,15968154.0,0.0359,0.0539,0.12,118630.92,130783.0,65.4,1.2,0.13,8.3,492.4,0.04,65.5,23.0,88.5,71.1,1.4,0.14,9.0,534.2,0.05,71.1,25.0,96.1,120.1,2.3,0.23,14.2,900.9,0.05,120.2,41.1,161.2,251.7,4.8,0.49,29.8,1882.1,0.11,252.0,85.9,337.9,40349038.3,767.2,78.0,5139646.3,303583.2,26.0,40393189.8,14193537.2,54586727.0,23.05,21.73,0.0,44.78,24.87,23.87,0.0,48.75,24467390.0,56220396.0,80687784.0,616558340.0,455872930.0,5203484.5,599889.2,0.0,0.0,0.0,9419098.0,107591310.0,2251569.2,0.0,646273.2,39777090.0,371985.0,4243822.0,186262880.0,260190940.0,0.0,3455.2,100.6,0.0,0.0,6112.9,56618.1,16395.3,0.0,562.7,4980.0,5521.0,2028.7,89258.2,0.0,74437.6,13820.6,16229.6,0.0
HighRECost,ERCOT,2045,636472260.0,30111498.0,5009782.5,5216716.5,676810300.0,613592595.5,166799180.0,4638679.0,14553494.0,0.0359,0.0539,0.12,119073.07,143357.6,55.9,1.1,0.11,7.1,422.0,0.04,55.9,19.7,75.7,62.3,1.2,0.12,8.0,470.5,0.04,62.4,22.0,84.4,124.5,2.4,0.24,14.7,938.3,0.05,124.6,42.7,167.3,251.9,4.8,0.48,29.8,1891.9,0.11,252.2,86.2,338.4,38375521.0,725.7,73.0,4903695.6,289810.3,24.8,38417082.3,13546821.9,51963904.2,21.51,21.73,0.0,43.24,23.73,24.74,0.0,48.47,22692636.0,67305930.0,89998560.0,686725100.0,510011070.0,25549154.0,599889.2,0.0,0.0,0.0,10112393.0,105034840.0,974246.8,0.0,644644.2,39777090.0,136420.2,3997710.0,228545950.0,271352770.0,0.0,19035.4,100.6,0.0,0.0,6570.0,57035.7,15196.3,0.0,562.7,4980.0,3273.2,2028.7,109484.0,0.0,77238.5,76141.4,16229.6,0.0
HighRECost,ERCOT,2050,681265100.0,30555156.0,5326735.5,4824961.0,721971900.0,656775949.7,162899570.0,6148057.5,20692888.0,0.0359,0.0539,0.12,113605.02,158003.7,52.1,1.0,0.1,6.7,394.2,0.03,52.2,18.4,70.6,58.4,1.1,0.11,7.4,441.1,0.04,58.4,20.6,79.0,113.0,2.1,0.21,13.4,851.9,0.05,113.1,38.8,151.9,229.3,4.3,0.44,27.1,1723.9,0.1,229.6,78.5,308.1,38399245.9,724.7,72.7,4905592.1,290349.3,24.7,38440682.7,13564751.9,52005434.6,19.36,21.14,0.0,40.5,21.35,24.01,0.0,45.36,29916422.0,93411710.0,123328140.0,736516740.0,559072400.0,25896526.0,599889.2,0.0,0.0,0.0,12758252.0,104909940.0,1312893.0,0.0,629576.0,39777090.0,56260.7,4262238.5,242391600.0,303922460.0,0.0,19035.4,100.6,0.0,0.0,8283.3,60808.7,14988.3,0.0,562.7,4980.0,1259.2,2028.7,124181.8,0.0,85990.7,76141.4,16229.6,0.0
HighRECost,FRCC,2025,271088480.0,276445.2,0.0,38494.6,271403420.0,261346536.3,244922420.0,1168392.1,161864.3,0.0359,0.0539,0.12,126881.96,65740.5,351.3,16.1,2.12,34.7,2574.0,0.19,352.4,111.4,463.8,364.8,16.7,2.22,35.9,2667.7,0.19,365.9,115.5,481.3,392.4,7.9,0.84,46.1,3591.1,0.18,392.9,153.1,546.0,441.7,10.6,1.25,51.0,3811.4,0.24,442.3,164.7,607.0,95002128.0,4344.6,574.5,9371258.8,696012.9,50.2,95288429.3,30126139.0,125414568.4,42.19,26.03,0.0,68.22,44.66,28.04,0.0,72.7,0.0,0.0,0.0,270396900.0,26481000.0,237406.6,3635373.5,0.0,26695728.0,0.0,2637801.0,181801740.0,1562399.1,0.0,216437.4,29281690.0,485100.4,0.0,23843200.0,0.0,0.0,259.7,672.4,3764.2,0.0,1668.1,38738.5,8903.1,0.0,54.5,3666.0,4583.5,0.0,9294.3,0.0,0.0,1038.9,0.0,0.0
HighRECost,FRCC,2030,295049900.0,590366.3,0.0,39420.7,295679680.0,284446937.9,266518320.0,687678.2,672328.6,0.0359,0.0539,0.12,126879.59,69467.1,306.0,8.6,1.02,35.1,2150.9,0.16,306.5,99.2,405.7,317.8,9.0,1.06,36.4,2232.8,0.16,318.3,103.0,421.3,337.1,6.4,0.64,39.8,2541.8,0.15,337.5,115.6,453.1,453.5,17.3,2.23,45.8,2902.9,0.21,454.7,132.4,587.1,90468562.3,2555.3,301.9,10370189.1,635942.7,46.5,90627121.0,29333978.0,119961099.1,32.48,26.2,0.0,58.68,34.39,28.27,0.0,62.66,0.0,0.0,0.0,295664320.0,29161334.0,502517.8,3694621.5,0.0,8983900.0,0.0,3783816.5,222862690.0,892860.9,0.0,229464.0,29281690.0,55252.8,0.0,25377516.0,0.0,0.0,353.2,680.4,3764.2,0.0,2392.1,48220.1,9851.6,0.0,57.5,3666.0,4161.5,0.0,9891.6,0.0,0.0,1412.9,0.0,0.0
HighRECost,FRCC,2035,330842620.0,546104.9,0.0,206716.2,331595420.0,318953400.5,244799140.0,2697829.5,746601.5,0.0359,0.0539,0.12,125604.88,77729.2,228.7,4.3,0.43,28.4,1727.3,0.12,228.9,79.9,308.8,236.5,4.5,0.45,29.4,1786.8,0.12,236.8,82.7,319.4,265.2,5.0,0.5,31.3,1999.2,0.12,265.5,90.9,356.4,357.7,6.8,0.68,42.3,2689.8,0.16,358.1,122.5,480.6,75373544.2,1421.4,142.3,9356899.3,569402.5,39.4,75454752.4,26335860.6,101790613.0,35.05,25.61,0.0,60.66,37.13,27.59,0.0,64.72,0.0,291030.2,291030.2,329644200.0,86796320.0,464889.4,3694621.5,0.0,0.0,0.0,4627369.0,208460320.0,668886.8,0.0,229464.0,29281690.0,48013.7,0.0,82168950.0,0.0,0.0,344.6,680.4,0.0,0.0,2940.9,58867.6,9754.6,0.0,57.5,3666.0,3929.5,0.0,32071.0,0.0,0.0,1378.3,0.0,0.0
HighRECost,FRCC,2040,372987650.0,152520.4,0.0,431446.4,373571620.0,359583936.5,256290430.0,4037488.8,2333134.5,0.0359,0.0539,0.12,126577.35,88067.4,212.3,4.0,0.4,26.3,1603.7,0.11,212.5,74.1,286.6,219.7,4.1,0.41,27.2,1660.0,0.11,220.0,76.7,296.7,249.7,4.7,0.47,29.5,1883.8,0.11,250.0,85.7,335.7,315.5,6.0,0.6,37.3,2375.1,0.14,315.8,108.1,423.9,78943536.9,1488.6,149.0,9778589.3,596370.3,41.0,79028575.3,27561611.1,106590186.4,34.76,26.13,0.0,60.89,36.82,28.15,0.0,64.97,0.0,2507335.5,2507335.5,371867260.0,117281200.0,129829.4,3695696.0,0.0,0.0,0.0,4750559.5,220755500.0,451790.6,0.0,229426.3,29281690.0,42125.1,0.0,112530640.0,0.0,0.0,93.5,680.6,0.0,0.0,3055.1,70786.2,9742.6,0.0,57.5,3666.0,3744.2,0.0,44735.6,0.0,0.0,374.0,0.0,0.0
HighRECost,FRCC,2045,414660220.0,0.0,0.0,579308.7,415239520.0,399759023.0,272489700.0,5002111.0,3763335.2,0.0359,0.0539,0.12,122288.0,98629.6,204.5,3.9,0.39,25.1,1545.0,0.1,204.7,71.2,275.9,212.0,4.0,0.4,26.1,1601.8,0.11,212.3,73.8,286.1,225.8,4.3,0.43,26.7,1703.8,0.1,226.1,77.5,303.6,290.0,5.5,0.55,34.3,2184.6,0.13,290.3,99.4,389.7,84667712.0,1596.1,159.7,10403842.9,639612.2,43.2,84758865.4,29476077.8,114234943.2,31.91,25.49,0.0,57.39,33.8,27.45,0.0,61.25,0.0,7039313.5,7039313.5,414000770.0,142749820.0,0.0,3180093.2,0.0,0.0,0.0,5353390.0,238117550.0,422502.0,0.0,229426.3,29281690.0,19662.7,0.0,137396430.0,0.0,0.0,0.0,610.6,0.0,0.0,3516.5,82743.3,9668.6,0.0,57.5,3666.0,3272.2,0.0,56142.9,0.0,0.0,0.0,0.0,0.0
HighRECost,FRCC,2050,456684600.0,3298171.0,0.0,670285.0,460653000.0,440273340.2,292926370.0,6189269.5,4556780.5,0.0359,0.0539,0.12,118561.87,109670.4,197.0,3.7,0.37,24.1,1487.9,0.1,197.2,68.5,265.7,205.6,3.9,0.39,25.2,1553.3,0.1,205.8,71.5,277.4,224.4,4.2,0.42,26.5,1693.3,0.1,224.7,77.0,301.7,279.6,5.3,0.53,33.0,2106.0,0.12,279.9,95.8,375.8,90405097.7,1703.9,170.4,11081386.6,682993.3,45.7,90502389.6,31447051.4,121949441.0,29.28,24.73,0.0,54.01,31.16,26.84,0.0,58.0,0.0,10744569.0,10744569.0,459020540.0,167726660.0,2806649.8,3180093.2,0.0,0.0,0.0,6945733.0,255480500.0,313948.5,0.0,229350.7,29281690.0,1657.4,0.0,160780930.0,0.0,0.0,2400.0,610.6,0.0,0.0,4603.5,93820.6,8775.6,0.0,57.5,3666.0,2267.1,0.0,66643.4,0.0,0.0,9600.0,0.0,0.0
HighRECost,ISONE,2025,129221030.0,333656.6,1495489.9,671529.6,131721710.0,124575031.1,106574110.0,198721.2,305557.0,0.0359,0.054,0.12,28054.24,31551.0,150.2,2.9,0.3,21.5,1385.9,0.12,150.3,62.8,213.1,158.3,3.1,0.32,22.6,1460.2,0.13,158.5,66.2,224.6,223.4,4.8,0.57,26.7,1911.5,0.14,223.7,83.7,307.4,430.2,10.1,1.29,50.9,3535.9,0.29,430.9,156.3,587.2,19794613.4,382.0,39.9,2828550.3,182699.6,15.7,19816887.9,8277275.4,28094163.2,37.28,5.71,0.0,43.0,39.49,6.27,0.0,45.76,525273.7,914823.4,1440097.0,131828540.0,25147602.0,283526.2,5986378.0,15029603.0,0.0,0.0,5648841.0,50209148.0,416557.3,0.0,6949837.0,26081950.0,530342.3,1193603.0,5551965.0,7665218.5,6281577.5,246.2,979.2,486.0,0.0,4349.7,13615.9,2132.7,0.0,1959.1,3265.4,5115.3,1830.4,3030.0,1577.7,2439.7,984.7,14643.2,0.0
HighRECost,ISONE,2030,141726900.0,602489.1,2161223.5,607047.8,145097650.0,136630937.2,89559976.0,784834.6,1339778.8,0.0359,0.054,0.12,28054.58,34348.6,90.9,1.8,0.19,13.9,676.5,0.09,91.0,34.1,125.1,96.5,1.9,0.2,14.8,717.7,0.09,96.7,36.2,132.8,174.0,3.9,0.51,21.0,1149.3,0.13,174.2,55.2,229.5,373.1,8.5,1.06,44.3,2532.7,0.24,373.7,119.8,493.5,13239119.7,257.9,27.4,2026663.0,98531.1,12.7,13254282.4,4966346.1,18220628.5,23.54,5.36,0.0,28.9,25.05,5.89,0.0,30.94,2172284.5,1155679.1,3327963.8,145652590.0,55537676.0,509914.8,5308728.0,15634070.0,0.0,0.0,7590916.0,33154784.0,466650.4,0.0,6741622.5,26081950.0,495041.9,1722155.2,7307417.5,11347723.0,29291622.0,458.6,887.2,0.0,0.0,5750.0,12143.4,1804.7,0.0,1963.8,3265.4,1837.2,1801.0,3984.7,7502.0,3533.7,1834.3,14408.0,0.0
HighRECost,ISONE,2035,158267570.0,600329.3,2541587.8,633470.5,162042960.0,152576586.5,90387540.0,1686228.4,6281573.0,0.0359,0.054,0.12,132950.63,38390.1,89.7,1.8,0.19,12.9,662.8,0.08,89.8,32.6,122.5,82.1,1.6,0.18,11.8,603.1,0.07,82.2,29.8,112.0,85.1,1.6,0.17,10.1,630.0,0.04,85.2,28.9,114.0,391.6,8.4,1.02,46.9,2698.3,0.25,392.1,127.4,519.5,14952915.5,293.7,31.6,2141635.1,110454.0,13.3,14970297.5,5436793.3,20407090.8,27.43,25.19,3.14,55.79,29.28,27.64,3.3,60.24,720857.6,301645.0,1022502.6,166638300.0,71655420.0,507870.6,3461395.5,17027168.0,0.0,0.0,8282015.0,36879224.0,772438.3,0.0,7529217.5,26081950.0,695418.7,2028195.2,7861651.0,19427140.0,36084620.0,426.3,636.4,0.0,0.0,6026.5,13000.7,2288.7,0.0,1991.8,3265.4,1692.2,1801.0,3984.7,9186.0,5312.4,1705.0,14408.0,0.0
HighRECost,ISONE,2040,176392830.0,363381.1,2333927.2,707019.6,179797150.0,170049926.7,79771290.0,4508425.5,20696178.0,0.0359,0.054,0.12,136324.1,42712.1,80.9,1.6,0.17,11.4,601.4,0.07,81.0,29.3,110.3,47.7,0.9,0.1,6.7,351.9,0.04,47.7,17.1,64.9,52.6,1.0,0.11,6.3,382.9,0.03,52.7,17.7,70.3,315.8,6.3,0.69,37.5,2300.8,0.16,316.2,106.1,422.3,15851231.8,308.1,32.6,2225427.4,117874.0,13.4,15869302.9,5741721.3,21611024.3,26.83,25.63,18.6,71.65,28.66,28.0,19.77,77.01,4724163.0,246638.7,4970801.5,195984910.0,100025870.0,309401.7,2924431.8,16779944.0,0.0,0.0,8561181.0,37261704.0,2748703.0,0.0,7444729.5,26081950.0,547724.7,1860447.8,8246476.0,35415370.0,47802844.0,268.8,563.5,0.0,0.0,6172.7,14803.0,8699.4,0.0,2005.5,3265.4,1692.2,1801.0,4178.4,12819.3,10290.0,1075.3,14408.0,0.0
HighRECost,ISONE,2045,193680260.0,354806.2,2696438.0,807697.1,197539200.0,186715708.5,75656020.0,6694433.0,26112128.0,0.0359,0.054,0.12,128430.0,47032.9,69.1,1.3,0.13,9.8,520.8,0.06,69.2,25.3,94.5,30.8,0.6,0.06,4.4,232.2,0.03,30.9,11.4,42.2,39.1,0.7,0.08,4.6,293.1,0.02,39.1,13.4,52.5,314.8,6.1,0.64,37.3,2330.9,0.15,315.2,106.8,422.0,14999578.7,286.1,29.3,2120940.1,112989.1,12.5,15016090.9,5491427.6,20507518.5,25.88,24.01,23.54,74.01,27.66,26.22,25.05,79.5,5783241.5,660694.8,6443936.5,216956900.0,121883180.0,302073.4,2924431.8,16941200.0,0.0,0.0,9016310.0,36513084.0,2442094.0,0.0,7510968.0,26081950.0,208259.6,2149646.5,11742610.0,41485250.0,59639016.0,245.0,563.5,0.0,0.0,6496.4,15298.6,10049.8,0.0,2009.3,3265.4,1599.7,1801.0,6183.7,15842.6,12470.5,980.0,14408.0,0.0
HighRECost,ISONE,2050,208983650.0,358485.8,2784494.0,918949.4,213045580.0,201468902.6,73179670.0,9125570.0,30357542.0,0.0359,0.054,0.12,128005.84,51041.3,61.7,1.2,0.12,8.8,466.2,0.05,61.8,22.7,84.5,13.3,0.3,0.03,2.1,100.7,0.01,13.3,5.1,18.4,25.2,0.5,0.05,3.0,189.8,0.01,25.3,8.6,33.9,329.0,6.3,0.66,39.0,2444.1,0.16,329.4,111.8,441.2,14466089.6,275.0,28.0,2057265.6,109222.8,12.2,14481919.6,5315430.6,19797350.2,24.0,23.83,28.91,77.11,25.64,26.0,30.75,82.76,6527297.0,1589320.9,8116617.5,234277550.0,139865900.0,304518.2,2924431.8,17172512.0,0.0,0.0,9814113.0,35562364.0,2472857.5,0.0,7520273.5,26081950.0,151131.9,2221603.8,16089018.0,54118200.0,59844576.0,245.0,563.5,0.0,0.0,7094.0,14732.3,12742.4,0.0,2009.3,3265.4,1006.5,1801.0,8909.8,15842.6,16160.1,980.0,14408.0,0.0
HighRECost,MISO_Central,2025,317955460.0,36804.6,1942769.8,1931205.4,321866240.0,306524478.9,251327780.0,23689862.0,5965262.5,0.0359,0.054,0.12,115262.58,70641.3,502.4,51.8,7.49,22.6,1518.4,0.28,506.0,67.9,573.9,489.3,50.1,7.25,22.8,1503.2,0.28,492.8,67.6,560.4,203.7,10.6,1.5,18.7,1260.6,0.14,204.5,56.3,260.8,784.1,69.8,10.05,43.8,3056.8,0.43,788.9,135.0,923.9,152802234.8,15751.9,2279.3,6876444.1,461797.9,85.6,153893898.0,20661389.4,174555287.4,35.6,23.12,0.4,59.12,37.73,25.12,0.42,63.27,0.0,0.0,0.0,304141630.0,70538460.0,31424.8,2190484.5,3057940.2,133642500.0,0.0,510930.0,45171860.0,1710605.6,0.0,1715114.6,42109404.0,2401122.5,1572722.6,16006658.0,54020876.0,0.0,29.1,375.0,30561.8,0.0,351.8,11721.7,11720.1,0.0,489.6,5272.0,3817.1,2614.8,7042.9,0.0,16581.9,116.4,20918.4,0.0
HighRECost,MISO_Central,2030,339330270.0,192494.2,2173425.8,2238825.5,343935000.0,327129702.1,208212380.0,32055258.0,11350338.0,0.0359,0.054,0.12,115253.16,73782.1,252.6,19.3,2.75,18.4,1051.8,0.16,253.9,49.8,303.7,237.2,18.1,2.57,17.6,994.3,0.16,238.4,47.3,285.7,283.6,13.7,1.89,26.6,1575.8,0.17,284.6,73.6,358.2,606.0,45.0,6.4,42.1,2586.0,0.33,609.1,119.2,728.4,81650250.5,6234.7,888.8,5948805.2,339967.0,53.3,82078686.4,16094361.3,98173047.7,28.77,21.46,0.94,51.17,30.52,23.28,0.99,54.79,128705.3,29882.2,158587.5,323230080.0,135722610.0,164222.1,2190484.5,5118222.5,48796524.0,0.0,639288.2,78379304.0,2158826.5,0.0,1772427.4,42109404.0,5051076.5,1766980.2,40177828.0,94905496.0,0.0,206.6,375.0,20616.6,0.0,437.5,16291.1,12479.3,0.0,510.6,5272.0,4416.2,2614.8,17379.2,0.0,26218.0,826.4,20918.4,0.0
HighRECost,MISO_Central,2035,371663940.0,716826.4,3625968.0,3433394.8,379440130.0,358299814.0,91366030.0,26782514.0,75262170.0,0.0359,0.054,0.12,122060.23,81310.8,77.7,1.6,0.18,10.3,554.5,0.06,77.8,26.8,104.6,73.5,1.5,0.17,9.8,531.7,0.06,73.6,25.7,99.2,145.2,2.8,0.29,17.2,1081.2,0.07,145.4,49.4,194.8,319.2,6.6,0.78,38.1,2247.5,0.19,319.6,105.1,424.7,33233715.9,681.8,78.7,4393640.4,237263.7,27.8,33275512.9,11471675.5,44747188.3,26.37,22.17,0.0,48.54,28.09,24.14,0.0,52.23,3658299.5,1181193.8,4839493.5,427919780.0,288074100.0,611139.2,1819986.8,4929967.0,0.0,0.0,648435.5,77920170.0,4145800.8,0.0,1755080.2,42109404.0,3628791.5,2925349.8,69142960.0,218282700.0,0.0,445.4,324.7,0.0,0.0,444.8,22916.1,15156.7,0.0,510.6,5272.0,4285.9,2614.8,30326.4,0.0,62386.0,1781.7,20918.4,0.0
HighRECost,MISO_Central,2040,402936030.0,1480068.0,3997609.5,4085548.8,412499260.0,388446873.6,64778824.0,35690744.0,108936370.0,0.0359,0.054,0.12,117628.47,89385.4,66.1,1.3,0.15,8.7,479.3,0.05,66.2,23.0,89.2,37.8,0.7,0.07,5.1,283.9,0.03,37.8,13.6,51.4,110.7,2.1,0.23,13.1,820.0,0.05,110.9,37.6,148.4,280.6,5.7,0.64,33.4,2012.8,0.16,281.0,93.4,374.4,32102235.0,644.7,72.0,4228438.1,232818.3,25.8,32141098.2,11173474.6,43314572.7,26.95,21.49,0.0,48.45,28.75,23.46,0.0,52.21,6452265.5,2939182.8,9391448.0,485744900.0,347720450.0,1261549.5,1282286.4,4187571.5,0.0,0.0,669732.0,77535896.0,4024483.5,0.0,1758736.4,42109404.0,2634895.8,3229625.8,99879670.0,247171040.0,0.0,829.6,251.7,0.0,0.0,461.6,24762.1,17363.4,0.0,510.6,5272.0,4235.6,2614.8,44313.9,0.0,71315.7,3318.4,20918.4,0.0
HighRECost,MISO_Central,2045,432635600.0,4928934.5,3765088.8,4299892.0,445629500.0,417078376.8,73795870.0,47944696.0,127715560.0,0.0359,0.054,0.12,122086.89,96074.8,69.1,1.4,0.14,9.0,510.2,0.05,69.1,24.2,93.3,35.8,0.7,0.07,4.9,269.8,0.03,35.8,12.9,48.7,106.7,2.0,0.21,12.6,798.9,0.05,106.8,36.4,143.3,282.5,5.6,0.6,33.5,2069.2,0.14,282.8,95.2,378.0,36284389.0,709.4,75.8,4713194.5,268065.5,26.4,36326216.2,12708764.8,49034981.0,25.3,22.25,0.0,47.55,27.07,24.45,0.0,51.52,7311299.0,5154634.5,12465934.0,525400400.0,371833630.0,4206224.0,1282286.4,3261690.5,0.0,0.0,733075.2,92112860.0,4075409.5,0.0,1762151.0,42109404.0,1714233.6,3042465.2,130841710.0,240258850.0,0.0,2921.8,251.7,0.0,0.0,508.0,26559.0,21155.2,0.0,510.6,5272.0,4085.0,2614.8,58681.4,0.0,69591.6,11687.1,20918.4,0.0
HighRECost,MISO_Central,2050,457002940.0,6738985.5,4300473.0,4771365.0,472813760.0,440569792.6,41175450.0,49886624.0,163202260.0,0.0359,0.054,0.12,115588.53,101147.8,61.5,1.2,0.13,8.0,455.1,0.04,61.5,21.6,83.1,35.9,0.7,0.07,4.8,271.5,0.03,35.9,12.9,48.8,97.2,1.9,0.19,11.5,728.6,0.04,97.3,33.2,130.5,280.3,5.5,0.58,33.2,2067.8,0.14,280.6,94.9,375.5,36025928.9,702.1,74.6,4681091.4,266739.2,26.1,36067217.9,12637053.5,48704271.4,23.28,21.02,0.0,44.3,24.97,23.22,0.0,48.19,11274198.0,10795641.0,22069838.0,586129500.0,431638370.0,5747479.5,1282286.4,2853705.0,0.0,0.0,917279.1,91373020.0,4321218.0,0.0,1757480.2,42109404.0,1575603.1,3470887.2,161538850.0,269182240.0,0.0,3952.0,251.7,0.0,0.0,635.9,26431.0,22551.2,0.0,510.6,5272.0,3019.2,2614.8,74707.1,0.0,78519.3,15808.0,20918.4,0.0
HighRECost,MISO_North,2025,230686300.0,84274.0,0.0,1825668.8,232596260.0,222391650.0,147076910.0,18804092.0,4181249.2,0.0359,0.054,0.12,115449.17,48470.1,330.6,32.0,4.6,17.2,1154.7,0.19,332.8,51.6,384.4,340.7,33.2,4.78,17.5,1175.1,0.19,343.0,52.5,395.6,272.7,19.1,2.71,20.1,1427.2,0.15,274.0,62.6,336.6,775.2,71.2,10.26,40.9,2909.3,0.41,780.2,127.7,907.9,72060082.2,6965.0,1003.7,3740785.6,251683.6,41.1,72541654.7,11252174.9,83793829.6,35.91,22.7,0.01,58.62,38.06,24.5,0.01,62.57,18846.0,474.5,19320.5,217973400.0,85519336.0,71912.7,2158853.0,8210894.5,60109300.0,0.0,1335411.8,30755178.0,2619456.5,0.0,4494981.5,22761602.0,1271895.0,0.0,8273791.0,75910136.0,0.0,69.3,351.7,11629.9,0.0,942.1,7633.3,7105.3,0.0,925.4,2849.7,2482.6,0.0,3821.2,0.0,21422.4,277.0,0.0,0.0
HighRECost,MISO_North,2030,256627100.0,246924.1,0.0,2318321.2,259192350.0,247399334.4,120377704.0,14349962.0,13315606.0,0.0359,0.054,0.12,115471.08,51943.2,185.9,15.1,2.15,12.5,748.7,0.11,187.0,34.9,221.9,193.4,15.7,2.23,13.1,778.2,0.12,194.5,36.3,230.8,193.3,6.4,0.81,20.5,1280.6,0.09,193.7,58.6,252.3,617.6,51.9,7.43,37.0,2342.2,0.32,621.2,106.9,728.1,48000819.5,3894.4,553.8,3236876.6,193277.9,28.6,48268060.9,9004354.5,57272415.4,26.31,21.42,0.02,47.76,27.89,22.98,0.02,50.9,2843192.5,202021.7,3045214.0,258158000.0,138814660.0,211091.4,1436489.4,14032158.0,32181972.0,0.0,1691945.0,40911844.0,2196555.0,0.0,4662253.5,22761602.0,949374.6,0.0,27904608.0,109218100.0,0.0,187.6,240.0,10756.9,0.0,1200.2,10333.4,6376.0,0.0,958.4,2849.7,1519.4,0.0,12961.2,0.0,28407.7,750.3,0.0,0.0
HighRECost,MISO_North,2035,290110820.0,247154.6,0.0,2465866.0,292823840.0,279677526.5,119691920.0,24745168.0,13512789.0,0.036,0.054,0.12,119443.08,58663.2,88.0,1.7,0.18,11.3,657.3,0.06,88.1,30.9,119.1,80.0,1.5,0.16,10.3,596.7,0.05,80.1,28.1,108.1,136.9,2.6,0.27,16.2,1019.9,0.06,137.1,46.6,183.7,281.2,5.6,0.62,33.4,2043.4,0.15,281.5,94.3,375.8,24792915.1,477.0,49.6,3190804.1,185086.1,16.3,24820658.0,8710832.5,33531490.4,24.3,23.42,0.29,48.01,25.77,25.1,0.31,51.19,10801498.0,684604.2,11486103.0,281591460.0,173131940.0,211444.6,1436489.4,13198407.0,0.0,0.0,1748147.6,61583080.0,3968115.2,0.0,4629609.5,22761602.0,670784.8,0.0,28685078.0,142698700.0,0.0,187.4,240.0,0.0,0.0,1247.4,19276.9,12570.9,0.0,958.4,2849.7,1445.0,0.0,13503.6,0.0,39081.9,749.4,0.0,0.0
HighRECost,MISO_North,2040,315758500.0,382130.0,0.0,2762203.0,318902820.0,304403296.0,122489730.0,30193060.0,15470534.0,0.036,0.054,0.12,116590.36,63059.5,80.8,1.6,0.16,10.4,604.4,0.05,80.9,28.4,109.3,60.5,1.2,0.12,7.6,451.3,0.04,60.6,21.1,81.7,124.3,2.4,0.25,14.7,928.2,0.06,124.5,42.4,166.8,258.8,5.1,0.55,30.7,1899.2,0.13,259.1,87.3,346.4,24580856.8,471.7,48.8,3164881.8,183832.2,16.1,24608227.1,8647488.5,33255715.6,25.32,23.14,0.55,49.02,26.86,24.8,0.58,52.25,10143138.0,910841.9,11053980.0,304180300.0,196413090.0,326833.2,1436489.4,13055300.0,0.0,0.0,1857504.8,60453896.0,4523241.0,0.0,4625094.5,22761602.0,584751.1,0.0,38868104.0,155687490.0,0.0,300.4,240.0,0.0,0.0,1330.2,20038.3,15755.0,0.0,958.4,2849.7,1422.8,0.0,18193.7,0.0,42071.1,1201.7,0.0,0.0
HighRECost,MISO_North,2045,339224830.0,242374.9,0.0,2973208.0,342440420.0,327025585.7,111060620.0,30882260.0,24194204.0,0.036,0.054,0.12,118522.89,68416.7,71.4,1.4,0.14,9.2,539.1,0.05,71.5,25.3,96.8,52.7,1.0,0.1,6.6,397.2,0.03,52.7,18.5,71.2,141.6,2.7,0.27,16.7,1064.7,0.06,141.8,48.5,190.3,254.1,4.8,0.49,30.1,1904.8,0.11,254.4,86.8,341.3,23981141.2,453.9,45.8,3089782.6,180996.9,15.3,24007161.9,8487674.7,32494836.6,23.38,23.88,0.0,47.26,24.79,25.57,0.0,50.36,15735155.0,1595073.5,17330228.0,335752350.0,231379760.0,206786.5,1436489.4,12384168.0,0.0,0.0,2234743.5,55726240.0,7173483.0,0.0,4560669.0,22761602.0,123137.8,0.0,43506190.0,185638850.0,0.0,182.1,240.0,0.0,0.0,1604.2,19907.0,29228.7,0.0,958.4,2849.7,881.9,0.0,20627.4,0.0,51663.4,728.3,0.0,0.0
HighRECost,MISO_North,2050,358360260.0,253899.9,0.0,3093931.8,361708100.0,345472969.8,121818470.0,36481264.0,23646058.0,0.036,0.054,0.12,102817.77,72478.1,79.1,1.5,0.15,9.9,596.9,0.05,79.2,27.7,107.0,56.1,1.1,0.11,6.9,423.2,0.03,56.2,19.5,75.7,130.7,2.5,0.25,15.5,983.8,0.06,130.8,44.8,175.6,263.2,5.0,0.52,31.1,1966.9,0.12,263.5,89.8,353.3,27609348.9,522.3,52.6,3466713.6,208258.0,15.9,27639276.8,9677149.5,37316426.3,22.77,21.01,0.0,43.79,24.15,22.5,0.0,46.64,11685938.0,2189529.5,13875469.0,348872900.0,239889630.0,216918.7,1193419.2,12464598.0,0.0,0.0,2918207.8,63673416.0,8710979.0,0.0,4580424.0,18021100.0,122404.4,0.0,53489510.0,183481900.0,0.0,182.1,207.0,0.0,0.0,2095.1,21396.2,31216.2,0.0,958.4,2256.2,642.1,0.0,25275.7,0.0,50013.3,728.3,0.0,0.0
HighRECost,MISO_South,2025,216510820.0,234342.3,14174.3,882620.2,217641950.0,208727603.9,200242380.0,7546305.5,593285.4,0.0359,0.0539,0.12,114935.66,47820.5,358.1,20.0,2.8,33.2,2207.2,0.25,359.5,99.0,458.5,363.5,20.4,2.85,33.6,2234.8,0.26,364.9,100.2,465.1,323.8,9.8,1.3,36.3,2511.3,0.22,324.4,111.2,435.6,635.0,39.0,5.74,54.9,3159.9,0.53,637.7,149.2,786.9,75453013.4,4213.5,589.5,6989738.0,465039.3,53.4,75739517.6,20862478.0,96601995.6,39.14,23.85,0.0,62.99,41.43,25.78,0.0,67.2,0.0,0.0,0.0,210688940.0,17399572.0,199352.6,1198375.8,0.0,28660916.0,0.0,662215.2,108829520.0,666559.4,0.0,3647090.5,42746000.0,7330461.0,11108.6,9065396.0,7671961.0,0.0,213.9,165.8,6686.9,0.0,434.0,19218.3,3385.5,0.0,1245.2,5351.7,9226.3,30.0,3754.8,0.0,2999.2,855.7,240.0,0.0
HighRECost,MISO_South,2030,230936060.0,368406.0,51016.1,985222.8,232340700.0,222634121.0,170683440.0,11238911.0,2737246.5,0.0359,0.054,0.12,114920.42,50236.1,202.3,5.3,0.64,24.7,1403.6,0.14,202.6,66.6,269.2,203.9,5.4,0.66,24.8,1410.6,0.15,204.2,66.9,271.1,346.4,9.9,1.25,38.8,2308.9,0.2,347.1,107.6,454.7,461.9,20.5,2.85,45.8,2579.7,0.31,463.3,122.7,586.0,45280551.4,1193.3,144.0,5526217.6,314190.7,32.4,45355435.2,14897944.8,60253379.9,28.74,22.27,0.0,51.01,30.44,24.02,0.0,54.46,126652.0,73972.9,200624.9,223839060.0,61657270.0,313655.0,1116615.9,0.0,3409842.5,0.0,880886.6,107655440.0,398250.4,0.0,3674063.5,42746000.0,2826917.0,41003.0,51217140.0,9559244.0,0.0,213.9,154.7,4544.5,0.0,580.2,25326.9,3324.1,0.0,1257.2,5351.7,7050.8,30.0,21379.6,0.0,3299.2,855.7,240.0,0.0
HighRECost,MISO_South,2035,257431760.0,361684.2,69434.2,2107954.2,259970850.0,248177131.8,167866690.0,52659884.0,17266090.0,0.0359,0.054,0.12,106428.52,54147.9,139.5,2.7,0.28,18.4,1039.2,0.1,139.6,49.4,189.0,126.3,2.4,0.26,16.6,940.8,0.09,126.5,44.6,171.1,238.3,4.7,0.51,28.3,1746.0,0.12,238.6,80.3,318.9,280.2,5.5,0.6,33.3,2050.4,0.14,280.5,94.4,374.9,31318003.2,605.1,63.3,4122442.1,233380.8,23.5,31353326.5,11083606.8,42436933.3,29.12,20.18,0.0,49.29,30.89,21.76,0.0,52.64,91456.1,870098.1,961554.2,224577060.0,92104140.0,308114.4,1116615.9,0.0,0.0,0.0,946381.8,83279360.0,404351.1,0.0,3674063.5,42746000.0,888509.4,55879.5,77529780.0,13627987.0,0.0,213.5,154.7,0.0,0.0,627.9,28779.5,3334.6,0.0,1257.2,5351.7,4156.2,30.0,32747.3,0.0,4563.8,853.9,240.0,0.0
HighRECost,MISO_South,2040,281819840.0,0.0,78408.5,2390068.2,284288300.0,271688370.9,178003040.0,58318744.0,19984234.0,0.0359,0.054,0.12,107121.66,59637.1,137.6,2.7,0.28,18.0,1027.1,0.1,137.8,48.6,186.4,124.9,2.4,0.25,16.3,931.6,0.09,125.1,44.1,169.1,188.0,3.6,0.36,22.2,1410.7,0.08,188.2,64.3,252.5,261.9,5.1,0.54,31.0,1935.5,0.13,262.1,88.7,350.9,33855092.7,652.6,68.0,4421907.7,252622.3,24.6,33893106.2,11956758.2,45849864.4,29.46,20.46,0.0,49.92,31.24,22.05,0.0,53.29,147090.0,4065299.2,4212389.0,245953800.0,106285260.0,0.0,1116615.9,0.0,0.0,0.0,940789.2,90787310.0,415474.2,0.0,3674063.5,42746000.0,866079.3,62987.8,90844744.0,14499733.0,0.0,0.0,154.7,0.0,0.0,633.8,31880.7,3338.6,0.0,1257.2,5351.7,4156.2,30.0,39689.7,0.0,4857.5,0.0,240.0,0.0
HighRECost,MISO_South,2045,301643940.0,529922.0,79606.3,2511785.0,304765250.0,290800018.4,189814770.0,60336790.0,20750636.0,0.0359,0.054,0.12,109658.94,64387.0,139.1,2.6,0.27,18.0,1047.1,0.1,139.3,49.2,188.5,126.2,2.4,0.24,16.3,949.4,0.09,126.3,44.6,170.9,216.5,4.1,0.41,25.6,1628.9,0.1,216.8,74.2,290.9,255.7,4.9,0.5,30.2,1910.5,0.12,255.9,87.2,343.2,36893197.2,701.7,71.4,4775429.2,277682.0,25.2,36933591.0,13057231.9,49990822.9,27.47,21.34,0.0,48.81,29.15,23.06,0.0,52.21,182993.1,6489351.5,6672344.5,265179090.0,114950480.0,452321.0,1116615.9,0.0,0.0,0.0,1034815.6,101523704.0,267499.2,0.0,3674063.5,42746000.0,384494.2,63911.6,99421920.0,14493747.0,0.0,320.1,154.7,0.0,0.0,702.3,37776.6,3327.4,0.0,1257.2,5351.7,3113.4,30.0,44287.4,0.0,4857.5,1280.3,240.0,0.0
HighRECost,MISO_South,2050,317827680.0,4522409.0,82964.8,2626984.5,325060030.0,306402301.7,197486720.0,64493464.0,20543890.0,0.0359,0.054,0.12,108063.53,69329.2,130.1,2.5,0.25,16.8,983.5,0.09,130.3,46.2,176.4,118.0,2.2,0.22,15.3,891.7,0.08,118.1,41.9,160.0,197.7,3.7,0.38,23.4,1489.4,0.09,197.9,67.8,265.7,254.7,4.8,0.49,30.1,1909.1,0.11,255.0,87.0,342.0,36580434.7,691.4,69.5,4735591.0,276470.6,24.7,36620013.3,12981152.8,49601166.1,24.71,21.24,0.0,45.96,26.44,23.25,0.0,49.69,202561.4,10188235.0,10390796.0,281110460.0,127573330.0,3857124.8,1116615.9,0.0,0.0,0.0,1374005.4,101756320.0,194767.6,0.0,3674063.5,42746000.0,125659.9,66598.4,111705240.0,14494074.0,0.0,2725.8,154.7,0.0,0.0,935.9,41033.7,3276.5,0.0,1257.2,5351.7,1093.5,30.0,50998.3,0.0,4857.5,10903.4,240.0,0.0
HighRECost,NYISO,2025,158741890.0,1226767.4,600977.2,252253.1,160821890.0,153034826.7,130728216.0,3381109.2,503389.6,0.0359,0.054,0.12,22215.68,36512.0,173.9,4.4,0.64,23.3,1252.4,0.2,174.3,60.7,234.9,185.5,4.9,0.72,24.6,1330.0,0.21,185.9,64.2,250.1,226.8,7.0,1.15,27.7,1312.0,0.29,227.3,66.9,294.2,609.5,25.1,3.92,67.3,3352.3,0.68,611.4,167.3,778.7,27474164.0,689.8,101.5,3681956.4,197802.5,32.2,27522440.8,9585263.0,37107703.8,42.42,4.36,11.06,57.83,44.94,4.75,11.69,61.37,0.0,0.0,0.0,157944180.0,30093674.0,1046760.8,1989598.8,10790100.0,0.0,0.0,3547725.5,49133344.0,785133.8,0.0,26503520.0,26688192.0,10435712.0,478133.8,8047024.0,18075702.0,423223.2,1750.0,389.6,0.0,0.0,2552.1,9588.7,2662.1,0.0,4553.7,3341.3,12192.8,1426.8,4151.2,132.0,5428.9,7000.0,11414.4,0.0
HighRECost,NYISO,2030,170299740.0,3032702.5,1374294.0,202225.9,174908980.0,164176327.4,109543380.0,1556994.4,3697343.2,0.0359,0.054,0.12,22218.03,38288.7,96.3,2.3,0.34,13.6,591.1,0.12,96.4,31.2,127.6,103.2,2.5,0.36,14.5,634.7,0.13,103.4,33.5,136.8,157.1,4.8,0.83,19.7,701.9,0.22,157.5,40.7,198.2,515.7,15.7,2.45,62.1,2701.2,0.58,516.8,142.7,659.5,17046565.0,415.7,59.4,2399152.3,104652.7,21.1,17075180.4,5523562.2,22598742.6,27.75,3.92,13.65,45.45,29.58,4.31,14.46,48.48,196494.9,22313.0,218807.8,177049330.0,65365600.0,2589573.0,1989598.8,13350415.0,0.0,0.0,4011505.5,32760492.0,220930.6,0.0,27689120.0,26688192.0,5300509.5,1094891.2,22343962.0,25208870.0,13801262.0,3000.0,389.6,0.0,0.0,2888.8,9352.8,533.3,0.0,4745.1,3341.3,7452.1,1426.8,11597.5,3801.0,6865.9,12000.0,11414.4,0.0
HighRECost,NYISO,2035,186261310.0,4554851.5,1366016.9,431360.9,192613540.0,179563188.0,110312370.0,7719268.0,7874412.0,0.0359,0.054,0.12,148146.42,41052.1,87.5,2.2,0.34,12.3,508.6,0.12,87.6,27.5,115.1,93.4,2.4,0.35,13.1,547.5,0.12,93.5,29.5,123.0,137.7,3.9,0.64,17.1,700.6,0.17,138.0,38.0,176.1,428.3,10.6,1.54,52.3,2573.5,0.4,429.1,129.1,558.1,16864766.3,432.2,64.9,2372267.9,98043.8,22.6,16895358.7,5300153.3,22195511.9,28.23,25.99,0.2,54.41,30.18,28.72,0.21,59.12,1496254.0,77766.2,1574020.2,192768690.0,82301160.0,3881098.5,1584482.1,13096498.0,0.0,0.0,3604319.5,29991360.0,52271.2,0.0,27708534.0,26688192.0,6374565.0,1090519.8,22331182.0,25174080.0,31191580.0,4571.6,334.6,0.0,0.0,2627.0,9352.8,533.3,0.0,4752.2,3341.3,6974.4,1426.8,11597.5,9000.0,6865.9,18286.4,11414.4,0.0
HighRECost,NYISO,2040,203176670.0,10915596.0,1297203.0,980099.1,216369570.0,195869801.4,85040110.0,35767024.0,29175724.0,0.036,0.054,0.12,277045.97,45117.1,0.0,0.0,0.0,1.5,3.1,0.03,0.0,1.6,1.6,0.0,0.0,0.0,0.0,0.0,0.0,0.0,0.0,0.0,0.0,0.0,0.0,0.0,0.0,0.0,0.0,0.0,0.0,316.6,6.3,0.69,37.6,2305.9,0.16,316.9,106.4,423.3,0.0,0.0,0.0,304851.4,643.9,5.6,0.0,325572.8,325572.8,29.91,48.84,13.68,92.47,32.19,55.45,14.52,102.2,994719.9,392035.5,1386755.4,209778260.0,131329450.0,9302781.0,1584482.1,12399282.0,0.0,0.0,3684534.0,0.0,0.0,0.0,27434492.0,26688192.0,0.0,1039584.9,28433014.0,66515124.0,32696778.0,10976.8,334.6,0.0,0.0,2658.2,0.0,0.0,0.0,4763.2,3341.3,0.0,1426.8,14954.1,9179.4,19733.0,43907.1,11414.4,0.0
HighRECost,NYISO,2045,221359070.0,16546498.0,1382118.2,1120613.6,240408320.0,213398366.3,90738660.0,43210930.0,35156684.0,0.0359,0.054,0.12,255207.78,49691.5,0.0,0.0,0.0,1.3,2.8,0.02,0.0,1.4,1.4,0.0,0.0,0.0,0.0,0.0,0.0,0.0,0.0,0.0,0.0,0.0,0.0,0.0,0.0,0.0,0.0,0.0,0.0,321.9,6.2,0.66,38.1,2384.9,0.15,322.3,109.3,431.6,0.0,0.0,0.0,304851.4,643.9,5.6,0.0,325572.8,325572.8,27.69,44.49,16.68,88.89,29.95,51.55,17.75,99.29,530739.8,729378.6,1260118.4,232354080.0,149669660.0,14094410.0,1584482.1,11670058.0,0.0,0.0,4331537.0,0.0,0.0,0.0,27539018.0,26688192.0,0.0,1108257.9,47354580.0,64866732.0,33116804.0,15460.6,334.6,0.0,0.0,3130.5,0.0,0.0,0.0,4769.5,3341.3,0.0,1426.8,24980.0,9179.4,19262.7,61842.4,11414.4,0.0
HighRECost,NYISO,2050,238796640.0,25382430.0,1594241.5,1236977.6,267010300.0,230209041.6,88766130.0,49468444.0,41167500.0,0.0359,0.054,0.12,239057.74,54235.1,0.0,0.0,0.0,0.9,1.7,0.01,0.0,0.9,0.9,0.0,0.0,0.0,0.0,0.0,0.0,0.0,0.0,0.0,0.0,0.0,0.0,0.0,0.0,0.0,0.0,0.0,0.0,339.6,6.6,0.68,40.2,2522.0,0.16,339.9,115.4,455.4,0.0,0.0,0.0,220387.3,443.0,3.7,0.0,234602.0,234602.0,24.72,40.44,19.81,85.03,26.95,48.28,21.18,96.45,456124.2,1806435.2,2262559.2,258709340.0,178244180.0,21613770.0,1584482.1,11411796.0,0.0,0.0,5243216.5,0.0,0.0,0.0,27484058.0,17086578.0,0.0,1284504.5,71567760.0,68349590.0,33083604.0,22299.0,334.6,0.0,0.0,3798.9,0.0,0.0,0.0,4769.5,2139.2,0.0,1426.8,38026.2,9179.4,20316.7,89195.8,11414.4,0.0
HighRECost,NorthernGrid_East,2025,54637384.0,67042.0,0.0,542908.8,55247336.0,52672853.9,40402772.0,8256349.0,3284612.2,0.0359,0.054,0.12,108697.12,10625.9,243.5,26.8,3.88,8.9,626.5,0.12,245.4,27.6,273.0,211.6,23.1,3.35,7.9,552.6,0.1,213.2,24.4,237.6,844.1,85.7,12.36,36.5,2692.3,0.41,850.0,116.8,966.8,807.6,80.4,11.58,36.4,2689.9,0.39,813.2,116.6,929.8,12241947.0,1344.9,195.0,448386.5,31497.7,6.0,12335273.3,1388668.1,13723941.4,29.73,19.19,0.0,48.92,31.46,20.59,0.0,52.05,756.3,0.0,756.3,50275600.0,14844563.0,56727.0,319198.3,126037.5,11317742.0,0.0,1189188.5,1817494.0,0.0,74468.4,21719368.0,0.0,0.0,0.0,1844325.0,11811051.0,0.0,231.0,47.5,3746.3,0.0,795.0,549.3,789.1,10.0,5581.2,0.0,309.1,0.0,829.0,0.0,3344.2,924.0,0.0,0.0
HighRECost,NorthernGrid_East,2030,60358284.0,131642.1,0.0,712025.3,61201960.0,58188011.4,32848592.0,9051032.0,5485528.5,0.0359,0.054,0.12,108693.91,11740.0,100.0,10.7,1.55,3.9,263.3,0.05,100.8,11.8,112.6,91.9,9.8,1.41,3.7,246.2,0.05,92.6,11.1,103.7,182.7,13.3,1.87,12.6,826.8,0.09,183.6,37.3,220.9,558.9,50.0,7.15,30.3,2003.3,0.27,562.3,90.1,652.4,5766217.1,617.2,89.4,227492.3,15174.5,2.8,5809006.0,680468.8,6489474.8,21.67,18.63,0.0,40.3,22.98,20.04,0.0,43.02,9794.4,268.6,10063.0,57636456.0,28353364.0,111901.6,233755.5,125521.5,5167423.5,0.0,1313316.0,1310727.9,0.0,74468.4,22259292.0,0.0,0.0,0.0,1844166.8,25195880.0,0.0,231.0,35.9,3746.3,0.0,877.2,549.3,843.7,10.0,5793.2,0.0,52.0,0.0,829.0,0.0,6547.6,924.0,0.0,0.0
HighRECost,NorthernGrid_East,2035,70286420.0,235798.2,0.0,1247802.1,71770020.0,67759084.7,26961020.0,16646190.0,13346996.0,0.036,0.054,0.12,115055.05,14042.4,5.4,0.1,0.01,0.7,40.6,0.0,5.4,2.0,7.3,6.7,0.1,0.01,0.9,50.5,0.0,6.7,2.4,9.1,102.4,1.9,0.19,12.1,771.0,0.04,102.5,35.1,137.6,240.1,4.6,0.46,28.4,1801.7,0.11,240.4,82.1,322.5,367572.2,6.9,0.7,50829.5,2777.4,0.2,367970.0,133648.5,501618.5,21.39,18.93,0.0,40.32,22.7,20.3,0.0,43.0,485876.8,80369.0,566245.8,68470824.0,44809000.0,200890.4,233755.5,123518.2,0.0,0.0,1182671.5,830202.4,118043.8,73788.3,22080862.0,0.0,765.3,0.0,5241215.0,38385110.0,0.0,231.0,35.9,0.0,0.0,791.9,663.2,2168.5,10.0,5794.5,0.0,52.0,0.0,2249.5,0.0,10245.9,924.0,0.0,0.0
HighRECost,NorthernGrid_East,2040,77372900.0,13965.0,0.0,1579428.5,78966290.0,74590802.7,26223982.0,20862168.0,17774350.0,0.0359,0.054,0.12,117730.41,15450.1,3.6,0.1,0.01,0.5,26.9,0.0,3.6,1.3,4.9,4.3,0.1,0.01,0.6,32.6,0.0,4.3,1.6,5.9,141.6,2.7,0.27,16.7,1067.0,0.06,141.8,48.5,190.3,237.9,4.5,0.46,28.1,1786.1,0.11,238.1,81.4,319.5,270275.6,5.1,0.5,39336.7,2042.8,0.2,270568.9,100253.8,370822.7,21.75,19.28,0.0,41.02,23.06,20.7,0.0,43.76,779457.0,157912.2,937369.2,75878470.0,52742304.0,11886.0,233755.5,122643.1,0.0,0.0,1185426.1,576857.0,110291.4,73125.3,22006790.0,0.0,816.6,0.0,7788077.5,43768800.0,0.0,7.9,35.9,0.0,0.0,794.4,663.2,2384.1,10.0,5794.5,0.0,52.0,0.0,3475.3,0.0,11961.4,31.5,0.0,0.0
HighRECost,NorthernGrid_East,2045,84177660.0,35566.8,0.0,1955667.0,86168900.0,81150853.5,26782840.0,24165206.0,21126844.0,0.0359,0.054,0.12,117935.84,17093.6,5.8,0.1,0.01,0.8,43.5,0.0,5.8,2.1,7.8,5.9,0.1,0.01,0.8,44.9,0.0,5.9,2.1,8.1,169.7,3.2,0.32,20.0,1279.1,0.07,169.9,58.2,228.0,234.3,4.4,0.45,27.7,1764.2,0.1,234.6,80.3,314.9,478205.2,9.0,0.9,63885.0,3617.6,0.2,478719.8,171756.5,650476.4,21.0,19.78,0.0,40.78,22.28,21.31,0.0,43.59,967393.9,249901.0,1217300.6,83130536.0,59386056.0,30297.8,233755.5,122071.6,0.0,0.0,1193312.2,1128904.1,138900.0,73468.1,22017080.0,0.0,0.0,0.0,8178007.0,50014736.0,0.0,21.2,35.9,0.0,0.0,799.3,1099.5,3208.6,10.0,5794.5,0.0,0.0,0.0,3685.8,0.0,13596.0,84.6,0.0,0.0
HighRECost,NorthernGrid_East,2050,90001070.0,32689.7,0.0,2122624.2,92156380.0,86764865.2,26375122.0,25530884.0,22631680.0,0.0359,0.054,0.12,112933.9,18575.5,5.5,0.1,0.01,0.7,41.7,0.0,5.5,2.0,7.5,5.7,0.1,0.01,0.8,43.0,0.0,5.7,2.0,7.7,234.6,4.4,0.44,27.7,1769.0,0.1,234.8,80.5,315.3,245.3,4.6,0.47,29.0,1847.1,0.11,245.6,84.1,329.7,492104.5,9.3,0.9,65526.9,3722.5,0.2,492634.1,176525.7,669159.8,20.97,19.39,0.0,40.36,22.23,20.9,0.0,43.13,1134612.2,305559.3,1440189.0,89257176.0,65781260.0,27803.8,233755.5,122031.3,0.0,0.0,1213750.1,1182809.8,129786.9,73065.3,21706666.0,0.0,0.0,0.0,10795054.0,53772456.0,0.0,21.2,35.9,0.0,0.0,813.4,1110.6,3195.8,10.0,5794.5,0.0,0.0,0.0,4770.1,0.0,14714.6,84.6,0.0,0.0
HighRECost,NorthernGrid_South,2025,84253224.0,1778161.6,0.0,273905.8,86305290.0,81224471.6,54759224.0,4006331.5,5274099.0,0.0359,0.054,0.12,115705.02,18952.8,318.9,27.0,3.84,18.8,1418.3,0.15,320.8,61.1,381.9,345.9,29.6,4.21,20.1,1514.7,0.16,347.9,65.3,413.2,482.9,30.3,4.19,37.9,2924.1,0.23,485.0,125.1,610.0,615.9,42.6,5.96,44.7,3430.2,0.29,618.7,147.0,765.7,27929519.3,2364.5,336.4,1643519.6,124203.0,13.3,28091804.9,5348394.0,33440198.9,34.22,22.02,0.0,56.24,36.42,24.17,0.0,60.59,66.7,31928.2,32274.5,87573060.0,31546064.0,1514326.0,322711.6,0.0,19288344.0,0.0,2513893.8,22800038.0,10170.7,5357224.0,6733541.0,0.0,641.9,0.0,27172656.0,1859514.8,0.0,1132.4,50.4,3004.1,0.0,1368.0,8385.4,1872.3,719.6,3518.7,0.0,717.1,0.0,9864.8,0.0,689.7,4529.4,0.0,0.0
HighRECost,NorthernGrid_South,2030,94292650.0,1830001.2,0.0,485743.0,96608390.0,90902844.8,60382584.0,9386094.0,6472140.0,0.0359,0.054,0.12,115680.24,21302.4,277.3,21.2,2.99,18.4,1200.2,0.13,278.7,54.2,332.9,272.5,20.8,2.93,18.1,1185.7,0.13,273.9,53.5,327.4,247.1,9.9,1.28,24.4,1567.8,0.11,247.7,71.2,318.9,499.7,31.4,4.35,39.2,2523.1,0.24,501.8,114.5,616.3,25978437.9,1989.3,280.4,1719904.0,112451.0,12.2,26114278.0,5074282.0,31188560.0,26.2,22.49,0.0,48.69,27.95,24.74,0.0,52.69,12576.2,422846.9,437711.8,93694440.0,36225812.0,1556883.9,322711.6,0.0,15748211.0,0.0,2765823.2,27733946.0,32270.4,5339326.5,6733541.0,0.0,1740.3,0.0,29048080.0,4411908.0,0.0,1132.4,50.4,3004.1,0.0,1532.3,10169.7,1842.8,719.6,3518.7,0.0,491.1,0.0,10664.2,0.0,1411.6,4529.4,0.0,0.0
HighRECost,NorthernGrid_South,2035,109382250.0,1896983.6,0.0,930287.2,112209510.0,105449887.5,58499736.0,19327656.0,21712746.0,0.0359,0.054,0.12,114278.76,24696.6,146.6,2.8,0.28,17.3,1105.9,0.06,146.7,50.3,197.0,133.6,2.5,0.25,15.8,1008.6,0.06,133.8,45.9,179.7,161.5,3.0,0.31,19.1,1217.6,0.07,161.6,55.4,217.0,295.0,5.6,0.57,34.9,2214.5,0.13,295.4,100.9,396.3,16794300.8,316.5,31.7,1986749.6,126733.3,7.3,16812375.0,5765394.3,22577769.3,26.51,22.29,0.0,48.8,28.3,24.48,0.0,52.78,214315.4,4213231.5,4435022.5,114594610.0,53709772.0,1616269.5,101738.8,0.0,0.0,0.0,2413310.8,47312304.0,11622.6,5109419.5,6732744.0,0.0,727.4,0.0,46864508.0,4431960.5,0.0,1143.7,20.4,0.0,0.0,1390.9,21174.3,1748.0,719.6,3518.7,0.0,253.6,0.0,18348.4,0.0,1471.6,4574.6,0.0,0.0
HighRECost,NorthernGrid_South,2040,124747050.0,1675149.6,0.0,1154197.8,127576400.0,120262277.7,61782380.0,24343820.0,31128092.0,0.0359,0.054,0.12,114608.85,28653.1,146.2,2.8,0.28,17.3,1102.9,0.06,146.3,50.2,196.5,120.4,2.3,0.23,14.3,908.8,0.05,120.5,41.4,161.9,147.9,2.8,0.28,17.5,1115.4,0.06,148.0,50.7,198.7,297.0,5.6,0.57,35.1,2232.8,0.13,297.4,101.7,399.0,19637339.8,370.1,37.0,2322595.7,148188.7,8.5,19658473.0,6740946.6,26399419.5,27.89,22.8,0.0,50.69,29.72,25.01,0.0,54.73,254995.6,6613993.5,6870417.5,134360670.0,65794016.0,1425221.9,101738.8,0.0,0.0,0.0,2475594.8,55457932.0,7418.0,4841243.5,6732699.0,0.0,396.9,0.0,58760824.0,4557597.0,0.0,1011.3,20.4,0.0,0.0,1391.0,24221.4,1748.0,704.0,3518.7,0.0,239.6,0.0,23571.7,0.0,1499.9,4045.2,0.0,0.0
HighRECost,NorthernGrid_South,2045,138886180.0,2383551.2,0.0,1236894.0,142506610.0,133893102.3,68474260.0,27694452.0,30443962.0,0.0359,0.054,0.12,110891.28,32596.7,143.8,2.7,0.27,17.0,1084.8,0.06,143.9,49.3,193.3,100.2,1.9,0.19,11.9,756.1,0.04,100.3,34.4,134.7,126.8,2.4,0.24,15.0,956.5,0.06,126.9,43.5,170.4,288.6,5.5,0.55,34.1,2175.3,0.13,288.9,99.0,387.9,20881645.2,393.6,39.4,2469584.0,157579.2,9.1,20904117.0,7167919.7,28072036.8,26.51,22.45,0.67,49.69,28.32,24.76,0.71,53.85,332918.4,12089881.0,12426872.0,145256130.0,74032360.0,2023635.2,101738.8,0.0,0.0,0.0,2427724.8,59061748.0,4386.2,3300288.5,6731779.0,0.0,194.4,0.0,67830450.0,3774182.8,0.0,1442.2,20.4,0.0,0.0,1396.6,26411.7,1730.9,504.6,3518.7,0.0,239.6,0.0,28757.8,0.0,1249.4,5768.7,0.0,0.0
HighRECost,NorthernGrid_South,2050,152025470.0,5248771.0,1226349.5,1453316.8,159953920.0,146560143.7,69408530.0,29465028.0,42706644.0,0.0359,0.0539,0.12,111674.78,36522.6,138.0,2.6,0.26,16.3,1041.3,0.06,138.1,47.4,185.5,83.4,1.6,0.16,9.9,629.1,0.04,83.5,28.6,112.1,110.1,2.1,0.21,13.0,831.0,0.05,110.3,37.8,148.1,290.3,5.5,0.55,34.3,2186.5,0.13,290.6,99.5,390.1,23899995.1,450.4,45.0,2826144.3,180355.7,10.4,23925715.3,8203576.4,32129291.8,25.25,22.52,0.59,48.4,27.37,25.47,0.63,53.51,326294.2,16485669.0,16813724.0,173195540.0,90545384.0,4461208.0,101738.8,0.0,0.0,0.0,2485824.0,67644430.0,6559.4,2720187.8,6731246.5,0.0,319.9,984450.8,83798380.0,4261174.5,0.0,3208.3,20.4,0.0,0.0,1430.0,29959.9,1167.7,422.7,3518.7,0.0,11.4,437.9,36253.1,0.0,1437.6,12833.3,3503.6,0.0
HighRECost,NorthernGrid_West,2025,158100640.0,6275.8,176548.6,2274009.8,160557470.0,152414716.7,131581460.0,143229.9,26136206.0,0.036,0.054,0.12,111253.41,33227.5,17.7,0.3,0.03,2.8,166.5,0.02,17.7,7.7,25.4,19.9,0.4,0.04,3.1,186.9,0.02,19.9,8.6,28.6,294.0,15.9,2.15,25.4,1972.8,0.13,295.1,84.2,379.3,503.1,36.4,5.11,35.1,2681.7,0.24,505.6,115.1,620.7,3296734.2,62.1,6.2,518112.5,31051.7,3.5,3300281.9,1444400.0,4744681.9,26.13,19.1,0.72,45.97,27.72,20.52,0.78,49.03,2946.0,11.1,2957.1,186550450.0,28976020.0,5215.9,1228183.5,8117162.5,0.0,0.0,817096.6,8636557.0,0.0,145213.4,130110640.0,9193461.0,0.0,137997.4,4116025.5,24042896.0,0.0,20.1,205.7,0.0,0.0,653.9,6007.1,1371.8,19.5,30835.3,1151.0,2.5,314.0,1961.8,0.0,7528.0,80.2,2512.0,0.0
HighRECost,NorthernGrid_West,2030,174448350.0,13599.0,182575.8,2128067.8,176772590.0,168174908.6,128963500.0,1492522.9,23153592.0,0.036,0.054,0.12,111244.06,35392.0,14.1,0.3,0.03,2.2,107.6,0.02,14.1,5.4,19.5,10.9,0.2,0.02,1.5,82.8,0.01,10.9,4.0,14.9,46.1,1.3,0.16,5.0,322.8,0.02,46.2,14.7,60.9,432.8,29.7,4.16,31.9,2035.9,0.21,434.9,92.6,527.5,2798880.8,52.7,5.3,438276.3,21345.9,3.2,2801892.8,1075245.5,3877138.3,19.28,18.72,2.4,40.46,20.43,20.05,2.54,43.08,58814.6,38412.8,97227.4,198433660.0,47809084.0,11554.2,694166.0,6139442.0,0.0,0.0,927887.4,7291508.0,0.0,144616.6,127004270.0,9193461.0,0.0,145558.3,7031807.0,39849390.0,0.0,20.1,133.2,0.0,0.0,741.5,5675.3,1427.4,19.5,31763.1,1151.0,0.0,314.0,3251.4,0.0,11365.8,80.2,2512.0,0.0
HighRECost,NorthernGrid_West,2035,194986430.0,20762.1,254762.1,2746368.2,198008340.0,187974581.0,130296690.0,3668991.5,26543892.0,0.036,0.054,0.12,114245.02,39188.2,12.9,0.2,0.02,2.0,98.2,0.01,12.9,4.9,17.8,9.0,0.2,0.02,1.2,68.0,0.01,9.0,3.2,12.2,30.2,0.6,0.06,3.6,227.4,0.01,30.2,10.3,40.5,265.3,5.0,0.5,31.3,1998.8,0.12,265.5,90.9,356.5,2846520.4,53.6,5.4,438410.4,21698.6,3.2,2849583.6,1085891.7,3935475.3,22.14,19.11,0.0,41.25,23.47,20.52,0.0,43.99,182385.7,669759.8,852186.8,220883230.0,67711630.0,17592.7,581470.0,5484564.0,0.0,0.0,859416.9,7448167.0,3428.9,140132.7,130100430.0,9193461.0,0.0,202356.5,16879422.0,49972796.0,0.0,19.4,117.9,0.0,0.0,687.5,5731.1,1423.5,19.5,31791.3,1151.0,0.0,314.0,7825.2,0.0,14363.1,77.7,2512.0,0.0
HighRECost,NorthernGrid_West,2040,214420690.0,3416.1,255134.6,3230375.8,217909600.0,206710103.9,136708320.0,6595540.5,31538458.0,0.036,0.054,0.12,119005.54,43287.4,20.6,0.4,0.04,2.9,156.2,0.02,20.6,7.5,28.1,5.7,0.1,0.01,0.8,43.5,0.0,5.7,2.1,7.8,34.9,0.7,0.07,4.1,263.5,0.02,35.0,12.0,46.9,264.9,5.0,0.5,31.3,1996.5,0.12,265.1,90.8,356.0,4996793.0,94.2,9.4,692423.0,37925.0,4.1,5002170.2,1823703.4,6825873.6,23.51,20.25,0.36,44.12,24.92,21.77,0.38,47.07,382352.7,1508715.5,1891073.8,242852530.0,81201290.0,2886.5,581470.0,6032495.0,0.0,0.0,857401.1,13795920.0,842.2,135294.9,131706770.0,9193461.0,0.0,202105.7,22699886.0,57643990.0,0.0,2.5,117.9,0.0,0.0,687.5,9270.9,969.5,19.5,31791.3,1151.0,0.0,314.0,10731.7,0.0,16825.9,10.0,2512.0,0.0
HighRECost,NorthernGrid_West,2045,232522140.0,3424.4,348798.2,3649032.5,236523420.0,224160727.9,144336690.0,11537093.0,32797020.0,0.036,0.054,0.12,117753.46,46963.4,24.7,0.5,0.05,3.3,187.4,0.02,24.8,8.9,33.7,4.5,0.1,0.01,0.7,34.3,0.0,4.5,1.7,6.2,35.8,0.7,0.07,4.2,269.8,0.02,35.8,12.3,48.1,257.7,4.9,0.49,30.4,1943.0,0.11,257.9,88.4,346.3,6373390.2,120.1,12.0,855041.0,48313.0,4.7,6380248.8,2296048.0,8676296.8,22.85,20.2,1.81,44.88,24.24,21.75,1.93,47.94,801681.5,2600866.5,3402548.0,257783330.0,92186710.0,2895.7,581470.0,5141097.5,0.0,0.0,868956.6,17782358.0,1414.2,0.0,132616140.0,9193461.0,0.0,277788.5,29893044.0,61424716.0,0.0,2.5,117.9,0.0,0.0,698.2,10819.0,969.5,0.0,31799.4,1151.0,0.0,314.0,14462.6,0.0,18190.7,10.0,2512.0,0.0
HighRECost,NorthernGrid_West,2050,249583570.0,20101.8,444103.4,4046059.2,254093800.0,240608726.2,144774740.0,11769550.0,37905636.0,0.036,0.054,0.12,118517.73,50377.6,29.9,0.6,0.06,3.9,226.7,0.02,30.0,10.7,40.6,3.9,0.1,0.01,0.6,29.6,0.0,3.9,1.5,5.4,35.7,0.7,0.07,4.2,269.1,0.02,35.7,12.2,47.9,264.2,5.0,0.5,31.2,1991.6,0.12,264.5,90.6,355.1,8388296.4,158.1,15.8,1093062.7,63517.9,5.6,8397323.4,2987412.2,11384735.6,22.08,20.29,0.8,43.19,23.43,21.88,0.85,46.18,763321.2,4139168.8,4902490.5,280229900.0,109319064.0,17084.1,581470.0,5939858.5,0.0,0.0,1024877.2,23544352.0,9475.8,0.0,131272680.0,9193461.0,0.0,352447.9,38808068.0,69486130.0,0.0,15.5,117.9,0.0,0.0,821.8,11405.8,4260.9,0.0,31799.4,1151.0,0.0,314.0,19135.7,0.0,20538.9,61.8,2512.0,0.0
HighRECost,PJM_East,2025,729503100.0,4739188.0,5368896.5,4171636.8,743782800.0,703274034.7,652062400.0,2212083.0,4437466.0,0.0359,0.054,0.12,122076.92,166849.3,360.6,27.0,3.8,26.5,1863.4,0.21,362.4,82.1,444.5,379.8,28.5,4.01,27.8,1958.7,0.23,381.7,86.3,468.0,290.5,7.0,0.79,33.1,2583.9,0.13,290.9,110.1,401.0,620.7,41.0,5.77,47.7,3454.8,0.34,623.5,150.7,774.3,269013593.6,20161.1,2838.4,19755766.0,1390104.5,159.8,270389267.0,61224505.7,331613772.7,36.39,24.29,0.45,61.13,38.58,26.59,0.47,65.65,435.0,0.0,435.0,746008200.0,91720410.0,4043433.2,5811802.5,0.0,170547550.0,0.0,6225401.0,297741730.0,2336203.5,0.0,9139849.0,159425470.0,890659.2,4351089.0,48783890.0,36670164.0,40952.7,3005.6,1143.7,37922.3,0.0,4336.7,55455.9,21638.9,0.0,3160.5,19959.7,9042.1,5203.0,22503.7,12.0,11604.0,13703.4,41624.0,0.0
HighRECost,PJM_East,2030,777558700.0,9858004.0,5431198.0,4910584.5,797758460.0,749600225.3,647507100.0,6618089.0,2061830.2,0.0359,0.054,0.12,122081.21,175313.0,267.9,13.2,1.77,26.3,1562.2,0.17,268.8,72.9,341.7,280.4,13.9,1.87,27.4,1630.6,0.17,281.4,76.1,357.5,260.5,5.4,0.58,30.4,1921.4,0.12,260.8,87.7,348.5,570.6,38.3,5.44,43.7,2597.3,0.33,573.3,121.2,694.5,212521866.2,10489.6,1405.8,20857837.6,1239111.6,131.3,213218237.2,57819209.6,271037446.8,30.61,23.65,0.53,54.78,32.5,26.02,0.55,59.07,51940.8,4916.4,56857.2,793202240.0,150251420.0,8396924.0,4394278.0,0.0,68676640.0,0.0,7884049.5,381880320.0,4475816.0,0.0,9461745.0,159425470.0,1839972.4,4399634.0,54453850.0,59596296.0,28317220.0,6332.2,951.3,31165.2,0.0,5476.6,62083.5,21546.5,0.0,3283.5,19959.7,7097.5,5203.0,25155.7,7781.7,17045.3,27009.9,41624.0,0.0
HighRECost,PJM_East,2035,847549400.0,14087742.0,5509870.5,6463492.0,873610430.0,817072974.3,639116600.0,45984116.0,7202033.5,0.0359,0.054,0.12,126344.78,191851.3,182.3,3.5,0.36,23.5,1369.2,0.12,182.5,64.3,246.8,184.3,3.5,0.36,23.8,1383.2,0.12,184.5,65.0,249.5,224.2,4.2,0.43,26.5,1688.3,0.1,224.4,76.8,301.3,328.1,6.7,0.77,39.1,2336.0,0.19,328.5,108.8,437.2,152179994.4,2902.2,296.7,19579715.4,1143014.9,101.3,152347475.6,53669224.6,206016700.1,31.48,23.38,0.0,54.86,33.47,25.78,0.0,59.25,25621.3,3496.1,29117.4,834828400.0,234493870.0,12016839.0,4394278.0,0.0,0.0,0.0,7923758.5,402787840.0,5990120.0,0.0,9461745.0,159425470.0,1810689.4,4447536.5,74523176.0,77164216.0,74882720.0,9997.9,951.3,0.0,0.0,5494.4,81511.5,23274.9,0.0,3283.5,19959.7,5825.7,5203.0,34052.0,20541.7,22384.4,41672.7,41624.0,0.0
HighRECost,PJM_East,2040,922467300.0,14115957.0,5636537.0,8945893.0,951165760.0,889296277.2,657024200.0,82831020.0,24427040.0,0.0359,0.054,0.12,125187.98,208910.7,167.8,3.2,0.32,21.6,1264.1,0.11,168.0,59.3,227.3,162.2,3.1,0.31,21.0,1222.2,0.11,162.4,57.4,219.8,197.7,3.7,0.38,23.4,1485.8,0.09,197.9,67.7,265.5,287.5,5.6,0.6,34.1,2117.9,0.14,287.8,97.2,385.0,149823651.8,2845.0,288.5,19288016.1,1128572.3,99.2,149987203.6,52946554.2,202933757.8,32.03,23.16,0.43,55.62,34.08,25.5,0.44,60.01,114180.4,36969.8,151150.2,892761700.0,294141500.0,12037503.0,4341244.5,0.0,0.0,0.0,7974331.0,402420900.0,5252314.0,0.0,9461745.0,159425470.0,1121059.2,4560021.5,100233310.0,94432150.0,91501700.0,10470.3,944.1,0.0,0.0,5530.4,91852.8,28231.5,0.0,3283.5,19959.7,5285.7,5203.0,45627.9,25066.7,27701.8,41881.4,41624.0,0.0
HighRECost,PJM_East,2045,1000426400.0,25260728.0,5228695.0,10204901.0,1041120640.0,964452445.1,714702200.0,98692970.0,30175284.0,0.0359,0.054,0.12,135726.71,227469.6,166.3,3.1,0.32,21.3,1254.4,0.11,166.4,58.7,225.1,159.8,3.0,0.31,20.5,1205.9,0.1,160.0,56.5,216.5,200.1,3.8,0.38,23.6,1507.2,0.09,200.3,68.6,268.9,300.4,5.8,0.61,35.6,2227.2,0.14,300.7,102.0,402.7,161713502.4,3062.4,309.0,20688207.0,1220028.1,103.8,161889127.3,57073381.5,218962508.8,29.94,25.21,0.61,55.77,31.86,28.0,0.6,60.47,186848.2,65805.5,252653.6,972603000.0,326418460.0,21532254.0,4341244.5,0.0,0.0,0.0,8438347.0,442861900.0,3560715.5,0.0,9461745.0,159425470.0,770936.0,4230337.0,124347460.0,102004140.0,91628500.0,19350.8,944.1,0.0,0.0,5856.0,100295.6,27540.8,0.0,3283.5,19959.7,4705.9,5203.0,56748.7,25066.7,30311.5,77403.2,41624.0,0.0
HighRECost,PJM_East,2050,1069902340.0,29761798.0,5508503.5,11379948.0,1116552600.0,1031431326.1,766861060.0,116798660.0,37804464.0,0.0359,0.054,0.12,134311.63,245620.7,162.3,3.1,0.31,20.8,1227.4,0.11,162.5,57.4,220.0,154.4,2.9,0.29,19.9,1167.5,0.1,154.6,54.7,209.3,182.9,3.5,0.35,21.7,1379.0,0.08,183.1,62.9,246.0,311.7,6.0,0.61,36.9,2327.2,0.14,312.0,106.3,418.3,168447319.5,3180.4,319.1,21623679.3,1273530.3,109.3,168629215.6,59604710.4,228233926.0,27.65,25.17,0.59,53.42,29.45,28.08,0.58,58.11,439313.6,199238.4,638552.0,1037558400.0,349691550.0,25381148.0,4341244.5,0.0,0.0,0.0,10151910.0,463517100.0,4452008.5,0.0,9461745.0,175947260.0,312103.4,4454260.5,142314420.0,105534170.0,91691064.0,22083.8,944.1,0.0,0.0,7059.4,106418.1,32723.3,0.0,3283.5,22028.2,2200.3,5203.0,65009.0,25066.7,31352.7,88335.2,41624.0,0.0
HighRECost,PJM_West,2025,108721384.0,2226992.8,0.0,132389.1,111080750.0,104813044.6,101193950.0,1018794.7,19980790.0,0.0359,0.0539,0.12,122024.59,26283.5,75.2,1.4,0.14,15.3,715.5,0.18,75.3,36.7,112.0,85.9,1.9,0.2,16.5,797.5,0.18,86.0,40.3,126.3,301.2,11.4,1.49,30.8,2320.7,0.15,302.0,100.0,401.9,612.8,39.0,5.44,48.0,3590.2,0.31,615.5,155.1,770.6,9782461.2,185.3,18.7,1988441.0,93051.4,22.9,9793085.9,4767625.4,14560711.3,33.57,27.23,0.14,60.94,35.79,30.13,0.12,66.04,0.0,0.0,0.0,130042770.0,9886804.0,1900499.0,388265.3,0.0,0.0,0.0,171600.8,21126322.0,3280605.2,0.0,178472.8,93222180.0,59617.1,0.0,3414960.8,6300242.0,0.0,2205.0,83.0,0.0,0.0,116.5,6502.8,8146.7,0.0,59.1,11671.2,401.5,0.0,1503.6,0.0,1959.0,8820.0,0.0,0.0
HighRECost,PJM_West,2030,117765656.0,2524152.5,0.0,153103.9,120442920.0,113531812.1,102327120.0,2033217.8,22311872.0,0.0359,0.054,0.12,122024.7,27740.6,77.1,1.5,0.15,15.0,593.4,0.17,77.1,32.8,109.9,83.1,1.6,0.17,15.6,635.9,0.17,83.2,34.6,117.9,232.5,7.2,0.91,25.3,1541.8,0.12,232.9,71.3,304.2,527.0,28.9,3.95,45.4,2876.0,0.26,529.0,131.2,660.1,10843851.5,205.5,20.8,2113958.3,83507.3,23.4,10855640.7,4608859.1,15464499.8,26.27,26.52,0.32,53.11,28.01,29.33,0.27,57.62,0.0,0.0,0.0,140721580.0,18115800.0,2156650.0,388265.3,0.0,0.0,0.0,193913.2,22186998.0,4399229.0,0.0,178472.8,93222180.0,73992.3,0.0,3414960.8,14506926.0,0.0,2205.0,83.0,0.0,0.0,131.6,6502.8,8150.2,0.0,59.1,11671.2,52.7,0.0,1503.6,0.0,4064.4,8820.0,0.0,0.0
HighRECost,PJM_West,2035,133569050.0,3259669.0,0.0,313787.2,137142510.0,128766691.1,117809830.0,10857676.0,11587503.0,0.0359,0.054,0.12,153461.78,30031.3,64.0,1.2,0.12,13.6,496.2,0.16,64.1,28.4,92.6,63.3,1.2,0.12,13.2,490.0,0.16,63.4,27.8,91.2,191.3,3.6,0.37,22.6,1433.8,0.09,191.5,65.4,256.9,312.7,6.2,0.68,37.2,2274.0,0.16,313.1,105.0,418.0,8830445.1,167.1,16.8,1875859.6,68414.8,22.5,8840025.6,3920755.7,12760781.2,25.66,31.87,0.0,57.53,27.42,35.28,0.0,62.7,72364.3,6875.8,79240.0,137872340.0,19332674.0,2786551.2,388265.3,0.0,0.0,0.0,185197.9,18874142.0,3042206.8,0.0,178472.8,93222180.0,47854.9,0.0,3408524.8,15738950.0,0.0,2541.4,83.0,0.0,0.0,126.0,6502.8,8150.7,0.0,59.1,11671.2,52.7,0.0,1503.6,0.0,4424.4,10165.5,0.0,0.0
HighRECost,PJM_West,2040,145841920.0,5406624.5,0.0,468464.2,151717010.0,140598110.2,132522000.0,26509524.0,14390982.0,0.0359,0.054,0.12,148946.2,33169.7,62.7,1.2,0.12,13.4,485.7,0.16,62.7,27.9,90.6,56.8,1.1,0.11,11.7,439.0,0.14,56.9,24.8,81.6,138.4,2.7,0.28,16.4,1031.2,0.06,138.6,47.1,185.7,277.4,5.4,0.58,32.9,2038.7,0.14,277.7,93.7,371.4,8747284.6,165.5,16.7,1865998.1,67802.2,22.4,8756769.4,3892628.5,12649397.9,27.39,30.44,0.0,57.83,29.39,34.12,0.0,63.51,37667.4,2826.2,40493.6,139598460.0,19195006.0,4619473.0,388265.3,0.0,0.0,0.0,196199.7,19361958.0,2589125.0,0.0,178472.8,93222180.0,43994.6,0.0,3412331.2,15586477.0,0.0,3774.9,83.0,0.0,0.0,133.3,6502.8,8145.1,0.0,59.1,11671.2,52.7,0.0,1503.6,0.0,4399.4,15099.5,0.0,0.0
HighRECost,PJM_West,2045,157731800.0,13938957.0,0.0,672713.8,172343470.0,152060434.7,141718980.0,44196084.0,16891558.0,0.0359,0.054,0.12,149745.68,35841.2,22.2,0.4,0.04,8.4,181.1,0.14,22.2,13.8,36.0,23.8,0.4,0.05,7.4,190.5,0.11,23.8,13.2,37.0,57.7,1.1,0.11,6.8,434.3,0.03,57.8,19.8,77.5,286.6,5.5,0.57,33.9,2136.8,0.13,286.9,97.6,384.5,3220014.7,60.7,6.1,1212627.7,26264.0,20.0,3223479.9,2000749.2,5224229.1,26.16,28.24,0.0,54.4,28.52,33.17,0.0,61.69,1556.8,370.7,1927.5,145038960.0,30624500.0,11908446.0,388265.3,0.0,0.0,0.0,227423.5,8704439.0,12665.7,0.0,178472.8,93222180.0,0.0,0.0,13880490.0,16516586.0,0.0,10553.5,83.0,0.0,0.0,154.3,2645.4,107.5,0.0,59.1,11671.2,0.0,0.0,6100.2,0.0,4614.9,42214.0,0.0,0.0
HighRECost,PJM_West,2050,167146640.0,16466798.0,0.0,781044.0,184394480.0,161136832.2,148798660.0,57873050.0,18358890.0,0.0359,0.054,0.12,142893.91,37883.1,22.0,0.4,0.04,7.9,178.7,0.13,22.0,13.3,35.3,26.1,0.5,0.05,7.1,206.4,0.1,26.1,13.3,39.5,27.9,0.5,0.05,3.3,210.1,0.01,27.9,9.6,37.5,285.2,5.5,0.57,33.8,2124.0,0.13,285.5,97.1,382.6,3189835.4,60.1,6.0,1145684.7,25885.5,18.5,3193268.1,1922133.7,5115401.8,24.48,26.99,0.0,51.46,26.8,32.01,0.0,58.81,0.0,0.0,0.0,144880320.0,35595830.0,14058437.0,388265.3,0.0,0.0,0.0,561633.2,8614189.0,27566.0,0.0,178472.8,86017560.0,0.0,0.0,15628382.0,19405816.0,0.0,11738.0,83.0,0.0,0.0,380.8,2671.1,161.6,0.0,59.1,10769.2,0.0,0.0,6867.6,0.0,5452.4,46951.9,0.0,0.0
HighRECost,SERTP,2025,652517760.0,637161.7,6222631.5,607005.1,659984600.0,629056647.7,614287800.0,2239045.5,2993598.5,0.0359,0.054,0.12,128442.03,146035.0,356.6,32.4,4.63,22.2,1425.9,0.24,358.8,64.8,423.6,374.2,34.0,4.86,23.3,1495.1,0.26,376.5,68.0,444.5,525.1,32.7,4.55,41.7,3142.8,0.26,527.4,135.4,662.8,625.9,41.4,5.87,48.3,3418.4,0.36,628.7,150.3,779.0,235618546.3,21378.6,3060.5,14701240.3,942179.5,160.7,237091132.7,42822063.5,279913196.3,38.01,26.08,0.0,64.08,40.28,28.38,0.0,68.66,0.0,125.3,125.3,660739140.0,45696772.0,544863.6,4098943.2,0.0,178810000.0,0.0,2109699.0,157072980.0,1958915.6,0.0,33546214.0,233058610.0,904200.8,5047602.0,42137788.0,1449286.1,0.0,493.2,631.6,32078.1,0.0,1379.9,41737.9,27061.7,0.0,12077.7,29178.4,5077.2,6475.7,18332.4,0.0,516.1,1972.7,51805.6,0.0
HighRECost,SERTP,2030,699584600.0,3991043.2,6586647.0,770112.0,710932350.0,674431152.7,648211200.0,6674091.5,2611847.8,0.0359,0.054,0.12,128465.8,156064.3,275.1,18.5,2.58,23.5,1333.9,0.2,276.4,63.3,339.7,288.4,19.4,2.71,24.7,1398.0,0.21,289.7,66.4,356.1,305.3,10.2,1.28,32.2,2037.3,0.14,306.0,92.9,398.9,464.5,30.6,4.31,35.8,2188.9,0.26,466.6,101.1,567.7,194457868.9,13107.1,1826.0,16640898.9,942918.1,138.4,195346963.5,44777636.7,240124600.2,32.43,25.81,0.0,58.24,34.39,28.22,0.0,62.61,117.4,170.7,288.1,706870140.0,62721144.0,3402971.5,4254383.5,0.0,102152860.0,0.0,3551664.8,256390830.0,2988181.5,0.0,35617784.0,233058610.0,940436.9,5342905.5,51788184.0,7381298.5,0.0,2850.2,652.7,26946.1,0.0,2329.8,50868.4,29050.0,0.0,12689.8,29178.4,4189.2,6475.7,22431.0,0.0,2340.6,11400.8,51805.6,0.0
HighRECost,SERTP,2035,784413250.0,4389238.0,9232370.0,2332445.2,800367360.0,756210335.1,541471900.0,38589210.0,16466941.0,0.0359,0.054,0.12,124082.45,172226.5,109.9,2.1,0.21,15.8,833.2,0.11,110.0,40.7,150.7,113.1,2.1,0.22,16.3,857.1,0.11,113.2,41.8,155.0,191.3,3.6,0.37,22.6,1436.2,0.09,191.6,65.4,257.0,233.4,4.5,0.48,27.7,1725.0,0.11,233.6,79.1,312.7,85528681.2,1619.8,163.5,12300912.4,648411.6,84.7,85621577.2,31646703.2,117268280.5,32.43,23.61,0.0,56.04,34.53,25.83,0.0,60.36,225534.3,925078.8,1150613.1,778245060.0,258895460.0,3743283.2,3908192.8,0.0,0.0,0.0,4450430.5,232583040.0,2511886.8,0.0,35615188.0,233058610.0,470412.7,7458987.0,156198000.0,98247030.0,0.0,2846.0,605.7,0.0,0.0,2941.8,70243.0,28430.4,0.0,12689.8,29178.4,3258.9,6475.7,67898.0,0.0,32079.0,11383.9,51805.6,0.0
HighRECost,SERTP,2040,867388740.0,3744124.5,11904526.0,3418744.5,886456100.0,836202509.2,545762400.0,47530350.0,27637756.0,0.0359,0.054,0.12,120944.73,192249.8,100.3,1.9,0.19,14.4,761.5,0.1,100.4,37.1,137.5,103.8,2.0,0.2,14.9,788.1,0.1,103.9,38.4,142.3,178.7,3.4,0.34,21.1,1345.2,0.08,178.9,61.2,240.1,199.1,3.8,0.39,23.6,1490.3,0.09,199.3,68.0,267.3,86912518.7,1641.8,164.9,12461727.1,659910.7,85.0,87006463.8,32150260.1,119156723.9,32.19,23.16,0.0,55.34,34.38,25.38,0.0,59.75,929659.6,6161047.5,7090707.0,866563460.0,340693660.0,3188607.2,3908209.5,0.0,0.0,0.0,4619627.5,237250130.0,3042440.8,0.0,35610376.0,233058610.0,229940.0,9581552.0,215842140.0,120231890.0,0.0,2357.0,605.7,0.0,0.0,3076.8,80975.8,33049.4,0.0,12689.8,29178.4,2476.7,6475.7,95929.1,0.0,39323.0,9428.1,51805.6,0.0
HighRECost,SERTP,2045,949827800.0,5473884.0,12943496.0,4078441.2,972323650.0,915678345.2,563095000.0,51978136.0,39256590.0,0.0359,0.054,0.12,121413.71,213091.2,98.1,1.9,0.19,13.8,745.2,0.09,98.2,36.1,134.3,102.2,1.9,0.19,14.4,775.8,0.09,102.3,37.5,139.8,186.3,3.5,0.35,22.0,1404.6,0.08,186.5,63.9,250.3,187.7,3.6,0.37,22.2,1406.1,0.08,187.9,64.1,252.1,94158635.7,1776.4,178.0,13278108.5,715071.8,87.8,94260158.9,34611206.3,128871365.2,29.37,23.36,0.0,52.73,31.45,25.65,0.0,57.1,2989318.8,13109247.0,16098566.0,959602050.0,409228670.0,4663257.0,3319018.2,0.0,0.0,0.0,5451421.0,260810060.0,2407202.8,0.0,35591310.0,233058610.0,108999.6,10414936.0,263573150.0,140204100.0,0.0,3553.5,525.7,0.0,0.0,3669.7,96945.6,36279.0,0.0,12689.8,29178.4,1865.8,6475.7,119465.8,0.0,46615.7,14214.0,51805.6,0.0
HighRECost,SERTP,2050,1024535700.0,31294164.0,13082703.0,5270450.0,1074182900.0,987701206.9,591312260.0,66841772.0,49617200.0,0.0359,0.054,0.12,117622.8,232882.2,89.2,1.7,0.17,12.6,677.7,0.08,89.3,32.8,122.1,88.1,1.7,0.17,12.4,669.4,0.08,88.2,32.4,120.6,166.6,3.1,0.31,19.7,1256.5,0.07,166.8,57.2,223.9,171.2,3.3,0.33,20.2,1284.7,0.08,171.4,58.5,229.9,94267911.3,1777.1,177.8,13289683.7,716251.0,87.7,94369404.1,34657901.9,129027306.0,26.59,22.29,0.0,48.88,28.86,25.07,0.0,53.93,1972530.2,22050830.0,24023360.0,1056958340.0,482870700.0,26656462.0,3305760.0,0.0,0.0,0.0,7070785.0,263322020.0,1580746.2,0.0,35609240.0,233058610.0,27681.4,10527173.0,335030900.0,140768980.0,0.0,20254.2,523.9,0.0,0.0,4742.9,105176.8,36202.7,0.0,12689.8,29178.4,560.3,6475.7,154293.9,0.0,46407.7,81016.9,51805.6,0.0
HighRECost,SPP_North,2025,57102880.0,2527.8,0.0,677772.0,57783180.0,55049471.5,17502984.0,2248616.8,16535566.0,0.0359,0.054,0.12,22373.7,12809.3,227.7,25.5,3.7,8.5,551.8,0.13,229.5,24.9,254.4,242.8,27.2,3.94,9.2,590.7,0.14,244.7,26.8,271.5,547.3,51.3,7.39,27.9,1996.1,0.28,550.8,87.5,638.3,831.1,81.4,11.76,39.2,2772.3,0.43,836.8,121.9,958.7,16410359.3,1836.8,266.7,609392.1,39767.8,9.3,16537910.6,1797007.3,18334917.8,29.28,4.46,0.0,33.73,31.05,4.82,0.0,35.87,65102.5,1199.6,66302.1,72070136.0,40280196.0,2158.8,50348.1,121079.5,15564893.0,0.0,54872.3,884037.5,368852.8,0.0,8639345.0,6150273.5,8947.4,0.0,623780.0,39601544.0,0.0,1.7,11.0,8315.7,0.0,33.1,678.8,3864.6,0.0,2431.1,770.0,441.2,0.0,275.4,0.0,10960.1,6.8,0.0,0.0
HighRECost,SPP_North,2030,64134456.0,2871.6,0.0,794611.3,64931944.0,61828089.0,17963220.0,6637730.0,13312907.0,0.0359,0.054,0.12,22368.66,13374.0,118.8,12.7,1.83,5.4,317.4,0.08,119.7,14.8,134.5,134.1,14.3,2.07,6.1,358.3,0.08,135.1,16.8,151.8,448.2,38.3,5.48,26.3,1664.6,0.24,450.8,76.0,526.8,620.5,56.7,8.15,32.9,2120.5,0.32,624.4,96.2,720.6,8506678.1,906.1,131.2,384425.7,22729.7,5.4,8569485.8,1063240.4,9632726.2,23.06,4.3,0.0,27.36,24.46,4.64,0.0,29.09,1425402.0,41565.4,1466967.5,71607120.0,46968720.0,2446.3,50348.1,116002.0,7692121.0,0.0,66224.4,1273915.6,470614.0,0.0,8875293.0,6150273.5,7383.0,0.0,2449768.5,44452730.0,0.0,1.7,11.0,5905.9,0.0,40.8,678.8,3453.4,0.0,2583.1,770.0,53.1,0.0,1010.5,0.0,11323.7,6.8,0.0,0.0
HighRECost,SPP_North,2035,74613520.0,2801.2,0.0,1564617.6,76180940.0,71929850.4,315241.3,13624341.0,29766518.0,0.036,0.054,0.12,103822.87,14881.9,9.8,0.2,0.02,1.8,75.2,0.02,9.8,4.0,13.8,12.6,0.2,0.02,2.2,95.9,0.02,12.6,5.1,17.6,173.1,3.4,0.35,20.5,1280.5,0.08,173.3,58.7,232.0,239.4,4.7,0.51,28.4,1752.8,0.12,239.7,80.7,320.3,907585.2,17.3,1.8,162813.6,6940.8,1.6,908577.9,370097.0,1278674.9,19.69,25.91,0.0,45.61,20.87,27.73,0.0,48.59,9930857.0,678626.1,10609483.0,92323120.0,75865700.0,2390.3,50348.1,106607.1,0.0,0.0,62676.0,987194.1,944179.4,0.0,8207015.0,6150273.5,9410.5,0.0,8717679.0,67085344.0,0.0,1.7,11.0,0.0,0.0,43.3,767.6,3633.1,0.0,2609.1,770.0,51.1,0.0,3733.4,0.0,19162.9,6.8,0.0,0.0
HighRECost,SPP_North,2040,82424530.0,0.0,0.0,1924020.2,84348540.0,79459978.3,-401247.4,16754834.0,33555560.0,0.036,0.054,0.12,102877.39,16447.5,7.9,0.1,0.02,1.5,60.2,0.02,7.9,3.3,11.1,10.0,0.2,0.02,1.8,76.6,0.02,10.0,4.1,14.2,121.9,2.3,0.24,14.4,910.0,0.06,122.1,41.6,163.6,221.7,4.3,0.45,26.3,1643.5,0.11,221.9,75.3,297.2,794577.7,15.1,1.5,149453.2,6092.4,1.6,795447.0,331437.9,1126884.9,20.64,24.76,0.0,45.4,21.87,26.53,0.0,48.4,9297834.0,2099691.0,11397525.0,101149270.0,84749790.0,0.0,50348.1,108507.0,0.0,0.0,67951.7,929245.2,783941.2,0.0,8368850.5,6150273.5,8314.3,0.0,14430794.0,70251050.0,0.0,0.0,11.0,0.0,0.0,47.9,771.5,3699.0,0.0,2609.1,770.0,51.1,0.0,6544.4,0.0,19744.9,0.0,0.0,0.0
HighRECost,SPP_North,2045,89300220.0,110996.4,0.0,2084063.8,91495280.0,86088517.8,2611030.2,20828850.0,34568540.0,0.036,0.054,0.12,106362.24,18039.1,6.8,0.1,0.01,1.3,52.1,0.01,6.8,2.9,9.7,8.7,0.2,0.02,1.6,66.8,0.02,8.7,3.6,12.3,123.3,2.3,0.24,14.6,926.7,0.05,123.5,42.2,165.7,214.4,4.1,0.42,25.4,1606.3,0.1,214.7,73.3,287.9,712452.2,13.5,1.4,139734.9,5479.3,1.5,713230.3,303440.4,1016670.7,19.61,24.75,0.0,44.36,20.78,26.54,0.0,47.32,9224619.0,4005734.0,13230353.0,105234980.0,88884250.0,94572.7,50348.1,108687.6,0.0,0.0,81985.6,910235.8,658237.3,0.0,8371678.5,6150273.5,6689.8,0.0,18931652.0,69870616.0,0.0,63.6,11.0,0.0,0.0,59.3,805.2,3726.6,0.0,2609.1,770.0,51.1,0.0,9213.8,0.0,19583.0,254.2,0.0,0.0
HighRECost,SPP_North,2050,94898470.0,110795.5,0.0,2228533.0,97237800.0,91485609.3,3182267.2,21157138.0,34630310.0,0.036,0.054,0.12,87605.54,19488.0,7.1,0.1,0.01,1.3,54.8,0.01,7.1,3.0,10.1,4.6,0.1,0.01,0.5,34.4,0.0,4.6,1.6,6.1,55.1,1.0,0.11,6.5,414.3,0.02,55.1,18.9,74.0,226.4,4.3,0.44,26.8,1692.4,0.1,226.6,77.2,303.8,789947.8,15.0,1.5,148880.0,6067.9,1.6,790807.7,330133.0,1120940.7,19.64,20.38,0.0,40.03,20.83,21.92,0.0,42.74,8764195.0,3672063.5,12436259.0,110710980.0,94055540.0,94145.4,50348.1,110024.3,0.0,0.0,126724.6,1049093.4,705776.2,0.0,8489871.0,6150273.5,5907.3,0.0,19190084.0,74738730.0,0.0,63.6,11.0,0.0,0.0,84.6,805.2,3780.0,0.0,2609.1,770.0,24.1,0.0,9185.1,0.0,20774.1,254.2,0.0,0.0
HighRECost,SPP_South,2025,221456690.0,463021.3,891623.5,1911135.2,224722460.0,213495237.1,86636020.0,5380823.0,11378948.0,0.0359,0.0539,0.12,22464.94,51933.8,260.0,23.9,3.46,14.2,953.4,0.15,261.6,42.7,304.3,281.3,25.9,3.75,15.3,1027.5,0.16,283.1,46.0,329.1,483.1,36.8,5.32,33.5,2184.9,0.31,485.7,98.7,584.3,721.9,63.3,9.16,41.8,2775.3,0.43,726.3,124.6,850.9,59985247.6,5517.5,797.3,3279707.4,219959.6,35.1,60367326.6,9844073.5,70211400.0,31.4,4.81,0.0,36.21,33.39,5.25,0.0,38.64,6941816.0,532719.8,7474536.0,230720590.0,138086450.0,394530.6,117173.8,0.0,44056710.0,0.0,409944.0,30114806.0,1126142.5,0.0,3391054.8,9784525.0,2940064.5,709135.9,11626624.0,126049880.0,0.0,311.1,25.6,13966.8,0.0,244.9,11232.1,8892.1,0.0,1513.3,1225.0,9668.7,444.0,4279.1,0.0,36047.8,1244.4,3552.0,0.0
HighRECost,SPP_South,2030,240583940.0,474761.4,823342.9,2478895.8,244360930.0,231934206.5,53419610.0,7894397.0,16449603.0,0.0359,0.054,0.12,22465.13,54938.9,121.8,9.2,1.32,8.8,496.6,0.08,122.5,23.6,146.1,134.3,10.2,1.46,9.6,544.8,0.09,135.0,25.9,160.9,424.3,31.3,4.52,30.3,1718.9,0.27,426.5,81.6,508.1,509.0,38.9,5.63,35.2,1987.4,0.33,511.7,94.5,606.2,30811760.4,2322.3,333.5,2225936.2,125609.9,20.5,30972001.5,5974704.8,36946706.3,22.96,4.18,0.0,27.14,24.43,4.53,0.0,28.96,15226774.0,2612426.2,17839200.0,252916140.0,190941330.0,402999.0,117173.8,0.0,17488482.0,0.0,558212.6,26379648.0,1043775.0,0.0,3358096.5,9784525.0,2743477.0,656637.6,51424636.0,138958500.0,0.0,311.1,25.6,6587.9,0.0,341.7,10710.3,7789.4,0.0,1513.3,1225.0,7288.5,444.0,19848.2,0.0,37323.3,1244.4,3552.0,0.0
HighRECost,SPP_South,2035,273279000.0,1067007.2,1000175.8,3872541.2,279218720.0,263452977.9,-7044979.0,34676396.0,73275730.0,0.0359,0.054,0.12,80346.44,59694.8,22.7,0.5,0.06,3.0,154.9,0.02,22.7,7.6,30.3,27.5,0.6,0.07,3.7,190.5,0.03,27.6,9.3,36.9,140.5,2.9,0.33,16.7,1003.2,0.08,140.7,46.7,187.4,220.1,4.4,0.49,26.2,1593.3,0.12,220.4,73.7,294.0,7208326.5,156.4,19.5,953730.9,49233.3,6.8,7218321.1,2422748.2,9641069.3,20.48,12.44,0.0,32.92,21.82,13.41,0.0,35.23,26017440.0,10619604.0,36637044.0,317818050.0,286263700.0,907373.7,117173.8,0.0,0.0,0.0,630451.0,14445645.0,1005805.9,0.0,3340598.5,9784525.0,1150034.9,803195.7,72566000.0,213067250.0,0.0,599.8,25.6,0.0,0.0,382.6,10428.6,7648.5,0.0,1540.3,1225.0,6357.0,444.0,30644.9,0.0,57901.2,2399.2,3552.0,0.0
HighRECost,SPP_South,2040,304102050.0,1289064.2,1114463.4,4215555.5,310721150.0,293167662.8,-18432916.0,36707710.0,85374490.0,0.0359,0.054,0.12,92771.47,65778.2,18.0,0.4,0.05,2.4,124.4,0.02,18.0,6.1,24.1,22.7,0.5,0.06,3.0,159.5,0.02,22.7,7.8,30.5,121.3,2.4,0.25,14.4,891.4,0.06,121.4,41.0,162.4,202.1,4.0,0.42,24.0,1488.0,0.1,202.4,68.3,270.7,6453711.1,137.7,16.8,861621.6,44717.3,6.1,6462402.6,2195867.1,8658269.8,20.61,14.29,0.0,34.89,21.95,15.39,0.0,37.35,34582770.0,15248877.0,49831644.0,359387900.0,329154050.0,1096373.0,117173.8,0.0,0.0,0.0,671516.0,13006213.0,1097226.6,0.0,3342670.8,9784525.0,895445.1,894231.3,88159096.0,240323460.0,0.0,743.9,25.6,0.0,0.0,407.8,10582.3,7719.6,0.0,1548.3,1225.0,5961.6,444.0,38193.0,0.0,66488.0,2975.6,3552.0,0.0
HighRECost,SPP_South,2045,330939680.0,7041867.0,1090364.5,4755916.0,343827800.0,319040388.2,-29373318.0,34487724.0,96073656.0,0.0359,0.054,0.12,110325.23,72440.4,12.4,0.3,0.03,1.7,89.9,0.01,12.4,4.4,16.8,17.0,0.3,0.04,2.3,124.4,0.02,17.0,6.0,23.1,165.0,3.2,0.32,19.5,1232.8,0.08,165.2,56.3,221.5,193.4,3.7,0.38,22.9,1444.8,0.09,193.6,66.0,259.6,5034590.0,101.6,11.4,687860.2,36439.7,4.7,5040741.3,1775048.7,6815790.0,18.24,16.68,0.0,34.92,19.64,18.24,0.0,37.88,45253372.0,28106644.0,73360020.0,405413760.0,373201150.0,5986355.5,117173.8,0.0,0.0,0.0,782545.7,10692246.0,1028595.1,0.0,3354239.2,9784525.0,373486.0,875993.2,113121690.0,259296930.0,0.0,4342.8,25.6,0.0,0.0,476.9,10524.3,9575.9,0.0,1569.3,1225.0,4351.4,444.0,51845.0,0.0,73366.5,17371.2,3552.0,0.0
HighRECost,SPP_South,2050,352964900.0,7076789.5,1143298.1,5442090.0,366627070.0,340274028.7,-33789852.0,43080820.0,108805910.0,0.0359,0.054,0.12,94333.26,78983.6,11.1,0.2,0.02,1.5,82.6,0.01,11.1,4.0,15.1,16.0,0.3,0.03,2.2,119.4,0.01,16.0,5.7,21.7,139.0,2.7,0.27,16.5,1040.5,0.06,139.1,47.5,186.6,200.2,3.8,0.4,23.7,1493.7,0.09,200.4,68.2,268.7,4793060.4,92.9,9.8,656585.5,35706.6,4.3,4798497.8,1721804.1,6520301.9,17.77,14.78,0.0,32.56,19.13,16.19,0.0,35.32,44029240.0,31764326.0,75793570.0,432352160.0,400416930.0,6020913.0,117173.8,0.0,0.0,0.0,1148941.6,10437680.0,1135706.5,0.0,3375031.5,9784525.0,145368.8,918845.9,125800230.0,273467740.0,0.0,4293.6,25.6,0.0,0.0,701.9,10480.2,10590.4,0.0,1569.3,1225.0,1565.3,444.0,58098.4,0.0,76311.6,17174.2,3552.0,0.0
HighRECost,WestConnect_North,2025,74641430.0,475143.6,579000.8,396250.3,76091820.0,71956873.4,26792652.0,1065788.8,4449626.0,0.036,0.054,0.12,50515.7,14495.2,297.2,32.3,4.68,11.0,789.7,0.15,299.4,34.5,334.0,321.3,34.9,5.06,11.9,855.9,0.16,323.7,37.4,361.1,691.0,69.9,10.09,30.1,2210.7,0.34,695.8,96.1,791.9,900.2,93.3,13.5,37.4,2691.9,0.45,906.7,117.7,1024.4,23618677.3,2567.7,372.1,872244.6,62759.6,11.6,23796789.1,2745636.1,26542425.2,30.55,8.47,0.0,39.02,32.43,9.17,0.0,41.59,56736.8,929.2,57666.1,79475660.0,49299176.0,404602.3,193828.7,0.0,22386526.0,0.0,1717116.6,4153619.2,431.5,0.0,2570388.8,0.0,0.0,467092.8,9147136.0,38434920.0,0.0,411.5,28.7,6596.5,0.0,980.2,3247.6,3177.5,0.0,940.9,0.0,520.4,580.8,3348.0,0.0,10756.4,1645.9,4646.4,0.0
HighRECost,WestConnect_North,2030,84926330.0,587769.2,878662.7,679127.6,87071880.0,81871591.5,11734401.0,4807542.5,9046793.0,0.036,0.054,0.12,50522.08,16630.2,86.7,7.2,1.02,5.2,343.4,0.04,87.2,15.5,102.7,107.6,9.2,1.31,6.3,412.7,0.05,108.2,18.6,126.8,188.0,12.5,1.74,14.1,915.1,0.09,188.9,41.4,230.2,635.9,59.1,8.5,32.6,2139.0,0.32,640.0,96.4,736.4,7916386.0,658.5,93.5,478864.7,31356.4,3.8,7961540.0,1414313.1,9375853.0,24.69,8.12,0.0,32.81,26.31,8.79,0.0,35.1,1814769.2,12948.3,1827717.6,91311140.0,75337480.0,502340.9,158473.1,0.0,5512136.0,0.0,2174500.8,6390800.0,180019.6,0.0,2521081.5,0.0,531.1,708269.5,9137811.0,64025172.0,0.0,411.5,23.9,1766.0,0.0,1246.3,3153.6,1483.8,0.0,940.9,0.0,15.4,580.8,3348.0,0.0,16311.1,1645.9,4646.4,0.0
HighRECost,WestConnect_North,2035,104410870.0,744627.5,1321041.6,1109739.2,107586280.0,100654980.2,3655170.0,14129266.0,20488492.0,0.036,0.054,0.12,121507.79,20780.1,19.3,0.4,0.04,2.3,145.8,0.01,19.3,6.7,26.0,24.5,0.5,0.05,3.0,185.1,0.01,24.6,8.5,33.1,118.9,2.3,0.23,14.1,893.1,0.05,119.0,40.7,159.7,236.6,4.6,0.49,28.0,1745.6,0.12,236.8,80.1,316.9,2201067.1,41.5,4.2,265412.6,16613.5,1.0,2203436.9,760763.2,2964200.1,23.21,18.86,0.0,42.07,24.82,20.42,0.0,45.24,7597752.0,608822.4,8206574.5,113945496.0,103931110.0,634532.1,158473.1,0.0,0.0,0.0,2070504.4,5519543.0,163221.8,0.0,2477824.2,0.0,598.6,1060203.0,19937932.0,81922670.0,0.0,410.7,23.9,0.0,0.0,1197.4,3874.5,1663.2,0.0,940.9,0.0,15.4,580.8,7607.0,0.0,22003.8,1643.0,4646.4,0.0
HighRECost,WestConnect_North,2040,113585420.0,507213.0,1514728.9,1323655.2,116931020.0,109499614.0,1877036.6,17748388.0,25008366.0,0.036,0.054,0.12,121181.57,23233.5,15.1,0.3,0.03,1.8,114.3,0.01,15.2,5.2,20.4,20.4,0.4,0.04,2.5,153.6,0.01,20.4,7.1,27.4,130.1,2.5,0.25,15.4,978.5,0.06,130.2,44.5,174.8,217.4,4.2,0.43,25.7,1618.5,0.1,217.6,74.0,291.6,1880171.0,35.4,3.5,227502.4,14193.0,0.8,1882195.0,650684.3,2532879.3,23.24,19.0,0.0,42.24,24.86,20.56,0.0,45.42,10125186.0,769303.6,10894490.0,124191000.0,115053990.0,431338.0,158473.1,0.0,0.0,0.0,2077805.4,4692267.0,160704.0,0.0,2477591.8,0.0,361.3,1216279.1,22320632.0,90655550.0,0.0,272.6,23.9,0.0,0.0,1205.4,3874.5,1821.8,0.0,940.9,0.0,15.4,580.8,8617.9,0.0,24496.1,1090.4,4646.4,0.0
HighRECost,WestConnect_North,2045,125035816.0,6622210.0,1567080.1,1502033.2,134727140.0,120538042.9,8106818.5,20088476.0,25732380.0,0.036,0.054,0.12,123540.09,26037.1,11.3,0.2,0.02,1.4,85.6,0.01,11.3,3.9,15.3,15.7,0.3,0.03,1.9,118.7,0.01,15.7,5.4,21.2,148.4,2.8,0.28,17.5,1118.2,0.06,148.6,50.9,199.5,205.7,3.9,0.4,24.3,1543.8,0.09,205.9,70.3,276.2,1590866.8,30.0,3.0,191791.3,12009.4,0.7,1592578.9,549864.8,2142443.7,20.28,19.44,0.0,39.72,22.24,22.09,0.0,44.34,10630723.0,2447275.0,13077998.0,140371040.0,126620310.0,5637084.0,121644.3,0.0,0.0,0.0,2135409.2,4179807.2,67652.4,0.0,2486035.8,0.0,56.7,1258441.6,38452372.0,86032540.0,0.0,3998.4,18.9,0.0,0.0,1241.1,4247.7,2075.9,0.0,940.9,0.0,15.4,580.8,15457.9,0.0,23166.7,15993.4,4646.4,0.0
HighRECost,WestConnect_North,2050,135514500.0,7408279.0,1563262.0,1668629.9,146154670.0,130639832.3,15543059.0,26827692.0,25777394.0,0.036,0.054,0.12,99136.61,28457.4,11.2,0.2,0.02,1.3,84.2,0.0,11.2,3.9,15.0,14.7,0.3,0.03,1.8,111.1,0.01,14.7,5.1,19.8,126.6,2.4,0.24,15.0,954.2,0.06,126.7,43.4,170.1,210.9,4.0,0.41,24.9,1583.1,0.09,211.2,72.1,283.3,1618585.3,30.5,3.1,195065.8,12218.5,0.7,1620327.2,559374.8,2179702.0,19.84,16.06,0.04,36.03,21.82,18.28,0.06,40.24,9319516.0,1496624.5,10816141.0,145104370.0,130611610.0,6304966.5,121644.3,0.0,0.0,0.0,2465618.0,4252620.5,68519.7,0.0,2488809.5,0.0,57.9,1256144.4,38830060.0,89315930.0,0.0,4461.2,18.9,0.0,0.0,1424.1,3903.6,2076.7,0.0,940.9,0.0,10.0,580.8,15257.9,0.0,23977.3,17844.8,4646.4,0.0
HighRECost,WestConnect_South,2025,126094290.0,3239973.0,315571.4,578884.4,130228710.0,121562755.1,95814410.0,3950773.5,3509807.2,0.0359,0.0539,0.12,111219.35,30909.6,274.2,24.6,3.52,17.0,1118.4,0.18,275.8,50.4,326.2,284.5,25.4,3.63,17.7,1172.2,0.19,286.2,52.7,338.9,424.8,27.8,3.87,32.4,2464.2,0.21,426.7,105.9,532.6,646.8,45.6,6.4,46.5,3490.4,0.32,649.9,150.6,800.5,35581553.1,3193.7,456.6,2203061.6,145160.2,23.3,35801381.5,6535201.1,42336582.6,35.29,23.02,0.0,58.31,37.62,25.6,0.0,63.22,11262.2,11505.7,22773.4,129787750.0,34414296.0,2758778.2,240248.2,0.0,26201110.0,0.0,5095922.0,22562834.0,1639553.4,63898.4,10164722.0,31446268.0,45201.4,250833.0,18667276.0,10651099.0,0.0,2174.1,36.1,4501.1,0.0,2669.7,13172.1,4544.1,8.6,2803.6,3937.0,1545.0,216.3,6296.5,0.0,3262.5,8696.5,1730.4,0.0
HighRECost,WestConnect_South,2030,139696750.0,4054175.2,529823.1,735165.6,145015900.0,134676408.7,77420440.0,3284122.0,9021702.0,0.0359,0.0539,0.12,111266.04,34696.4,153.4,12.6,1.79,11.2,620.0,0.11,154.3,29.7,184.0,164.6,13.4,1.9,12.1,673.0,0.12,165.6,32.2,197.8,218.8,12.3,1.68,18.5,1188.8,0.1,219.7,53.9,273.6,583.9,44.8,6.34,38.5,2496.5,0.28,587.0,113.0,700.0,23125847.1,1900.7,269.7,1690229.9,93466.4,17.2,23256123.3,4480233.7,27736357.0,25.2,23.15,0.0,48.35,26.98,25.9,0.0,52.88,566052.9,848709.6,1414762.9,150753490.0,67595470.0,3444386.5,240248.2,0.0,15022990.0,0.0,5940401.5,20820164.0,295869.6,62046.6,11385663.0,31446268.0,16413.5,423971.8,36386584.0,25268482.0,0.0,2436.0,36.1,4120.1,0.0,3132.4,13548.6,3497.6,8.6,3200.6,3937.0,986.1,216.3,12487.6,0.0,7079.6,9744.2,1730.4,0.0
HighRECost,WestConnect_South,2035,158624200.0,4775932.5,629262.0,1503040.2,165532430.0,152923613.2,68448120.0,14301427.0,15297005.0,0.0359,0.0539,0.12,116501.86,39541.9,48.7,0.9,0.09,7.5,371.0,0.06,48.7,18.5,67.3,56.3,1.1,0.11,8.4,429.0,0.06,56.4,21.2,77.6,140.5,2.7,0.27,16.6,1057.4,0.06,140.7,48.1,188.8,284.9,5.4,0.55,33.7,2138.5,0.13,285.2,97.4,382.6,8105239.3,152.9,15.3,1242920.5,61790.2,9.8,8113979.1,3086947.6,11200926.6,25.97,24.2,0.0,50.17,28.0,27.16,0.0,55.16,2455698.2,4697589.5,7153293.5,166528000.0,97084300.0,4066109.5,224043.6,0.0,0.0,0.0,5398007.0,21657600.0,226064.2,58744.2,11250306.0,31446268.0,8907.0,505656.2,51605772.0,40080530.0,0.0,2768.0,33.9,0.0,0.0,2948.4,14494.1,3497.6,8.6,3200.6,3937.0,760.0,216.3,18840.6,0.0,11604.3,11072.2,1730.4,0.0
HighRECost,WestConnect_South,2040,179909120.0,6909013.0,3426544.8,1836255.6,192080940.0,173443576.5,75209970.0,17827540.0,20019428.0,0.0359,0.0539,0.12,113673.78,45025.2,48.4,0.9,0.09,7.2,368.8,0.05,48.5,18.2,66.7,56.9,1.1,0.11,8.2,432.5,0.06,56.9,21.1,78.1,156.5,3.0,0.3,18.5,1178.1,0.07,156.7,53.6,210.3,281.1,5.3,0.54,33.2,2113.7,0.12,281.4,96.2,377.6,9408985.4,177.4,17.8,1396870.5,71653.1,10.4,9419118.0,3534965.7,12954083.7,26.1,23.44,0.0,49.54,28.62,26.92,0.0,55.54,3063655.8,8429530.0,11493197.0,194272830.0,116870960.0,5880117.5,224043.6,0.0,0.0,0.0,5509079.0,25606866.0,239635.5,56625.8,11209591.0,31446268.0,3620.4,2735093.5,68616670.0,42745220.0,0.0,4024.5,33.9,0.0,0.0,2953.5,16646.8,3497.6,8.6,3200.6,3937.0,475.0,1136.6,25854.1,0.0,12529.4,16097.9,9092.4,0.0
HighRECost,WestConnect_South,2045,197644860.0,15078350.0,7167895.0,2048415.8,221939500.0,190542098.6,82158270.0,19303420.0,22415698.0,0.0359,0.0539,0.12,105948.24,50807.9,38.5,0.7,0.07,5.8,293.5,0.04,38.5,14.6,53.1,48.3,0.9,0.09,7.1,368.0,0.05,48.4,18.1,66.5,163.0,3.1,0.31,19.3,1227.8,0.07,163.2,55.9,219.1,268.2,5.1,0.51,31.7,2021.6,0.12,268.5,92.0,360.5,8664973.2,163.4,16.3,1308967.9,66043.5,10.0,8674303.0,3279807.3,11954110.4,23.58,21.43,0.0,45.01,26.74,25.9,0.0,52.64,3005302.2,14242771.0,17248074.0,225051800.0,139781250.0,12829452.0,224043.6,0.0,0.0,0.0,5505004.0,23615164.0,231789.1,45944.0,11154015.0,31446268.0,2647.6,5721227.0,89492856.0,44783384.0,0.0,8839.3,33.9,0.0,0.0,2989.9,16646.8,3457.1,7.0,3200.6,3937.0,319.0,2395.0,34816.8,0.0,12953.0,35357.2,19159.9,0.0
HighRECost,WestConnect_South,2050,214279490.0,28635962.0,11634568.0,2192030.2,256742050.0,206579173.3,86115450.0,19065028.0,30990140.0,0.0359,0.0539,0.12,106062.6,56677.9,29.1,0.5,0.05,4.5,222.3,0.04,29.2,11.1,40.3,40.8,0.8,0.08,6.1,311.1,0.05,40.9,15.4,56.3,189.2,3.6,0.36,22.4,1427.2,0.08,189.5,64.9,254.4,270.1,5.1,0.51,31.9,2032.7,0.12,270.4,92.5,362.9,7827370.3,147.5,14.8,1209107.7,59728.1,9.7,7835796.2,2991648.6,10827444.8,21.39,20.75,0.0,42.14,25.23,26.84,0.0,52.07,3439261.2,24976564.0,28415828.0,268667170.0,170626610.0,24378858.0,205629.2,0.0,0.0,0.0,5636930.0,21380476.0,225440.5,0.0,11127519.0,31446268.0,1301.7,9275068.0,122244340.0,42745336.0,0.0,16846.8,31.4,0.0,0.0,3078.4,16888.5,3457.1,0.0,3200.6,3937.0,175.0,3861.6,49465.7,0.0,12542.6,67387.0,30892.8,0.0
HighDemandGrowth,CAISO,2025,299074780.0,19875116.0,3226752.0,1217454.5,323394100.0,288325214.6,211454240.0,26185696.0,445896.6,0.0359,0.0539,0.12,143069.42,69443.5,130.7,2.5,0.25,16.6,1217.4,0.07,130.8,52.9,183.7,139.5,3.0,0.32,17.5,1275.1,0.08,139.6,55.5,195.1,228.4,6.7,0.83,25.1,1904.6,0.12,228.8,81.8,310.6,511.6,20.8,2.73,50.8,3865.3,0.25,513.0,166.1,679.1,38895326.2,737.7,74.7,4941154.9,362376.2,21.6,38937691.9,15745873.7,54683565.5,39.04,26.5,0.0,65.54,41.8,30.78,0.0,72.58,58.3,13.8,382.2,297654300.0,111939880.0,16878730.0,4835026.0,0.0,0.0,0.0,24006458.0,95641080.0,3336064.0,14791350.0,29476804.0,17891704.0,301223.1,2562463.5,67911010.0,20022410.0,0.0,13651.7,749.1,0.0,0.0,14254.5,19797.0,11040.1,1986.3,10220.7,2240.0,1033.5,3911.9,24524.7,0.0,6733.7,54606.8,31295.2,0.0
HighDemandGrowth,CAISO,2030,345668860.0,23939378.0,12380170.0,1337966.8,383326370.0,333244357.4,211643550.0,29703708.0,1917898.0,0.0359,0.0539,0.12,143063.5,78196.0,105.2,2.0,0.2,12.9,790.7,0.05,105.3,36.5,141.9,114.9,2.4,0.25,14.0,853.0,0.05,115.1,39.4,154.5,123.5,2.7,0.3,14.2,907.1,0.05,123.6,41.3,164.9,466.2,24.0,3.23,41.5,2652.4,0.22,467.8,120.6,588.4,37412742.2,710.5,72.1,4601107.1,281129.1,17.5,37453591.6,12983524.4,50437116.0,28.48,25.73,0.0,54.22,31.01,30.64,0.0,61.64,6028.8,702954.8,712146.8,355540580.0,171682830.0,20347930.0,4655301.5,0.0,0.0,0.0,27873844.0,93311270.0,3184685.5,21346290.0,30795120.0,0.0,322985.0,9894161.0,105731440.0,37936410.0,141135.7,14785.1,724.7,0.0,0.0,16545.0,22195.7,10927.5,2878.3,10705.1,0.0,614.6,5271.2,38687.4,60.0,12318.9,59140.3,42169.8,0.0
HighDemandGrowth,CAISO,2035,444561340.0,40957060.0,14100291.0,2014155.6,501632860.0,428580316.8,282743460.0,47504276.0,3130395.8,0.0359,0.054,0.12,131324.3,96702.0,66.3,1.3,0.13,8.0,499.7,0.03,66.4,22.9,89.3,62.9,1.2,0.12,7.6,474.0,0.03,63.0,21.8,84.7,58.3,1.1,0.11,6.9,439.5,0.03,58.4,20.0,78.4,320.7,6.1,0.63,37.9,2399.5,0.15,321.1,109.5,430.5,30322061.5,573.2,57.6,3662022.2,228471.0,13.6,30354876.0,10474181.2,40829057.2,28.91,22.98,0.0,51.89,32.1,27.8,0.0,59.9,47680.4,2352341.5,2455653.8,457258940.0,218889390.0,34802620.0,2293102.8,0.0,0.0,0.0,26829578.0,78199460.0,1083915.4,78116810.0,32512720.0,0.0,109387.2,11251576.0,136411540.0,39383664.0,16264624.0,25261.0,404.0,0.0,0.0,15924.8,22106.9,10531.6,10678.6,11240.2,0.0,614.6,5608.0,49906.0,3683.0,12355.4,101044.2,44864.0,0.0
HighDemandGrowth,CAISO,2040,553237200.0,64677416.0,15626083.0,2753398.2,636294100.0,533348100.4,341204580.0,73132920.0,5346313.5,0.0359,0.054,0.12,122507.11,118048.0,54.8,1.0,0.1,6.6,412.8,0.02,54.8,18.9,73.7,42.8,0.8,0.08,5.2,322.4,0.02,42.8,14.8,57.6,38.8,0.7,0.07,4.6,291.9,0.02,38.9,13.3,52.1,311.7,5.9,0.59,36.8,2346.4,0.14,312.0,106.8,418.8,31140518.8,588.3,59.1,3744889.5,234696.2,13.9,31174186.7,10742635.2,41916821.9,29.97,20.74,0.0,50.71,33.66,25.56,0.0,59.22,121057.7,5657304.5,5781899.5,568507460.0,295089500.0,54959200.0,1946912.2,0.0,0.0,0.0,26845508.0,79352160.0,1716402.8,90346760.0,32514054.0,0.0,97325.6,12485161.0,190104350.0,45078324.0,33061318.0,40400.4,357.0,0.0,0.0,15944.1,22106.9,10183.1,12313.4,11240.9,0.0,169.2,6034.6,70668.2,7602.0,14080.9,161601.4,48276.5,0.0
HighDemandGrowth,CAISO,2045,637479230.0,114421810.0,16083654.0,2767688.8,770752400.0,614560764.8,387291680.0,84335496.0,11191769.0,0.0359,0.054,0.12,157778.71,134845.6,39.1,0.7,0.07,4.7,294.5,0.02,39.1,13.5,52.6,22.3,0.4,0.04,2.7,168.6,0.01,22.4,7.7,30.1,19.5,0.4,0.04,2.3,147.0,0.01,19.5,6.7,26.2,293.2,5.5,0.55,34.6,2211.2,0.13,293.5,100.6,394.1,27246646.0,514.3,51.6,3284496.7,205474.5,12.2,27276056.0,9410958.7,36687014.7,26.04,25.41,0.0,51.45,30.5,32.94,0.0,63.44,255423.0,14096802.0,14440027.0,697608640.0,383460700.0,97246090.0,1946912.2,0.0,0.0,0.0,27227364.0,70620340.0,1030776.2,97711730.0,32704724.0,0.0,55345.8,12832048.0,284246620.0,38751144.0,33235572.0,56029.5,357.0,0.0,0.0,16196.3,21788.5,8941.3,13659.4,11277.1,0.0,166.4,6034.6,106072.9,7602.0,13472.2,291225.9,48276.5,0.0
HighDemandGrowth,CAISO,2050,692933200.0,129227010.0,16570024.0,2703470.0,841433700.0,668020923.2,402341820.0,77991990.0,10344292.0,0.0359,0.054,0.12,217855.01,145284.0,38.4,0.7,0.07,4.6,289.6,0.02,38.4,13.3,51.7,22.1,0.4,0.04,2.7,166.8,0.01,22.1,7.6,29.8,20.1,0.4,0.04,2.4,151.3,0.01,20.1,6.9,27.0,270.8,5.1,0.52,32.0,2034.2,0.12,271.0,92.7,363.7,29702074.4,560.1,56.1,3574253.3,224124.4,13.2,29734076.5,10256763.3,39990839.8,22.34,34.64,0.0,56.98,26.69,45.09,0.0,71.78,313101.6,24265450.0,24717094.0,773786050.0,439091870.0,109730700.0,1946912.2,0.0,0.0,0.0,28386006.0,80227490.0,543190.0,96276720.0,32704266.0,0.0,23970.1,13240902.0,323326000.0,53989344.0,33390532.0,55452.0,357.0,0.0,0.0,16938.0,27695.5,8572.1,13708.8,11277.1,0.0,166.4,6034.6,122168.5,7602.0,17114.0,330438.3,48276.5,0.0
HighDemandGrowth,ERCOT,2025,420653600.0,8004376.0,3612.2,4349085.0,433010700.0,405533268.2,218102190.0,485524.2,1212869.4,0.0359,0.0539,0.12,102191.68,97374.0,238.3,17.9,2.53,16.9,1211.4,0.14,239.6,53.1,292.6,252.9,19.0,2.68,18.0,1285.9,0.14,254.2,56.3,310.6,409.2,15.5,1.99,41.5,3209.4,0.19,410.2,137.2,547.4,607.2,38.1,5.38,49.1,3440.7,0.36,609.8,151.7,761.5,103379496.5,7772.1,1097.7,7347052.9,525444.2,58.8,103910779.8,23021350.2,126932130.0,33.31,19.72,0.0,53.03,35.42,21.75,0.0,57.17,525667.9,573609.6,1099277.4,433738050.0,214908460.0,6791369.5,599889.2,0.0,60726356.0,0.0,4564382.0,107398160.0,1193935.4,0.0,656955.2,39777090.0,1682873.2,2909.0,85315500.0,125028590.0,0.0,7596.7,100.6,14254.2,0.0,2951.8,35413.3,8767.2,0.0,562.7,4980.0,9669.0,5.0,34348.9,0.0,37044.2,30386.6,40.0,0.0
HighDemandGrowth,ERCOT,2030,482754300.0,12288160.0,7886.1,5263387.0,500313760.0,465400883.9,155581000.0,538521.2,2103147.2,0.0359,0.0539,0.12,102153.57,108502.1,97.8,4.4,0.59,10.0,587.4,0.06,98.1,27.6,125.7,104.9,4.7,0.63,10.8,630.0,0.07,105.2,29.6,134.8,134.2,5.8,0.77,13.0,808.0,0.07,134.6,37.1,171.7,397.8,18.2,2.47,38.1,2300.4,0.22,399.1,106.7,505.8,49099903.7,2212.8,294.4,5038566.6,294778.6,32.0,49246221.3,13831714.4,63077935.7,21.59,17.9,0.0,39.49,23.2,19.78,0.0,42.98,16275888.0,22716274.0,38992164.0,501878370.0,344732770.0,10401137.0,599889.2,0.0,13195412.0,0.0,10528453.0,89688290.0,1536278.4,0.0,641904.5,39777090.0,1299313.9,6304.5,145238130.0,188966180.0,0.0,8126.6,100.6,11350.2,0.0,6852.1,36794.2,8445.3,0.0,562.7,4980.0,7439.0,5.0,65824.9,0.0,51920.5,32506.2,40.0,0.0
HighDemandGrowth,ERCOT,2035,617627200.0,12884136.0,11388.5,5166621.0,635689340.0,595424460.7,153409680.0,4838517.5,13999030.0,0.0359,0.054,0.12,113158.49,125746.5,64.4,1.2,0.13,8.2,484.1,0.04,64.5,22.6,87.1,69.7,1.3,0.14,8.8,523.1,0.04,69.7,24.4,94.2,122.6,2.3,0.24,14.5,914.5,0.06,122.7,41.8,164.5,268.5,5.2,0.54,31.8,1992.0,0.13,268.8,91.2,360.0,41547001.3,791.4,80.7,5282239.6,312195.2,26.7,41592620.4,14592947.8,56185568.2,22.4,17.82,0.0,40.22,24.04,19.5,0.0,43.54,28046204.0,32975056.0,61021260.0,644849860.0,482279680.0,10930959.0,599889.2,0.0,0.0,0.0,14696019.0,105895560.0,4229563.5,0.0,644129.2,39777090.0,483918.3,9078.2,180980020.0,286603650.0,0.0,8119.3,100.6,0.0,0.0,9563.8,47654.1,22320.2,0.0,562.7,4980.0,6789.0,5.0,84302.7,0.0,78656.0,32477.1,40.0,0.0
HighDemandGrowth,ERCOT,2040,735211700.0,22089510.0,10495.3,5368526.5,762680260.0,708779794.7,150427680.0,8796900.0,18217064.0,0.0359,0.054,0.12,114631.6,151716.4,49.4,0.9,0.1,6.3,370.4,0.03,49.5,17.4,66.9,53.8,1.0,0.11,6.9,402.5,0.04,53.8,18.9,72.7,66.8,1.3,0.13,7.9,500.1,0.03,66.9,22.8,89.7,230.8,4.5,0.47,27.3,1712.6,0.11,231.1,78.4,309.5,38169725.0,730.4,75.1,4885029.3,286015.0,25.5,38211999.1,13415229.0,51627228.1,20.16,17.78,0.0,37.94,21.77,19.58,0.0,41.35,51295296.0,75865100.0,127160400.0,772100400.0,612252600.0,18697022.0,599889.2,0.0,0.0,0.0,15933426.0,94186584.0,5334142.5,0.0,616049.6,39777090.0,628691.0,8375.5,233426820.0,362892350.0,0.0,15373.2,100.6,0.0,0.0,10372.1,48198.4,22320.2,0.0,562.7,4980.0,5521.0,5.0,121256.8,0.0,103906.1,61492.6,40.0,0.0
HighDemandGrowth,ERCOT,2045,821770000.0,31902246.0,10586.3,5437849.0,859120640.0,792225948.3,189958350.0,13150674.0,13112891.0,0.0359,0.054,0.12,106197.35,166594.7,53.8,1.0,0.1,6.8,405.5,0.03,53.9,18.9,72.7,58.1,1.1,0.11,7.3,438.0,0.04,58.2,20.4,78.6,110.6,2.1,0.21,13.1,830.2,0.05,110.7,37.8,148.5,239.8,4.6,0.46,28.4,1799.6,0.11,240.1,82.0,322.1,46216541.8,876.0,88.5,5831625.0,348318.1,28.4,46266816.9,16219268.3,62486085.2,20.72,16.64,0.0,37.35,22.48,18.5,0.0,40.97,43226988.0,75413380.0,118640370.0,859082900.0,669162300.0,27015632.0,599889.2,0.0,0.0,0.0,18239840.0,113231230.0,8368173.0,0.0,620257.2,39777090.0,299853.4,8443.5,265641500.0,385280960.0,0.0,22188.3,100.6,0.0,0.0,11865.6,51517.4,49284.6,0.0,562.7,4980.0,3273.2,5.0,133203.4,0.0,106247.8,88753.4,40.0,0.0
HighDemandGrowth,ERCOT,2050,884389500.0,33178476.0,11945.4,5226215.5,922806100.0,852597505.1,206153860.0,14763795.0,12307178.0,0.0359,0.054,0.12,27144.33,177944.4,56.4,1.1,0.11,7.1,426.3,0.03,56.5,19.8,76.2,60.8,1.1,0.11,7.6,459.3,0.04,60.8,21.3,82.2,122.0,2.3,0.24,14.4,913.9,0.06,122.1,41.7,163.8,238.6,4.5,0.45,28.2,1797.7,0.1,238.9,81.8,320.7,51918048.8,979.8,98.2,6502725.4,392304.4,30.6,51974058.9,18201750.9,70175809.8,19.85,4.21,0.0,24.06,21.56,4.67,0.0,26.23,45149700.0,101584696.0,146734400.0,920349500.0,716652200.0,28168378.0,599889.2,0.0,0.0,0.0,22295308.0,120771496.0,13669091.0,0.0,618823.2,39777090.0,82915.9,9555.8,300386530.0,393970400.0,0.0,22188.3,100.6,0.0,0.0,14511.8,51069.1,42038.2,0.0,562.7,4980.0,1100.1,5.0,156636.1,0.0,106263.5,88753.4,40.0,0.0
HighDemandGrowth,FRCC,2025,267425330.0,271059.4,0.0,78891.9,267775280.0,257815097.2,242750510.0,2184048.2,110145.2,0.0359,0.0539,0.12,117664.46,65583.7,357.2,16.4,2.17,35.2,2606.9,0.19,358.3,113.0,471.3,370.8,17.1,2.27,36.5,2697.5,0.2,371.9,116.9,488.8,383.8,7.6,0.78,45.1,3551.4,0.17,384.3,150.9,535.2,448.4,11.0,1.31,51.5,3853.9,0.24,449.1,166.4,615.6,94912395.7,4350.2,576.4,9365426.7,692662.6,50.7,95199389.7,30020624.8,125220014.5,43.91,24.29,0.0,68.2,46.48,26.18,0.0,72.66,0.0,0.0,0.0,265701380.0,25024752.0,230637.7,3635373.5,0.0,26695728.0,0.0,2802890.2,176408560.0,3330861.8,0.0,216437.4,29281690.0,877327.8,0.0,22221862.0,0.0,0.0,259.7,672.4,3764.2,0.0,1771.9,35093.0,11907.4,0.0,54.5,3666.0,4583.5,0.0,9294.3,0.0,0.0,1038.9,0.0,0.0
HighDemandGrowth,FRCC,2030,292736260.0,1165060.9,0.0,57466.5,293958800.0,282216507.1,236056110.0,1205938.1,527359.6,0.0359,0.0539,0.12,117662.11,68282.3,290.2,11.1,1.42,30.7,1873.7,0.15,290.9,86.6,377.5,302.2,11.6,1.49,32.0,1949.7,0.16,303.0,90.1,393.1,266.4,5.1,0.51,31.5,2002.7,0.12,266.7,91.2,357.9,477.1,21.0,2.77,45.8,2893.9,0.23,478.5,132.1,610.6,85108170.1,3264.3,417.3,9008765.3,549523.7,45.0,85319378.8,25396858.7,110716237.5,33.52,23.33,0.0,56.86,35.51,25.17,0.0,60.68,0.0,0.0,0.0,293280200.0,57902650.0,992674.0,3694625.5,0.0,17389706.0,0.0,5482469.0,181724820.0,1790239.2,0.0,229464.0,29281690.0,274323.6,0.0,52420184.0,0.0,0.0,919.7,680.4,3764.2,0.0,3463.9,40437.6,11733.4,0.0,57.5,3666.0,4161.5,0.0,21635.6,0.0,0.0,3678.9,0.0,0.0
HighDemandGrowth,FRCC,2035,341446700.0,28040580.0,0.0,385875.9,369873120.0,329175920.5,223941810.0,2317173.0,4759328.5,0.0359,0.0539,0.12,102997.91,77587.7,168.8,3.2,0.32,21.2,1274.7,0.09,168.9,59.2,228.1,189.5,3.6,0.36,23.8,1431.8,0.1,189.7,66.5,256.2,174.5,3.3,0.34,20.6,1305.6,0.08,174.7,59.6,234.2,363.5,7.0,0.74,43.1,2693.2,0.17,363.9,123.4,487.3,62828213.4,1185.5,118.8,7875281.8,474587.2,34.0,62895982.0,22027276.6,84923258.6,33.52,18.89,0.0,52.41,36.45,21.95,0.0,58.4,0.0,2542294.2,2542294.2,372315300.0,145931330.0,23903134.0,3694625.5,0.0,0.0,0.0,8809449.0,167277730.0,1918605.2,0.0,229313.0,29281690.0,78867.7,0.0,137121870.0,0.0,0.0,16806.7,680.4,0.0,0.0,5616.0,40265.6,11636.4,0.0,57.5,3666.0,3929.5,0.0,57107.9,0.0,0.0,67226.7,0.0,0.0
HighDemandGrowth,FRCC,2040,400786430.0,29025578.0,0.0,751026.4,430563000.0,386382836.7,229766050.0,4447366.0,8992507.0,0.0359,0.0539,0.12,109181.75,90303.8,147.8,2.8,0.28,18.5,1116.3,0.08,147.9,51.8,199.7,164.5,3.1,0.31,20.6,1242.8,0.09,164.7,57.7,222.4,208.8,3.9,0.39,24.7,1574.4,0.09,209.0,71.6,280.6,312.1,5.9,0.6,36.9,2345.3,0.14,312.5,106.8,419.3,64291949.6,1212.8,121.5,8047991.5,485730.3,34.7,64361252.8,22532213.1,86893465.9,32.26,20.21,0.0,52.46,35.24,23.28,0.0,58.53,82050.1,8439579.0,8521629.0,435108160.0,200797000.0,24704510.0,3695921.5,0.0,0.0,0.0,10851077.0,175039000.0,1302449.4,0.0,229199.6,29281690.0,58405.4,0.0,165069700.0,24876206.0,0.0,17374.1,680.6,0.0,0.0,6860.2,49339.6,11624.4,0.0,57.5,3666.0,3744.2,0.0,70988.7,0.0,10656.0,69496.5,0.0,0.0
HighDemandGrowth,FRCC,2045,452935580.0,34026804.0,0.0,941253.8,487903650.0,436657310.5,252325920.0,6936512.0,10169770.0,0.0359,0.0539,0.12,109731.21,100593.7,142.3,2.7,0.27,17.6,1075.3,0.07,142.5,49.7,192.2,158.1,3.0,0.3,19.6,1195.0,0.08,158.3,55.3,213.6,203.3,3.8,0.38,24.0,1533.4,0.09,203.5,69.7,273.2,279.2,5.3,0.54,33.0,2098.7,0.12,279.5,95.6,375.1,69891415.8,1317.5,131.8,8658291.8,528119.0,36.8,69966663.1,24406280.7,94372943.8,27.84,20.05,0.0,47.9,30.72,23.16,0.0,53.88,88990.5,20672450.0,20761440.0,491136930.0,235577730.0,28963334.0,3180318.5,0.0,0.0,0.0,13159442.0,193281060.0,606287.4,0.0,229154.8,29281690.0,17347.4,0.0,197273020.0,25145258.0,0.0,20252.5,610.6,0.0,0.0,8403.5,57889.2,11550.4,0.0,57.5,3666.0,3272.2,0.0,88330.7,0.0,10656.0,81010.0,0.0,0.0
HighDemandGrowth,FRCC,2050,484325280.0,58858680.0,0.0,1224318.1,544408260.0,466919185.6,269585100.0,10416691.0,9493590.0,0.0359,0.0539,0.12,105053.9,108226.2,122.7,2.3,0.23,15.2,927.2,0.07,122.8,42.9,165.7,141.4,2.7,0.27,17.6,1068.6,0.08,141.5,49.5,191.0,174.7,3.3,0.33,20.6,1317.4,0.08,174.8,59.9,234.8,283.1,5.3,0.53,33.4,2136.4,0.12,283.4,97.1,380.6,66675512.0,1256.6,125.7,8278189.1,503933.3,35.4,66747264.3,23305056.6,90052320.9,25.25,18.54,0.0,43.79,28.36,22.35,0.0,50.71,105447.3,25996964.0,26102410.0,543485200.0,274823170.0,50113640.0,3180318.5,0.0,0.0,0.0,14257488.0,185803090.0,54165.9,0.0,229011.2,29281690.0,93.8,0.0,235252940.0,25312752.0,0.0,35837.8,610.6,0.0,0.0,9160.5,56158.6,10657.4,0.0,57.5,3666.0,2267.1,0.0,105202.1,0.0,10656.0,143351.4,0.0,0.0
HighDemandGrowth,ISONE,2025,128990800.0,322261.7,1476337.5,668112.4,131457510.0,124353116.1,106613240.0,195159.5,343865.5,0.0359,0.054,0.12,28386.8,31736.1,150.2,2.9,0.3,21.5,1384.8,0.12,150.3,62.8,213.1,158.3,3.1,0.32,22.6,1458.9,0.13,158.5,66.1,224.6,220.6,4.7,0.56,26.3,1894.8,0.14,220.9,82.8,303.7,426.5,10.1,1.29,50.4,3505.1,0.29,427.1,154.9,582.1,19763461.3,381.9,40.0,2825183.4,182243.7,15.7,19785754.1,8260328.1,28046082.3,37.1,5.83,-0.0,42.93,39.3,6.39,-0.0,45.7,557460.6,968852.2,1526312.9,131606220.0,24844270.0,274420.9,5986378.0,15309814.0,0.0,0.0,5613182.0,50038200.0,440175.9,0.0,6895449.0,26081950.0,556522.2,1179034.1,5144941.5,7337593.0,6748553.5,246.2,979.2,486.0,0.0,4366.9,13615.9,2132.7,0.0,1959.1,3265.4,5115.3,1830.4,3030.0,1686.9,2377.0,984.7,14643.2,0.0
HighDemandGrowth,ISONE,2030,144299300.0,815516.4,2014603.6,610208.0,147739620.0,139110861.6,92195310.0,926678.4,1055428.2,0.0359,0.054,0.12,28388.1,35155.0,94.7,1.9,0.2,14.3,701.5,0.09,94.8,35.3,130.0,100.4,2.0,0.21,15.2,743.0,0.09,100.5,37.3,137.9,173.0,4.0,0.54,20.9,1113.0,0.14,173.3,54.1,227.4,389.0,9.6,1.28,46.2,2508.0,0.29,389.7,121.0,510.7,13999933.2,274.4,29.4,2117922.5,103722.4,13.2,14016143.8,5212445.0,19228588.8,23.91,5.45,-0.0,29.36,25.43,5.98,-0.0,31.42,2261299.8,1149659.1,3410958.8,147868370.0,55544310.0,689619.4,5308728.0,16032883.0,0.0,0.0,7749515.0,34780956.0,513528.3,0.0,6704210.5,26081950.0,614988.4,1597195.1,6886417.0,11265988.0,29642394.0,643.8,887.2,0.0,0.0,5923.0,12242.6,1804.7,0.0,1963.8,3265.4,1991.6,1801.0,3984.7,7502.0,3517.1,2575.1,14408.0,0.0
HighDemandGrowth,ISONE,2035,179834560.0,831690.4,2343217.5,621990.4,183631460.0,173367232.0,107185480.0,2234818.2,4150374.0,0.0359,0.054,0.12,125790.45,41862.1,109.8,2.2,0.24,15.0,804.1,0.09,110.0,39.0,149.0,92.2,1.8,0.21,12.7,670.2,0.08,92.3,32.7,125.0,87.5,1.7,0.18,10.4,642.3,0.04,87.6,29.5,117.1,409.5,8.8,1.08,49.1,2808.3,0.27,410.0,132.8,542.9,20378479.5,404.3,44.3,2788076.2,149204.6,16.4,20402613.4,7238837.0,27641450.4,29.15,22.73,8.34,60.33,31.04,24.83,8.79,64.77,787975.6,201769.4,989745.0,185547000.0,76445976.0,704236.6,3461395.5,17254104.0,0.0,0.0,9675149.0,49497484.0,1504687.5,0.0,7537037.5,26081950.0,1187064.8,1873081.2,7833589.5,22171044.0,36766190.0,611.5,636.4,0.0,0.0,7004.0,14340.4,4508.6,0.0,1997.6,3265.4,1846.6,1801.0,4156.4,9186.0,6046.6,2445.9,14408.0,0.0
HighDemandGrowth,ISONE,2040,218279500.0,601677.3,2834200.2,698388.7,222413780.0,210428422.6,97736660.0,10321432.0,16419427.0,0.036,0.054,0.12,122590.36,52655.3,81.7,1.6,0.17,11.2,603.4,0.07,81.8,29.2,111.0,49.9,1.0,0.11,6.8,364.0,0.04,50.0,17.6,67.6,60.6,1.2,0.14,7.2,437.4,0.03,60.7,20.3,81.0,319.8,6.4,0.72,38.1,2303.9,0.17,320.2,106.8,427.0,18671893.1,366.1,39.3,2561857.2,137878.4,15.0,18693533.3,6674730.6,25368263.9,26.72,21.36,22.06,70.92,28.52,23.24,23.47,76.01,4822351.5,1160542.4,5982894.0,228511780.0,124677100.0,510550.4,2924431.8,17381494.0,0.0,0.0,9893924.0,42379984.0,3977384.8,0.0,7470117.5,26081950.0,842046.8,2266686.8,16875920.0,36997504.0,60909770.0,398.8,563.5,0.0,0.0,7160.0,15607.7,23206.1,0.0,2012.2,3265.4,1846.6,1801.0,9407.3,15842.6,10366.0,1595.3,14408.0,0.0
HighDemandGrowth,ISONE,2045,247273310.0,4793284.5,3051394.5,846917.6,255964930.0,238378728.7,85067810.0,6392514.5,27447132.0,0.036,0.054,0.12,118385.66,62229.6,64.5,1.2,0.12,8.9,486.9,0.05,64.6,23.4,88.0,31.3,0.6,0.06,4.4,236.9,0.02,31.3,11.4,42.8,39.7,0.8,0.08,4.7,298.4,0.02,39.8,13.6,53.4,317.6,6.1,0.63,37.6,2369.6,0.15,317.9,108.2,426.1,17865192.1,339.1,34.4,2458805.9,134871.9,13.7,17884680.4,6481716.0,24366396.4,25.04,20.13,24.32,70.25,26.92,22.23,26.12,76.04,8048038.5,3585580.8,11633619.0,277019550.0,170897120.0,4072160.5,2924431.8,17176550.0,0.0,0.0,10606934.0,41225600.0,4572176.0,0.0,7469303.0,26081950.0,163359.9,2436893.8,31889670.0,59119424.0,69281096.0,3379.4,563.5,0.0,0.0,7693.9,16250.8,33956.2,0.0,2012.2,3265.4,1564.0,1801.0,18337.5,18324.5,17041.5,13517.4,14408.0,0.0
HighDemandGrowth,ISONE,2050,263881440.0,5836107.5,3376643.5,830670.4,273924860.0,254389132.5,82991040.0,7124041.5,30215268.0,0.036,0.054,0.12,114786.55,67712.8,59.1,1.1,0.11,8.2,446.1,0.05,59.2,21.5,80.6,14.1,0.3,0.03,2.1,106.7,0.01,14.1,5.3,19.4,24.2,0.5,0.05,2.9,181.2,0.01,24.2,8.3,32.5,323.0,6.1,0.63,38.2,2421.9,0.15,323.4,110.4,433.8,17553706.5,333.3,33.8,2422067.6,132498.4,13.5,17572869.1,6374214.5,23947083.6,23.0,19.46,28.04,71.1,24.78,21.55,30.2,77.15,10512909.0,6512358.5,17025268.0,297016100.0,190933820.0,4957782.0,2924431.8,17279996.0,0.0,0.0,10799449.0,38501316.0,6030370.0,0.0,7439635.0,26081950.0,168872.9,2697911.2,43232980.0,63926668.0,72974720.0,4054.1,563.5,0.0,0.0,7818.2,14961.1,41964.8,0.0,2012.2,3265.4,809.8,1801.0,25560.8,19455.6,18474.6,16216.3,14408.0,0.0
HighDemandGrowth,MISO_Central,2025,315941950.0,35811.9,1975878.4,1968723.6,319922370.0,304583559.3,250068640.0,24672914.0,6572376.0,0.0359,0.054,0.12,86668.93,70661.4,501.4,51.7,7.48,22.6,1515.9,0.28,504.9,67.8,572.8,486.3,49.8,7.21,22.6,1494.5,0.28,489.8,67.3,557.0,228.0,11.5,1.63,21.4,1422.8,0.16,228.7,63.8,292.6,776.0,68.4,9.85,44.0,3066.6,0.43,780.8,135.5,916.3,151323591.1,15599.0,2257.1,6813684.8,457541.1,84.8,152404632.6,20471557.8,172876190.4,35.83,17.5,0.03,53.37,37.98,19.03,0.04,57.05,88.9,2.5,91.5,301821820.0,69853730.0,30548.7,2190484.5,3136610.0,132361360.0,0.0,511664.0,44739096.0,1748640.4,0.0,1715114.6,42109404.0,2337856.8,1598990.0,15203082.0,54138984.0,0.0,29.1,375.0,30561.8,0.0,351.9,11721.7,11720.0,0.0,489.6,5272.0,3817.1,2614.8,7242.7,0.0,16690.5,116.4,20918.4,0.0
HighDemandGrowth,MISO_Central,2030,344827650.0,1283441.1,2150143.0,2537096.8,350798300.0,332429820.1,183868030.0,37256380.0,23113864.0,0.0359,0.054,0.12,86673.35,74389.2,223.6,17.8,2.56,16.0,862.0,0.16,224.8,41.7,266.5,226.2,17.5,2.52,16.9,898.9,0.17,227.4,43.8,271.1,205.4,8.4,1.1,20.2,1280.9,0.1,205.9,58.4,264.3,576.0,39.5,5.64,43.6,2544.1,0.35,578.7,119.5,698.3,75260886.8,5979.2,861.9,5385601.5,290193.2,54.1,75674365.2,14048138.2,89722503.5,28.7,16.24,0.08,45.02,30.5,17.68,0.08,48.27,345730.1,48109.9,393840.0,336655800.0,166930290.0,1095920.5,2190484.5,5261752.0,46839944.0,0.0,720063.7,57560070.0,3332542.0,0.0,1769259.6,42109404.0,7824033.0,1742111.4,32069980.0,134140240.0,0.0,890.0,375.0,20616.6,0.0,490.9,13453.7,11464.1,0.0,510.6,5272.0,4416.2,2614.8,14875.4,0.0,36788.9,3560.1,20918.4,0.0
HighDemandGrowth,MISO_Central,2035,416241120.0,5064863.0,4119542.5,3406778.5,428832320.0,401272548.5,68091976.0,24014872.0,96901510.0,0.036,0.054,0.12,118994.43,92711.2,64.4,1.3,0.15,8.5,461.8,0.05,64.5,22.3,86.8,67.4,1.4,0.15,8.9,488.3,0.05,67.5,23.5,91.0,125.7,2.4,0.25,14.9,937.3,0.06,125.8,42.8,168.6,301.5,6.2,0.73,36.0,2128.0,0.18,301.9,99.5,401.4,32307286.3,658.8,75.3,4280571.2,231714.7,26.9,32347485.5,11193007.6,43540493.1,23.81,22.46,0.0,46.27,25.49,24.58,0.0,50.07,10233733.0,2911802.2,13145535.0,501718980.0,360740350.0,4323452.5,1819986.8,4975543.5,0.0,0.0,989845.8,72894670.0,6544777.5,0.0,1716407.8,42109404.0,3269745.0,3324633.0,101075420.0,258675070.0,0.0,3084.9,324.7,0.0,0.0,678.2,23995.2,18703.6,0.0,510.6,5272.0,4285.9,2614.8,47643.3,0.0,75074.3,12339.7,20918.4,0.0
HighDemandGrowth,MISO_Central,2040,495259600.0,5891835.5,4220894.0,4820026.0,510192320.0,477446871.5,18505826.0,36142304.0,161150060.0,0.036,0.054,0.12,112494.4,117936.0,52.6,1.0,0.12,6.9,382.6,0.04,52.6,18.3,70.9,33.7,0.6,0.07,4.5,254.4,0.03,33.8,12.1,45.9,82.0,1.6,0.16,9.7,614.0,0.04,82.1,28.0,110.1,264.3,5.3,0.6,31.4,1906.2,0.14,264.6,88.3,352.9,33386621.0,666.8,73.8,4378811.1,243047.6,26.2,33426642.6,11628785.9,45055428.5,24.25,23.28,0.0,47.53,25.95,25.45,0.0,51.4,20405330.0,4949579.5,25354910.0,635200100.0,491686500.0,5029651.5,1282286.4,4161827.5,0.0,0.0,1180771.4,74670640.0,8639687.0,0.0,1717256.8,42109404.0,2494398.8,3408443.2,135532400.0,354973380.0,0.0,3661.3,251.7,0.0,0.0,810.1,26087.1,26804.8,0.0,510.6,5272.0,4235.6,2614.8,63866.3,0.0,103169.2,14645.1,20918.4,0.0
HighDemandGrowth,MISO_Central,2045,557125400.0,4553249.0,4433389.5,6292456.0,572404500.0,537085810.2,-25918712.0,52147536.0,218105570.0,0.036,0.054,0.12,110846.58,136120.1,45.1,0.9,0.1,5.9,329.9,0.03,45.1,15.7,60.9,31.7,0.6,0.06,4.2,239.6,0.02,31.8,11.3,43.1,94.2,1.8,0.18,11.1,706.0,0.04,94.3,32.2,126.5,240.1,4.7,0.5,28.5,1765.4,0.12,240.4,81.1,321.5,33272690.3,659.4,72.1,4361854.1,243577.7,25.7,33312010.3,11627487.2,44939497.5,22.38,23.59,0.0,45.97,23.93,25.72,0.0,49.65,33098508.0,11561991.0,44660500.0,738362560.0,598323200.0,3888103.2,1282286.4,3151753.2,0.0,0.0,1709779.2,69420820.0,12743795.0,0.0,1699916.4,42109404.0,2165453.2,3577814.5,173552180.0,423061250.0,0.0,2800.0,251.7,0.0,0.0,1179.2,23432.1,35552.4,0.0,510.6,5272.0,4085.0,2614.8,83366.6,0.0,123898.8,11200.0,20918.4,0.0
HighDemandGrowth,MISO_Central,2050,592773200.0,6630399.5,4346374.0,6588860.5,610338800.0,571451759.4,-31071716.0,59905100.0,245741980.0,0.036,0.054,0.12,106977.93,145007.0,47.3,0.9,0.1,6.1,349.0,0.03,47.3,16.5,63.9,33.1,0.6,0.06,4.3,250.2,0.02,33.1,11.8,44.9,81.5,1.5,0.16,9.6,612.3,0.04,81.6,27.9,109.5,239.9,4.7,0.49,28.4,1772.1,0.12,240.2,81.3,321.4,37649429.4,737.0,78.9,4875700.6,277868.4,27.2,37692933.0,13163603.3,50856536.3,20.65,22.12,0.0,42.77,22.11,24.15,0.0,46.25,34235890.0,24384902.0,58620790.0,796175740.0,641410560.0,5659996.5,1282286.4,2780600.0,0.0,0.0,2776832.8,84071740.0,11791849.0,0.0,1689530.2,42109404.0,1871005.2,3508764.5,207877020.0,430756670.0,0.0,4143.9,251.7,0.0,0.0,1905.4,26965.2,36847.7,0.0,510.6,5272.0,3019.2,2614.8,103857.0,0.0,125373.5,16575.6,20918.4,0.0
HighDemandGrowth,MISO_North,2025,229277730.0,83185.5,0.0,1845769.0,231206690.0,221033891.1,144829840.0,18845244.0,4752144.5,0.0359,0.054,0.12,86347.27,48490.1,325.2,31.4,4.53,16.9,1135.1,0.19,327.3,50.8,378.1,335.3,32.6,4.7,17.2,1156.7,0.19,337.6,51.8,389.4,332.0,25.0,3.57,22.8,1605.3,0.19,333.8,70.7,404.5,764.0,69.7,10.04,40.8,2895.5,0.4,768.8,127.2,896.0,70598849.2,6825.8,983.7,3668890.6,246437.4,40.4,71070800.7,11023743.7,82094544.5,35.91,17.07,0.0,52.98,38.07,18.43,0.0,56.5,18215.4,347.7,18563.1,217113570.0,86376850.0,71033.3,2158853.0,8421159.0,58921216.0,0.0,1366671.1,30132644.0,2529469.8,0.0,4494981.5,22761602.0,1245781.5,0.0,7708307.0,77301870.0,0.0,69.3,351.7,11629.9,0.0,964.6,7633.3,7105.3,0.0,925.4,2849.7,2482.6,0.0,3821.2,0.0,21886.8,277.0,0.0,0.0
HighDemandGrowth,MISO_North,2030,267788770.0,1082263.8,0.0,2265818.5,271136860.0,258160074.5,111533416.0,15972365.0,18426722.0,0.0359,0.054,0.12,86353.32,53412.2,167.5,13.9,1.99,11.0,651.5,0.1,168.5,30.5,199.0,179.6,15.0,2.14,11.9,696.9,0.11,180.7,32.7,213.3,190.3,10.6,1.48,16.6,978.7,0.11,191.0,45.8,236.9,550.1,44.6,6.39,34.7,2142.0,0.3,553.1,98.6,651.7,45837561.8,3816.5,544.5,3021044.6,178237.6,27.9,46099942.0,8340147.8,54440089.9,25.38,15.7,0.0,41.09,26.97,16.92,0.0,43.89,13440330.0,239054.9,13679384.0,273591200.0,159603420.0,924479.6,1436489.4,14387059.0,31717340.0,0.0,1885671.8,33717924.0,3264642.2,0.0,4581067.0,22761602.0,1197171.8,0.0,16320418.0,141397340.0,0.0,766.7,240.0,10756.9,0.0,1339.7,8922.4,6334.6,0.0,939.4,2849.7,1519.4,0.0,8079.7,0.0,38970.6,3066.7,0.0,0.0
HighDemandGrowth,MISO_North,2035,355226000.0,1125058.6,0.0,2727680.2,359078720.0,342451385.2,120227280.0,30200068.0,18708680.0,0.036,0.054,0.12,116192.45,67853.1,71.9,1.4,0.14,9.3,536.3,0.05,72.0,25.3,97.3,64.0,1.2,0.13,8.2,476.3,0.04,64.1,22.4,86.5,127.9,2.4,0.25,15.1,956.0,0.06,128.1,43.6,171.7,265.3,5.3,0.59,31.5,1924.3,0.14,265.6,88.9,354.5,25008647.7,482.2,50.3,3217017.8,186424.4,16.5,25036743.4,8776979.3,33813722.8,22.86,23.08,0.13,46.07,24.25,24.69,0.13,49.09,16333338.0,1302599.0,17635936.0,347587330.0,238851420.0,960807.6,1436489.4,13450250.0,0.0,0.0,2393955.2,58771176.0,6111720.0,0.0,4495879.5,22761602.0,747966.5,0.0,46578224.0,189879260.0,0.0,766.4,240.0,0.0,0.0,1712.0,19558.3,16108.3,0.0,939.4,2849.7,1445.0,0.0,23081.9,0.0,52245.1,3065.8,0.0,0.0
HighDemandGrowth,MISO_North,2040,430026430.0,3942350.5,0.0,3242148.5,437210940.0,414561563.3,137027380.0,39472544.0,24710548.0,0.036,0.054,0.12,113936.66,88053.2,70.6,1.4,0.14,9.0,528.0,0.04,70.7,24.7,95.4,50.0,1.0,0.1,6.3,372.5,0.03,50.1,17.4,67.5,98.4,1.9,0.19,11.6,736.4,0.04,98.5,33.6,132.1,263.1,5.1,0.53,31.2,1950.6,0.13,263.4,89.3,352.7,29845686.5,572.9,59.3,3788092.7,223055.3,18.6,29878933.5,10440214.3,40319147.8,24.03,22.68,0.31,47.03,25.57,24.46,0.33,50.36,20385744.0,2013943.8,22399688.0,422448960.0,300183550.0,3366847.5,1436489.4,13261744.0,0.0,0.0,3146700.5,65242900.0,10997128.0,0.0,4474668.0,22761602.0,724007.4,0.0,57216360.0,239820510.0,0.0,3262.0,240.0,0.0,0.0,2248.6,21382.6,33794.0,0.0,939.4,2849.7,1422.8,0.0,28452.7,0.0,64681.2,13048.1,0.0,0.0
HighDemandGrowth,MISO_North,2045,488646820.0,4318679.5,0.0,3594055.5,496559550.0,471071284.0,155217380.0,54234040.0,26812856.0,0.036,0.054,0.12,111022.78,103113.1,70.5,1.3,0.13,8.9,531.7,0.04,70.6,24.7,95.3,45.9,0.9,0.09,5.7,346.2,0.03,46.0,16.0,62.0,103.4,2.0,0.2,12.2,777.1,0.05,103.5,35.4,138.9,247.0,4.7,0.47,29.2,1855.4,0.11,247.3,84.5,331.8,33064381.6,625.6,63.0,4163088.2,249422.0,19.3,33100226.6,11601133.7,44701360.3,22.98,22.91,0.22,46.12,24.45,24.71,0.24,49.4,23898482.0,4180357.5,28078838.0,469138340.0,341342180.0,3682668.0,1436489.4,13081129.0,0.0,0.0,4141189.5,63069950.0,19178446.0,0.0,4433439.5,22761602.0,152452.4,0.0,73127160.0,264073820.0,0.0,3410.4,240.0,0.0,0.0,2968.3,21776.6,59803.5,0.0,939.4,2849.7,881.9,0.0,36635.2,0.0,71285.1,13641.6,0.0,0.0
HighDemandGrowth,MISO_North,2050,521825800.0,6558979.5,0.0,3843124.5,532227900.0,503057369.4,155005860.0,58420390.0,31044630.0,0.036,0.054,0.12,104389.98,110699.6,67.9,1.3,0.13,8.4,511.9,0.04,68.0,23.7,91.7,44.3,0.8,0.08,5.4,333.9,0.02,44.4,15.4,59.8,98.2,1.9,0.19,11.6,739.5,0.04,98.3,33.7,132.0,242.5,4.6,0.47,28.7,1816.9,0.11,242.7,82.8,325.6,34275195.5,648.4,65.3,4254442.6,258444.6,18.8,34312344.8,11961237.1,46273581.8,20.95,21.4,0.0,42.35,22.34,23.14,0.0,45.48,28811052.0,6622766.5,35433820.0,504852130.0,377222050.0,5600125.0,1193419.2,12816572.0,0.0,0.0,5380479.0,65678456.0,19763938.0,0.0,4407507.0,18021100.0,148985.4,0.0,87131290.0,284710270.0,0.0,5025.4,207.0,0.0,0.0,3859.7,23096.6,63796.7,0.0,939.4,2256.2,642.1,0.0,44046.9,0.0,77040.5,20101.6,0.0,0.0
HighDemandGrowth,MISO_South,2025,214477300.0,230492.9,14723.7,876737.9,215599260.0,206767232.7,198350990.0,8446237.0,726100.3,0.0359,0.0539,0.12,87630.95,47517.5,354.4,19.6,2.74,33.0,2201.0,0.25,355.7,98.6,454.4,358.4,20.0,2.79,33.3,2219.5,0.25,359.7,99.5,459.2,420.9,13.3,1.78,46.7,3219.1,0.28,421.8,142.7,564.5,627.9,38.4,5.63,54.2,3181.6,0.51,630.5,149.2,779.7,73667412.7,4081.2,570.0,6857627.9,457543.3,52.0,73944647.9,20506601.7,94451249.5,39.25,18.24,0.0,57.49,41.55,19.71,0.0,61.26,0.0,0.0,0.0,207879100.0,17248250.0,195136.8,1198375.8,0.0,27689924.0,0.0,693538.9,107597490.0,618226.7,0.0,3647090.5,42746000.0,6927017.0,11601.3,8882750.0,7671961.0,0.0,213.9,165.8,6686.9,0.0,454.7,19218.3,3385.5,0.0,1245.2,5351.7,9226.3,30.0,3951.9,0.0,2999.2,855.7,240.0,0.0
HighDemandGrowth,MISO_South,2030,237392480.0,353861.6,42699.0,1090245.9,238879280.0,228858595.3,174723890.0,17185100.0,1670718.5,0.0359,0.054,0.12,87662.22,50697.1,205.7,6.0,0.76,24.7,1370.9,0.16,206.0,65.6,271.7,202.0,6.0,0.76,24.2,1341.3,0.15,202.4,64.2,266.6,270.4,5.9,0.65,31.4,1967.0,0.13,270.7,90.1,360.8,481.6,22.2,3.15,47.6,2562.7,0.36,483.1,124.1,607.3,45935413.4,1338.7,169.4,5524890.7,306202.1,35.0,46021565.0,14659272.4,60680837.5,29.97,16.46,0.0,46.44,31.74,17.72,0.0,49.46,63092.9,27069.0,90161.9,223364900.0,64155400.0,301211.5,1116615.9,0.0,4621800.5,0.0,1292958.0,101791420.0,488267.6,0.0,3647090.5,42746000.0,4462920.5,34179.2,47360376.0,15502061.0,0.0,213.9,154.7,4544.5,0.0,847.7,22503.8,3314.5,0.0,1245.2,5351.7,7050.8,30.0,21045.5,0.0,4978.2,855.7,240.0,0.0
HighDemandGrowth,MISO_South,2035,314358500.0,5488288.0,72635.9,2484420.8,322403840.0,303057502.8,151537100.0,48074144.0,14424915.0,0.0359,0.054,0.12,92433.59,63877.7,87.8,1.8,0.19,11.9,639.9,0.08,87.9,31.0,118.8,85.5,1.7,0.19,11.5,623.2,0.07,85.6,30.1,115.7,152.7,3.1,0.35,18.2,1093.6,0.09,152.9,50.8,203.7,271.5,5.4,0.6,32.3,1968.4,0.14,271.9,91.0,362.8,25347108.5,506.2,56.0,3426001.7,184786.2,22.1,25377480.1,8938654.0,34316134.1,28.22,15.07,0.0,43.29,30.09,16.41,0.0,46.49,886613.1,3364277.5,4250891.0,288754620.0,170866740.0,4679089.5,1116615.9,0.0,0.0,0.0,1837190.6,63349260.0,583273.2,0.0,3647090.5,42746000.0,1708108.2,58447.0,96337560.0,72691990.0,0.0,3257.3,154.7,0.0,0.0,1211.4,22503.8,3314.5,0.0,1245.2,5351.7,4156.2,30.0,44139.8,0.0,23740.6,13029.2,240.0,0.0
HighDemandGrowth,MISO_South,2040,378805630.0,9530879.0,71535.1,3239307.2,391647360.0,365186976.4,157539040.0,62728296.0,22113796.0,0.0359,0.054,0.12,90097.36,73967.2,66.8,1.3,0.15,9.1,488.7,0.06,66.9,23.7,90.6,65.7,1.3,0.14,8.9,480.8,0.06,65.8,23.3,89.1,118.1,2.3,0.23,14.0,879.9,0.05,118.2,40.2,158.4,256.5,5.1,0.55,30.5,1872.9,0.13,256.8,86.3,343.1,23453831.2,466.4,51.2,3199659.8,171567.1,20.9,23481720.4,8318064.8,31799785.2,27.09,14.67,0.0,41.76,29.0,16.08,0.0,45.08,3169850.8,5365423.0,8535274.0,351032860.0,234108320.0,8134713.5,1116615.9,0.0,0.0,0.0,2025094.6,59222170.0,548530.8,0.0,3631600.5,42746000.0,1467319.1,57596.3,116042640.0,116040590.0,0.0,6057.5,154.7,0.0,0.0,1339.8,24129.8,3314.5,0.0,1245.2,5351.7,4156.2,30.0,53334.9,0.0,38452.3,24230.0,240.0,0.0
HighDemandGrowth,MISO_South,2045,425544670.0,9441369.0,73836.4,3330291.8,438390180.0,410245297.3,158821200.0,64739496.0,29027754.0,0.0359,0.054,0.12,97972.49,79567.2,62.3,1.2,0.13,8.4,463.8,0.05,62.4,22.2,84.6,62.2,1.2,0.13,8.3,463.0,0.05,62.3,22.2,84.5,136.6,2.6,0.26,16.2,1024.1,0.06,136.7,46.7,183.4,228.3,4.5,0.47,27.1,1683.0,0.11,228.5,77.2,305.8,25088342.4,486.2,51.2,3385527.7,186768.8,20.7,25116795.8,8956880.4,34073676.2,24.22,16.02,0.0,40.25,25.92,17.5,0.0,43.43,6342970.0,9522967.0,15865938.0,402678430.0,279568960.0,8061127.0,1116615.9,0.0,0.0,0.0,2370178.8,66272824.0,423846.0,0.0,3621540.8,42746000.0,808156.8,59354.8,128444300.0,148754500.0,0.0,6057.5,154.7,0.0,0.0,1569.8,29214.3,3312.0,0.0,1245.2,5351.7,3113.4,30.0,60043.0,0.0,49493.3,24230.0,240.0,0.0
HighDemandGrowth,MISO_South,2050,450529200.0,8502830.0,78220.7,3646643.2,462756930.0,434333508.8,165297330.0,75178616.0,30349780.0,0.0359,0.054,0.12,88589.57,85117.6,57.9,1.1,0.11,7.8,435.6,0.05,57.9,20.8,78.8,57.3,1.1,0.11,7.7,430.9,0.05,57.3,20.5,77.9,140.4,2.7,0.28,16.6,1044.4,0.07,140.5,47.8,188.3,219.4,4.2,0.44,26.0,1629.0,0.1,219.6,74.6,294.2,24192070.5,461.5,47.2,3274502.4,182050.6,19.6,24218707.2,8704967.3,32923674.5,22.09,13.54,0.0,35.64,23.62,14.69,0.0,38.31,7924846.5,12907197.0,20832044.0,417928100.0,297459620.0,7256000.0,1116615.9,0.0,0.0,0.0,2892438.0,64935636.0,388280.7,0.0,3606156.8,42746000.0,356872.3,62928.3,141110960.0,153456210.0,0.0,5370.2,154.7,0.0,0.0,1915.3,29214.3,3248.1,0.0,1245.2,5351.7,1093.5,30.0,66765.5,0.0,51335.6,21480.9,240.0,0.0
HighDemandGrowth,NYISO,2025,156958260.0,1236919.9,626558.6,251330.0,159073070.0,151315404.8,130446610.0,3313112.2,539029.0,0.0359,0.054,0.12,22083.99,36330.4,173.6,4.3,0.63,23.3,1258.6,0.2,173.9,60.8,234.7,185.1,4.9,0.71,24.5,1336.1,0.21,185.4,64.4,249.8,231.8,7.3,1.22,28.5,1283.1,0.31,232.4,66.9,299.2,607.1,24.8,3.84,67.0,3394.4,0.67,608.9,168.4,777.2,27129815.9,677.2,99.1,3637245.2,196710.2,31.5,27177054.5,9507816.6,36684871.1,42.71,4.37,11.05,58.14,45.25,4.77,11.68,61.7,0.0,0.0,0.0,156298980.0,28626454.0,1054719.1,1989598.8,11067691.0,0.0,0.0,3560240.8,48982628.0,790525.4,0.0,26503520.0,26688192.0,10089239.0,506413.2,7497981.0,17143020.0,425212.4,1750.0,389.6,0.0,0.0,2561.9,9588.7,2662.1,0.0,4553.7,3341.3,12192.8,1426.8,4151.2,132.0,5205.9,7000.0,11414.4,0.0
HighDemandGrowth,NYISO,2030,170642990.0,2997486.2,1369920.6,199977.2,175210370.0,164507264.1,107516880.0,1313167.8,4081303.5,0.0359,0.054,0.12,22086.32,38451.4,91.4,2.2,0.32,12.9,561.6,0.11,91.6,29.7,121.3,98.2,2.4,0.34,13.9,604.4,0.12,98.3,31.9,130.2,154.2,4.7,0.8,19.4,701.2,0.22,154.6,40.3,194.9,519.1,16.3,2.53,61.7,2724.5,0.57,520.2,143.0,663.3,16267152.7,396.5,56.7,2304104.4,99953.2,20.4,16294436.8,5288272.4,21582709.2,27.48,3.86,13.75,45.2,29.29,4.24,14.55,48.2,171955.7,44757.0,216712.7,177978510.0,67693496.0,2544661.5,1989598.8,13724798.0,0.0,0.0,4092177.2,31291686.0,226991.9,0.0,27688364.0,26688192.0,5033423.0,1097295.2,21616504.0,27769676.0,14215138.0,3000.0,389.6,0.0,0.0,2959.8,9032.6,539.5,0.0,4745.1,3341.3,7250.5,1426.8,11904.6,3801.0,7543.7,12000.0,11414.4,0.0
HighDemandGrowth,NYISO,2035,209257330.0,4679631.5,1329263.0,416997.2,215683230.0,201730552.9,118930984.0,8707263.0,5348466.5,0.036,0.054,0.12,147038.72,47044.7,93.1,2.5,0.39,12.9,515.1,0.13,93.3,28.3,121.6,101.8,2.7,0.41,14.1,573.4,0.14,102.0,31.2,133.1,137.8,3.9,0.64,17.1,692.7,0.17,138.1,37.8,175.9,435.3,10.8,1.58,53.2,2594.6,0.41,436.0,130.6,566.6,19762724.0,527.2,82.0,2741150.6,109366.5,27.3,19800829.1,6007730.6,25808559.7,29.24,26.5,4.2,60.05,31.23,29.12,4.47,64.93,1408797.4,96849.2,1505646.5,212324420.0,96752230.0,3981130.0,1584482.1,13396039.0,0.0,0.0,4315232.0,32513868.0,80628.2,0.0,27637836.0,26688192.0,8622128.0,1067881.1,23396200.0,37065400.0,31975398.0,4641.9,334.6,0.0,0.0,3139.9,9032.6,539.5,0.0,4754.9,3341.3,6772.8,1426.8,12788.9,9000.0,10204.3,18567.8,11414.4,0.0
HighDemandGrowth,NYISO,2040,252662530.0,18409922.0,1903999.0,1165478.4,274141920.0,243572174.6,80906200.0,34996160.0,39546200.0,0.036,0.054,0.12,373357.62,62313.3,0.0,0.0,0.0,1.1,2.3,0.02,0.0,1.2,1.2,0.0,0.0,0.0,0.0,0.0,0.0,0.0,0.0,0.0,0.0,0.0,0.0,0.0,0.0,0.0,0.0,0.0,0.0,310.2,6.2,0.68,36.9,2257.3,0.16,310.6,104.2,414.8,0.0,0.0,0.0,304851.4,643.9,5.6,0.0,325572.8,325572.8,27.5,71.4,15.26,114.27,29.95,82.47,16.3,128.82,2433196.0,2677796.2,5110992.0,278691970.0,193235730.0,15690154.0,1584482.1,12562122.0,0.0,0.0,5109619.0,0.0,0.0,0.0,27398588.0,26688192.0,0.0,1532701.4,70244330.0,77458296.0,40423490.0,15036.6,334.6,0.0,0.0,3720.3,0.0,0.0,0.0,4793.9,3341.3,0.0,1426.8,39804.1,11246.3,22190.7,60146.4,11414.4,0.0
HighDemandGrowth,NYISO,2045,287395740.0,20572512.0,2233707.8,1441133.9,311643100.0,277054376.1,102044190.0,55895110.0,40726508.0,0.036,0.0541,0.12,239855.34,74067.4,0.0,0.0,0.0,1.0,2.2,0.02,0.0,1.1,1.1,0.0,0.0,0.0,0.0,0.0,0.0,0.0,0.0,0.0,0.0,0.0,0.0,0.0,0.0,0.0,0.0,0.0,0.0,317.6,6.1,0.63,37.6,2366.0,0.15,317.9,108.1,426.0,0.0,0.0,0.0,304851.4,643.9,5.6,0.0,325572.8,325572.8,26.77,47.75,17.29,91.9,29.2,55.27,18.54,103.1,1338799.4,2997022.0,4335821.0,296474500.0,209598930.0,17516696.0,1584482.1,11826993.0,0.0,0.0,6457172.5,0.0,0.0,0.0,27468236.0,26688192.0,0.0,1790988.8,82384536.0,76712520.0,44044690.0,16595.9,334.6,0.0,0.0,4705.0,0.0,0.0,0.0,4800.2,3341.3,0.0,1426.8,46206.9,11907.9,21720.4,66383.4,11414.4,0.0
HighDemandGrowth,NYISO,2050,308885730.0,23170514.0,2109614.5,1665731.4,335831600.0,297770364.0,93124610.0,62582196.0,48480476.0,0.036,0.0541,0.12,232862.57,81445.2,0.0,0.0,0.0,0.7,1.4,0.01,0.0,0.7,0.7,0.0,0.0,0.0,0.0,0.0,0.0,0.0,0.0,0.0,0.0,0.0,0.0,0.0,0.0,0.0,0.0,0.0,0.0,335.7,6.4,0.65,39.7,2517.8,0.15,336.1,114.8,450.9,0.0,0.0,0.0,220387.3,443.0,3.7,0.0,234602.0,234602.0,24.47,46.99,22.32,93.93,26.76,54.51,24.01,105.42,3128309.5,2744302.8,5872612.0,321729900.0,242706990.0,19734898.0,1584482.1,11581533.0,0.0,0.0,7712383.0,0.0,0.0,0.0,27343468.0,17086578.0,0.0,1691930.4,87527750.0,96157384.0,51309470.0,18924.2,334.6,0.0,0.0,5637.9,0.0,0.0,0.0,4800.2,2139.2,0.0,1426.8,48439.7,14162.6,27461.6,76065.7,11414.4,0.0
HighDemandGrowth,NorthernGrid_East,2025,54140652.0,66281.5,0.0,536309.9,54743244.0,52194007.7,40035264.0,8096529.0,3185467.8,0.0359,0.054,0.12,83438.95,10533.9,240.3,26.4,3.83,8.8,616.3,0.12,242.1,27.2,269.3,209.4,22.9,3.32,7.8,544.7,0.1,211.0,24.1,235.1,803.6,79.7,11.49,36.4,2696.3,0.39,809.1,116.9,925.9,759.2,74.8,10.77,34.9,2589.6,0.37,764.4,112.2,876.5,11973559.2,1316.7,191.0,437673.5,30712.8,5.9,12064931.2,1354527.3,13419458.5,29.62,14.77,0.0,44.38,31.34,15.85,0.0,47.19,420.2,0.0,420.2,49832184.0,14707979.0,55300.5,319198.3,129279.9,11084814.0,0.0,1195637.5,1742857.4,0.0,74468.4,21718288.0,0.0,0.0,0.0,1715400.6,11796941.0,0.0,231.0,47.5,3746.3,0.0,797.7,549.3,789.1,10.0,5581.2,0.0,309.1,0.0,829.0,0.0,3344.2,924.0,0.0,0.0
HighDemandGrowth,NorthernGrid_East,2030,62333644.0,135952.5,0.0,792305.0,63261900.0,60092535.8,26427728.0,7062726.5,8181339.0,0.0359,0.054,0.12,83427.09,12059.5,71.3,7.6,1.09,2.9,191.7,0.04,71.8,8.6,80.5,68.0,7.1,1.03,2.9,187.5,0.03,68.5,8.5,77.0,140.3,10.6,1.5,9.3,611.7,0.07,141.0,27.6,168.6,503.7,46.6,6.68,25.9,1724.2,0.24,506.9,77.3,584.2,4591143.6,486.8,70.4,186880.1,12344.7,2.3,4624876.3,555371.8,5180248.0,20.11,13.99,0.0,34.1,21.33,15.05,0.0,36.38,118930.2,4755.4,123685.6,64380520.0,36834172.0,116759.0,233755.5,127984.8,4066163.5,0.0,1338857.8,1174097.2,50.0,74391.9,21753140.0,0.0,0.0,0.0,1729350.8,33765964.0,0.0,231.0,35.9,3637.0,0.0,892.7,549.3,810.8,10.0,5748.2,0.0,0.0,0.0,829.0,0.0,8553.2,924.0,0.0,0.0
HighDemandGrowth,NorthernGrid_East,2035,82572136.0,275120.1,0.0,1441295.6,84288550.0,79603035.8,22950414.0,14574141.0,15201181.0,0.036,0.054,0.12,115871.84,15904.0,5.8,0.1,0.01,0.8,44.2,0.0,5.9,2.1,7.9,7.2,0.1,0.01,0.9,54.4,0.0,7.2,2.6,9.8,143.3,2.7,0.27,16.9,1079.9,0.06,143.5,49.1,192.6,220.8,4.2,0.43,26.1,1654.4,0.1,221.0,75.4,296.5,496383.4,9.4,0.9,66032.4,3754.8,0.2,496917.6,177993.9,674911.5,20.06,17.75,0.0,37.81,21.29,19.03,0.0,40.32,1446889.9,334252.1,1781142.0,84915590.0,61338136.0,234283.0,233755.5,124111.6,0.0,0.0,1259865.0,1228702.4,103071.6,74451.4,21579078.0,0.0,0.0,0.0,11733826.0,48344444.0,0.0,231.0,35.9,0.0,0.0,844.5,969.9,2718.1,10.0,5754.5,0.0,0.0,0.0,5402.8,0.0,12264.3,924.0,0.0,0.0
HighDemandGrowth,NorthernGrid_East,2040,101754890.0,512106.3,0.0,1864823.8,104131816.0,98096359.5,12809413.0,15677262.0,26294112.0,0.0359,0.054,0.12,100338.35,19561.1,4.9,0.1,0.01,0.6,37.2,0.0,4.9,1.8,6.7,6.0,0.1,0.01,0.8,45.1,0.0,6.0,2.1,8.1,122.5,2.3,0.23,14.5,923.2,0.05,122.6,42.0,164.6,224.3,4.2,0.43,26.5,1687.9,0.1,224.6,76.8,301.4,564962.7,10.6,1.1,74133.7,4272.3,0.3,565570.6,201525.2,767095.8,20.16,14.63,0.0,34.79,21.39,15.69,0.0,37.08,4558839.0,1064455.9,5623295.5,114748670.0,91322410.0,436143.4,233755.5,114030.0,0.0,0.0,1264052.0,1475680.8,71505.1,74220.9,21020930.0,0.0,0.0,0.0,16084829.0,73973530.0,0.0,320.6,35.9,0.0,0.0,851.3,1260.4,2718.1,10.0,5754.5,0.0,0.0,0.0,7572.9,0.0,20096.8,1282.4,0.0,0.0
HighDemandGrowth,NorthernGrid_East,2045,116042136.0,549071.1,0.0,2142341.8,118733550.0,111869342.2,21428284.0,23305458.0,25899026.0,0.036,0.054,0.12,111394.71,22822.1,5.4,0.1,0.01,0.7,41.0,0.0,5.4,1.9,7.3,7.0,0.1,0.01,0.9,52.9,0.0,7.0,2.5,9.5,143.3,2.7,0.27,16.9,1080.3,0.06,143.5,49.1,192.6,210.5,4.0,0.4,24.9,1585.7,0.09,210.7,72.1,282.9,657532.3,12.4,1.2,85069.0,4970.9,0.3,658239.9,233288.1,891528.0,19.42,16.39,0.0,35.81,20.62,17.59,0.0,38.21,4021865.5,1934244.8,5956110.5,121327120.0,97305270.0,468682.1,233755.5,114919.0,0.0,0.0,1290987.2,1469529.6,248601.4,74459.9,21411904.0,0.0,0.0,0.0,22484924.0,73529360.0,0.0,320.6,35.9,0.0,0.0,869.5,1260.4,6432.7,10.0,5754.5,0.0,0.0,0.0,10558.5,0.0,19633.7,1282.4,0.0,0.0
HighDemandGrowth,NorthernGrid_East,2050,131008430.0,1035106.2,0.0,2728943.5,134772480.0,126297695.9,2205573.8,23876760.0,44378936.0,0.0359,0.054,0.12,78273.51,25818.9,3.3,0.1,0.01,0.4,24.7,0.0,3.3,1.2,4.4,4.9,0.1,0.01,0.6,37.0,0.0,4.9,1.7,6.6,128.8,2.4,0.24,15.2,971.5,0.06,129.0,44.2,173.1,208.6,4.0,0.4,24.7,1567.1,0.09,208.9,71.4,280.2,507194.2,9.6,1.0,67309.5,3836.4,0.3,507740.0,181703.4,689443.4,17.64,11.19,0.0,28.83,18.74,12.05,0.0,30.8,8266726.5,7001013.0,15267770.0,155274670.0,132566910.0,879999.1,233755.5,110186.4,0.0,0.0,1323920.4,1239219.8,121201.5,70757.1,20052632.0,0.0,0.0,0.0,35433476.0,95809510.0,0.0,642.9,35.9,0.0,0.0,898.7,1260.4,5408.2,10.0,5754.5,0.0,0.0,0.0,18306.0,0.0,26117.1,2571.5,0.0,0.0
HighDemandGrowth,NorthernGrid_South,2025,83436630.0,1766777.6,0.0,253548.8,85456960.0,80437273.5,55782156.0,3850407.2,4348786.0,0.0359,0.054,0.12,88789.14,18831.3,327.7,27.8,3.96,19.2,1451.3,0.16,329.6,62.5,392.1,352.1,30.2,4.3,20.4,1536.8,0.17,354.1,66.2,420.4,458.7,28.0,3.86,36.7,2830.2,0.22,460.6,121.1,581.7,604.5,40.5,5.65,45.1,3453.4,0.29,607.2,148.1,755.4,28169206.6,2391.8,340.3,1651209.6,124751.1,13.4,28333386.1,5372447.5,33705833.6,34.46,16.92,0.0,51.39,36.65,18.58,0.0,55.23,0.0,12293.7,12293.7,85955336.0,29674804.0,1504865.8,322711.6,0.0,19526296.0,0.0,2532664.5,22823884.0,10028.9,5358746.5,6733541.0,0.0,461.7,0.0,25312524.0,1829615.2,0.0,1132.4,50.4,3004.1,0.0,1378.1,8385.4,1872.3,719.6,3518.7,0.0,717.1,0.0,9864.8,0.0,689.8,4529.4,0.0,0.0
HighDemandGrowth,NorthernGrid_South,2030,96047700.0,1861312.4,0.0,568539.2,98477550.0,92594953.5,58399436.0,12447163.0,8140853.0,0.0359,0.054,0.12,88778.81,21514.6,262.5,20.6,2.92,16.9,1106.1,0.12,263.9,49.9,313.8,258.2,20.2,2.85,16.7,1093.0,0.12,259.5,49.3,308.8,198.5,7.6,0.97,20.0,1279.7,0.09,198.9,58.1,257.1,511.1,34.3,4.78,38.1,2465.9,0.24,513.4,111.7,625.1,24717021.7,1943.2,274.6,1591247.3,104159.3,11.7,24849902.2,4698381.4,29548283.6,26.15,16.89,0.0,43.04,27.93,18.57,0.0,46.5,22586.3,931147.4,954857.6,94171240.0,40078110.0,1586977.8,322711.6,0.0,15503344.0,0.0,2841727.8,24542594.0,45083.4,5352867.5,6733541.0,0.0,6011.6,0.0,32477158.0,4759223.0,0.0,1132.4,50.4,3004.1,0.0,1591.7,9117.4,1841.7,719.6,3518.7,0.0,491.1,0.0,12697.6,0.0,1532.5,4529.4,0.0,0.0
HighDemandGrowth,NorthernGrid_South,2035,126953620.0,2127641.8,0.0,1010260.4,130091500.0,122389062.9,62961656.0,18402888.0,23704624.0,0.0359,0.054,0.12,103028.81,27391.7,143.6,2.7,0.27,17.0,1083.9,0.06,143.8,49.3,193.1,139.8,2.6,0.26,16.6,1054.7,0.06,139.9,48.0,187.9,169.4,3.2,0.32,20.0,1278.1,0.07,169.6,58.1,227.8,286.9,5.5,0.56,33.9,2147.9,0.13,287.2,98.0,385.2,19446809.2,366.5,36.7,2300091.6,146749.6,8.4,19467737.9,6675534.3,26143272.2,25.74,18.39,0.0,44.13,27.46,20.12,0.0,47.58,259204.0,8181539.0,8443357.0,135393250.0,67129860.0,1814444.8,101738.8,0.0,0.0,0.0,2754239.8,54719616.0,4386.0,4889828.5,6732633.5,0.0,745.5,0.0,59387212.0,4988404.5,0.0,1268.8,20.4,0.0,0.0,1548.0,20987.1,1748.0,719.6,3518.7,0.0,253.6,0.0,25814.8,0.0,1665.1,5075.3,0.0,0.0
HighDemandGrowth,NorthernGrid_South,2040,159448660.0,7528823.0,0.0,1514398.5,168491870.0,153715804.3,72453190.0,32610876.0,40591490.0,0.0359,0.054,0.12,89377.52,34128.2,126.0,2.4,0.24,14.9,951.1,0.05,126.2,43.3,169.4,112.9,2.1,0.21,13.4,851.9,0.05,113.0,38.8,151.8,133.2,2.5,0.25,15.7,1004.6,0.06,133.4,45.7,179.1,290.2,5.5,0.55,34.3,2185.0,0.13,290.5,99.4,389.9,22242218.0,419.2,41.9,2630314.3,167844.3,9.7,22266154.9,7634709.9,29900864.8,26.81,14.89,0.0,41.7,29.01,16.77,0.0,45.78,576058.2,12892853.0,13471955.0,176472500.0,96038680.0,6414581.5,101738.8,0.0,0.0,0.0,2791994.8,62512264.0,5315.7,4667556.0,6731625.5,0.0,729.5,0.0,82019290.0,11227396.0,0.0,4634.1,20.4,0.0,0.0,1557.6,22789.2,1748.0,704.0,3518.7,0.0,239.6,0.0,36665.8,0.0,3822.4,18536.2,0.0,0.0
HighDemandGrowth,NorthernGrid_South,2045,184995760.0,11421048.0,0.0,1885074.2,198301890.0,178343514.2,80854050.0,35388700.0,60952332.0,0.0359,0.054,0.12,100591.36,40641.9,137.0,2.6,0.26,16.2,1033.9,0.06,137.2,47.0,184.2,97.8,1.8,0.18,11.6,738.3,0.04,97.9,33.6,131.5,121.1,2.3,0.23,14.3,913.2,0.05,121.2,41.5,162.7,278.0,5.2,0.53,32.8,2096.1,0.12,278.3,95.3,373.7,30672237.9,578.1,57.8,3626155.3,231459.0,13.3,30705246.6,10527266.9,41232513.4,24.79,16.46,0.57,41.91,27.18,18.77,0.64,46.67,834388.0,28675850.0,29511132.0,223865520.0,117447830.0,9718773.0,101738.8,0.0,0.0,0.0,2798051.8,86735080.0,2189.6,3128594.5,6730665.5,0.0,648.0,0.0,103025590.0,11624200.0,0.0,5982.2,20.4,0.0,0.0,1593.1,32319.2,1725.9,504.6,3518.7,0.0,239.6,0.0,50411.7,0.0,3931.9,29321.3,0.0,0.0
HighDemandGrowth,NorthernGrid_South,2050,210721500.0,25242362.0,0.0,2096759.2,238060620.0,203144509.1,93093980.0,48819508.0,56450250.0,0.0359,0.054,0.12,105834.04,45042.9,100.4,1.9,0.19,11.9,757.7,0.04,100.5,34.5,135.0,67.5,1.3,0.13,8.0,509.1,0.03,67.5,23.2,90.7,103.9,2.0,0.2,12.3,783.7,0.05,104.0,35.6,139.6,258.4,4.9,0.5,30.5,1941.8,0.11,258.7,88.4,347.1,24670503.0,465.0,46.5,2917167.4,186169.0,10.7,24697052.9,8467927.4,33164980.3,21.69,15.98,0.8,38.56,24.79,19.11,0.93,44.92,1662088.5,44924230.0,46586876.0,245691360.0,144966640.0,21464080.0,101738.8,0.0,0.0,0.0,2976079.2,69847016.0,2376.6,2579493.5,6729413.0,0.0,607.5,0.0,125246890.0,16743672.0,0.0,13594.5,20.4,0.0,0.0,1702.3,32686.0,1386.0,422.7,3518.7,0.0,11.4,0.0,64837.4,0.0,5650.1,62923.9,0.0,0.0
HighDemandGrowth,NorthernGrid_West,2025,156572620.0,6084.9,173539.6,2304804.2,159057060.0,150941666.1,130838040.0,104681.5,26825482.0,0.036,0.054,0.12,85387.92,33076.5,16.9,0.3,0.03,2.7,159.1,0.02,16.9,7.4,24.3,19.0,0.4,0.04,3.0,178.7,0.02,19.0,8.3,27.3,288.5,14.5,1.94,25.9,2016.6,0.13,289.5,86.1,375.5,428.2,28.5,3.97,32.1,2466.8,0.2,430.1,105.7,535.8,3137572.3,59.1,5.9,499310.6,29564.7,3.4,3140948.8,1381265.8,4522214.5,25.94,14.58,0.25,40.78,27.52,15.66,0.28,43.47,3517.7,106.2,3623.9,185777860.0,28219014.0,5053.1,1228183.5,8325989.0,0.0,0.0,824858.0,8224505.0,0.0,145213.4,130301416.0,9193461.0,0.0,135031.5,3827532.5,23566624.0,0.0,20.1,205.7,0.0,0.0,658.0,6007.1,1371.8,19.5,30835.3,1151.0,2.5,314.0,1961.8,0.0,7528.0,80.2,2512.0,0.0
HighDemandGrowth,NorthernGrid_West,2030,173821420.0,12918.3,193875.6,2087982.2,176116200.0,167570715.7,127142990.0,1382407.5,23562324.0,0.036,0.054,0.12,85380.37,35320.1,13.1,0.2,0.02,2.1,100.2,0.02,13.1,5.1,18.2,10.2,0.2,0.02,1.4,77.5,0.01,10.2,3.7,13.9,41.4,1.4,0.18,4.3,276.0,0.02,41.5,12.5,54.0,374.8,23.9,3.32,29.0,1881.4,0.18,376.5,85.1,461.6,2602063.3,49.0,4.9,415026.2,19860.6,3.1,2604863.4,1007712.6,3612576.0,18.64,14.3,1.78,34.77,19.75,15.3,1.89,37.0,48827.6,64564.1,113391.7,198296110.0,48973216.0,10856.4,694166.0,6311609.5,0.0,0.0,1190029.5,6779665.5,0.0,144566.9,126038504.0,9193461.0,0.0,150068.5,7072493.0,40710696.0,0.0,20.1,133.2,0.0,0.0,944.5,5675.3,1427.8,19.5,31720.2,1151.0,0.0,314.0,3484.5,0.0,11491.0,80.2,2512.0,0.0
HighDemandGrowth,NorthernGrid_West,2035,212430060.0,21498.6,273154.8,2864659.2,215589380.0,204790891.3,131431020.0,3859344.8,30001844.0,0.036,0.054,0.12,114933.02,42907.8,17.6,0.3,0.03,2.5,134.0,0.02,17.7,6.5,24.2,5.7,0.1,0.01,0.8,43.3,0.0,5.7,2.1,7.8,41.2,0.8,0.08,4.9,311.2,0.02,41.3,14.2,55.4,246.9,4.7,0.48,29.2,1853.6,0.11,247.2,84.5,331.7,4263839.0,80.4,8.0,605838.9,32394.0,3.8,4268427.5,1572208.8,5840636.2,21.0,19.43,0.0,40.43,22.26,20.84,0.0,43.1,843724.9,1625905.5,2469662.0,241731870.0,84158360.0,18180.0,581470.0,5556615.0,0.0,0.0,1522345.4,11730038.0,642.9,135219.1,130141780.0,9193461.0,0.0,216120.0,24323116.0,58312896.0,0.0,19.4,117.9,0.0,0.0,1209.2,8868.1,1503.9,19.5,31755.8,1151.0,0.0,314.0,12388.4,0.0,17147.6,77.7,2512.0,0.0
HighDemandGrowth,NorthernGrid_West,2040,254542110.0,3563.5,348795.8,3661094.8,258555570.0,245389293.6,150523870.0,12443498.0,34128812.0,0.036,0.054,0.12,111680.89,52255.7,29.5,0.6,0.06,3.9,223.5,0.02,29.5,10.5,40.1,5.0,0.1,0.01,0.7,37.9,0.0,5.0,1.8,6.8,36.5,0.7,0.07,4.3,275.2,0.02,36.5,12.5,49.0,252.9,4.8,0.48,29.9,1907.7,0.11,253.2,86.8,340.0,8269722.6,155.9,15.6,1079055.6,62623.1,5.5,8278621.9,2946726.5,11225348.5,23.45,18.29,0.55,42.29,24.86,19.63,0.58,45.07,1098831.1,2556072.5,3654908.0,280240900.0,108031704.0,3006.6,581470.0,6121896.0,0.0,0.0,1529490.8,23069128.0,1149.6,130936.5,132831384.0,9193461.0,0.0,276743.7,30189772.0,76312440.0,0.0,2.5,117.9,0.0,0.0,1216.2,13248.3,1049.9,19.5,31755.8,1151.0,0.0,314.0,15442.7,0.0,22741.6,10.0,2512.0,0.0
HighDemandGrowth,NorthernGrid_West,2045,285365250.0,3623.3,469016.6,4354647.0,290192540.0,275103499.4,149501230.0,16380718.0,38596170.0,0.036,0.054,0.12,109678.02,58392.1,27.3,0.5,0.05,3.5,206.5,0.02,27.3,9.7,37.0,4.6,0.1,0.01,0.7,34.9,0.0,4.6,1.7,6.3,32.6,0.6,0.06,3.9,246.2,0.01,32.7,11.2,43.9,236.8,4.5,0.45,28.0,1785.7,0.1,237.1,81.2,318.3,8518746.3,160.5,16.1,1108472.8,64502.2,5.6,8527913.7,3032172.8,11560086.4,21.98,18.62,0.98,41.59,23.31,20.05,1.04,44.43,8674842.0,4721933.5,13396775.0,312408000.0,140691310.0,3067.3,581470.0,5051231.0,0.0,0.0,1574470.0,23474960.0,214811.5,0.0,132826130.0,9193461.0,0.0,371552.9,36546060.0,102570776.0,0.0,2.5,117.9,0.0,0.0,1256.7,13439.6,5859.8,0.0,31763.9,1151.0,0.0,314.0,19215.6,0.0,32969.2,10.0,2512.0,0.0
HighDemandGrowth,NorthernGrid_West,2050,314165800.0,3589.1,672533.3,4481336.5,319323230.0,302868468.4,156266100.0,19837492.0,34752724.0,0.036,0.054,0.12,111043.4,62592.7,26.9,0.5,0.05,3.5,204.0,0.02,27.0,9.6,36.6,3.5,0.1,0.01,0.5,26.7,0.0,3.5,1.3,4.8,37.2,0.7,0.07,4.4,280.9,0.02,37.3,12.8,50.0,232.6,4.4,0.44,27.5,1750.0,0.1,232.9,79.7,312.6,9007544.7,169.8,17.0,1166214.8,68190.8,5.8,9017238.1,3199891.6,12217129.7,20.11,18.46,0.79,39.41,21.34,19.86,0.84,42.1,6494639.5,8490279.0,14984918.0,334238460.0,163057150.0,3033.5,581470.0,5836382.5,0.0,0.0,1688800.4,24831874.0,330736.0,0.0,129867860.0,9193461.0,0.0,536525.4,51746740.0,109621610.0,0.0,2.5,117.9,0.0,0.0,1351.6,13761.1,14011.3,0.0,31763.9,1151.0,0.0,314.0,28019.2,0.0,34053.5,10.0,2512.0,0.0
HighDemandGrowth,PJM_East,2025,722684000.0,4779907.5,5388696.5,4310781.0,737163400.0,696700422.1,650668500.0,2341153.2,4373284.5,0.0359,0.054,0.12,112800.53,166157.3,364.7,27.5,3.88,26.6,1870.6,0.22,366.6,82.4,449.0,384.3,29.0,4.09,28.0,1966.9,0.23,386.3,86.7,473.0,291.6,6.7,0.75,33.5,2613.3,0.13,292.0,111.4,403.4,628.6,42.0,5.93,48.0,3443.1,0.35,631.5,150.7,782.2,269595012.5,20334.0,2864.8,19681992.1,1382725.2,160.4,270983066.0,60930989.3,331914055.3,36.78,22.66,0.42,59.85,39.0,24.83,0.43,64.27,0.0,0.0,0.0,739195500.0,86494940.0,4068267.5,5811802.5,0.0,172242600.0,0.0,6405400.0,294042400.0,2551842.0,0.0,9139849.0,159425470.0,1051413.1,4366947.5,45576236.0,34470304.0,43003.7,3005.5,1143.7,37922.3,0.0,4459.6,54856.3,21626.6,0.0,3160.5,19959.7,9042.1,5203.0,22475.6,12.0,10911.8,13702.8,41624.0,0.0
HighDemandGrowth,PJM_East,2030,779877440.0,10028123.0,5317580.0,5191329.0,800414460.0,751835909.4,644231360.0,11470240.0,2482824.5,0.0359,0.054,0.12,112799.65,175811.7,267.9,13.7,1.84,25.9,1537.1,0.17,268.9,71.7,340.6,279.1,14.3,1.93,26.9,1596.3,0.17,280.0,74.5,354.6,245.0,4.7,0.48,28.9,1836.5,0.11,245.3,83.6,328.9,554.2,36.0,5.1,43.7,2576.9,0.33,556.7,120.6,677.3,212061775.9,10824.0,1457.9,20492348.4,1216532.5,131.3,212782327.4,56780863.4,269563190.8,30.79,21.72,0.47,52.99,32.7,23.91,0.49,57.09,60970.4,13151.7,74122.0,791427100.0,156183150.0,8550785.0,4394278.0,0.0,72319200.0,0.0,9387441.0,370430660.0,4530279.5,0.0,9455776.0,159425470.0,1839603.0,4297884.5,55104640.0,62406330.0,29284740.0,6626.9,951.3,31165.2,0.0,6510.4,60211.1,21092.4,0.0,3279.5,19959.7,7325.1,5203.0,26903.0,7927.1,17730.5,28188.7,41624.0,0.0
HighDemandGrowth,PJM_East,2035,939144300.0,14281149.0,5313911.5,7620609.0,966359940.0,905370297.3,653986500.0,62075230.0,17147668.0,0.036,0.054,0.12,116291.8,209610.9,166.4,3.2,0.32,21.4,1253.6,0.11,166.6,58.8,225.3,165.1,3.1,0.32,21.3,1243.3,0.11,165.2,58.3,223.6,197.7,3.7,0.38,23.4,1486.2,0.09,197.9,67.7,265.6,300.6,5.9,0.65,35.7,2194.8,0.15,300.9,101.1,402.1,153302169.1,2909.5,294.8,19703191.0,1155093.1,100.7,153469353.7,54152444.2,207621797.9,28.96,20.81,0.0,49.76,30.77,22.79,0.0,53.56,139752.0,45654.9,185406.9,921432400.0,312373440.0,12202184.0,4394278.0,0.0,0.0,0.0,11186618.0,414843970.0,3346741.2,0.0,9455776.0,159425470.0,1088526.6,4301989.0,98772210.0,125449510.0,76965100.0,10403.6,951.3,0.0,0.0,7762.5,90721.3,21792.2,0.0,3279.5,19959.7,6005.1,5203.0,47416.0,20687.1,37330.1,43295.3,41624.0,0.0
HighDemandGrowth,PJM_East,2040,1108067500.0,15379085.0,6067394.0,10722649.0,1140236500.0,1068214105.4,759378700.0,129706450.0,39958324.0,0.036,0.054,0.12,117857.54,256135.7,166.2,3.1,0.32,21.1,1255.5,0.1,166.4,58.6,225.0,154.9,2.9,0.29,19.8,1170.2,0.1,155.1,54.7,209.8,178.5,3.4,0.34,21.1,1345.0,0.08,178.7,61.2,239.9,268.3,5.2,0.55,31.8,1984.6,0.13,268.6,91.0,359.5,174629549.8,3300.7,331.9,22210579.8,1318847.6,109.0,174818510.5,61541985.6,236360496.1,30.15,21.55,0.0,51.69,32.04,23.52,0.0,55.56,414417.1,117682.7,532099.8,1050488450.0,380857920.0,13108400.0,4341244.5,0.0,0.0,0.0,12583912.0,466407840.0,11464053.0,0.0,9455776.0,159425470.0,518987.9,4908833.5,122472600.0,151453800.0,94347610.0,11457.5,944.1,0.0,0.0,8747.7,107062.5,40572.4,0.0,3279.5,19959.7,5285.7,5203.0,58759.1,25212.1,45085.9,45829.8,41624.0,0.0
HighDemandGrowth,PJM_East,2045,1238855300.0,24797528.0,6727742.5,12232883.0,1282613500.0,1194295236.7,856021600.0,197815360.0,53850572.0,0.036,0.054,0.12,123126.48,293484.8,163.4,3.1,0.31,20.7,1234.3,0.1,163.5,57.5,221.0,145.0,2.7,0.27,18.5,1095.7,0.09,145.1,51.2,196.3,186.4,3.5,0.35,22.0,1405.0,0.08,186.6,63.9,250.5,264.2,5.1,0.52,31.3,1970.9,0.12,264.5,90.0,354.5,186005017.0,3512.1,352.4,23552401.0,1405470.5,113.6,186205893.6,65466445.6,251672339.3,28.02,23.33,0.08,51.43,29.83,25.62,0.08,55.54,530791.0,776340.5,1307131.5,1138648700.0,426591840.0,21118178.0,4341244.5,0.0,0.0,0.0,15203653.0,497471940.0,14444723.0,0.0,9461745.0,159425470.0,359459.8,5434092.5,146091540.0,170407870.0,94888770.0,17834.7,944.1,0.0,0.0,10590.7,117781.1,49053.1,0.0,3283.5,19959.7,4705.9,5203.0,69897.6,25212.1,50871.4,71338.8,41624.0,0.0
HighDemandGrowth,PJM_East,2050,1323516900.0,22466312.0,7269845.0,13554298.0,1366807300.0,1275911424.0,915576500.0,245359900.0,62901130.0,0.036,0.054,0.12,116626.99,314454.7,158.9,3.0,0.3,20.2,1201.6,0.1,159.1,56.1,215.1,136.3,2.6,0.26,17.5,1031.3,0.09,136.5,48.2,184.7,175.8,3.3,0.33,20.9,1326.7,0.08,176.0,60.4,236.5,267.6,5.1,0.52,31.6,2006.7,0.12,267.9,91.5,359.4,188192107.7,3550.0,355.6,23953465.0,1423171.7,117.6,188394982.7,66396081.1,254791063.8,25.56,22.18,0.28,48.03,27.24,24.28,0.28,51.81,1103918.8,3469948.8,4573867.5,1184348500.0,451230820.0,19123824.0,4341244.5,0.0,0.0,0.0,18545378.0,500192320.0,18111132.0,0.0,9461745.0,175828640.0,192577.9,5866309.0,159087550.0,178552590.0,95045304.0,15762.5,944.1,0.0,0.0,12978.7,122424.2,59211.7,0.0,3283.5,22013.3,2200.3,5203.0,76967.1,25212.1,53068.2,63049.9,41624.0,0.0
HighDemandGrowth,PJM_West,2025,108149140.0,2260229.8,0.0,131793.6,110541160.0,104261448.9,100893050.0,1037318.4,19850422.0,0.0359,0.0539,0.12,113793.88,26324.7,74.2,1.4,0.14,15.2,706.0,0.18,74.3,36.3,110.6,84.9,1.8,0.2,16.4,788.8,0.18,85.0,39.9,125.0,316.8,12.1,1.58,32.3,2423.7,0.17,317.6,104.6,422.2,609.7,38.8,5.42,48.0,3552.1,0.32,612.3,153.9,766.2,9596727.6,181.7,18.3,1966479.8,91326.9,22.8,9607149.1,4694251.0,14301400.1,33.8,25.54,0.01,59.36,36.04,28.29,0.01,64.34,1465.5,22.1,1487.6,129354264.0,9648109.0,1924715.6,388265.3,0.0,0.0,0.0,176160.6,20697272.0,3237749.8,0.0,178472.8,93222180.0,57508.3,0.0,3173172.2,6298776.5,0.0,2205.0,83.0,0.0,0.0,119.7,6502.8,8146.7,0.0,59.1,11671.2,401.5,0.0,1503.6,0.0,1959.0,8820.0,0.0,0.0
HighDemandGrowth,PJM_West,2030,123187410.0,2044901.2,0.0,184871.0,125417176.0,118758791.8,100425040.0,2578439.8,25757708.0,0.0359,0.054,0.12,113794.03,28667.3,76.3,1.4,0.15,14.6,587.1,0.16,76.4,32.2,108.5,79.0,1.5,0.16,14.9,604.6,0.16,79.1,33.0,112.0,184.6,6.7,0.88,19.2,1174.8,0.1,185.1,54.2,239.3,503.8,26.6,3.64,44.5,2783.0,0.25,505.6,127.5,633.1,11334643.0,214.6,21.7,2171867.7,87238.0,23.6,11346949.2,4777997.1,16124946.2,25.74,24.2,0.03,49.96,27.38,26.61,0.02,54.01,0.0,0.0,0.0,148596450.0,24992136.0,1737031.0,388265.3,0.0,0.0,0.0,276630.3,23846990.0,4164337.2,0.0,178472.8,93222180.0,67044.0,0.0,7064009.0,17651498.0,0.0,2229.9,83.0,0.0,0.0,187.8,6502.8,8150.2,0.0,59.1,11671.2,52.7,0.0,3312.5,0.0,4881.7,8919.5,0.0,0.0
HighDemandGrowth,PJM_West,2035,156775360.0,7186230.5,0.0,451720.8,164413310.0,151138078.8,136367870.0,21599462.0,9561052.0,0.0359,0.054,0.12,140115.38,35810.5,62.6,1.2,0.12,12.9,484.2,0.15,62.7,27.3,90.0,59.4,1.1,0.11,12.1,459.5,0.14,59.5,25.8,85.4,146.1,2.8,0.29,17.3,1091.8,0.07,146.3,49.8,196.2,293.9,5.9,0.66,35.0,2119.3,0.16,294.3,98.2,392.4,9537987.5,180.4,18.2,1959378.4,73779.3,22.8,9548318.9,4164217.6,13712536.5,24.66,26.37,0.0,51.02,26.46,29.64,0.0,56.1,24167.0,365.6,24532.6,152374900.0,28045434.0,6145556.0,388265.3,0.0,0.0,0.0,609209.2,22254504.0,2098980.2,0.0,178472.8,93222180.0,41516.1,0.0,7105790.5,20330432.0,0.0,6605.7,83.0,0.0,0.0,413.2,6502.8,8152.9,0.0,59.1,11671.2,52.7,0.0,3312.5,0.0,5607.7,26422.7,0.0,0.0
HighDemandGrowth,PJM_West,2040,193113200.0,7754331.0,0.0,808197.3,201675730.0,186168348.1,169169870.0,47495844.0,13538666.0,0.036,0.054,0.12,141101.59,48474.8,80.5,1.5,0.15,14.5,618.1,0.15,80.6,32.9,113.5,62.8,1.2,0.12,11.4,482.1,0.12,62.9,25.8,88.7,141.5,2.7,0.27,16.7,1062.1,0.06,141.6,48.4,190.0,274.7,5.3,0.56,32.5,2037.2,0.13,275.0,93.3,368.3,13501878.3,255.2,25.6,2427690.7,103669.2,24.5,13516484.7,5523718.9,19040203.7,26.57,25.03,0.0,51.6,28.49,27.97,0.0,56.46,1447.5,0.0,1447.5,167718540.0,32505852.0,6627909.0,388265.3,0.0,0.0,0.0,1141148.4,31207116.0,3541740.0,0.0,178472.8,93222180.0,47019.6,0.0,7168203.0,24196500.0,0.0,6273.0,83.0,0.0,0.0,773.7,8776.2,9878.2,0.0,59.1,11671.2,52.7,0.0,3312.5,0.0,6619.7,25092.0,0.0,0.0
HighDemandGrowth,PJM_West,2045,221444960.0,12978438.0,0.0,1122030.8,235545440.0,213480557.9,183865860.0,73833680.0,18737852.0,0.036,0.054,0.12,140973.63,57810.9,48.2,0.9,0.09,10.3,374.6,0.12,48.3,21.5,69.8,39.1,0.7,0.07,8.1,303.2,0.09,39.1,17.2,56.3,78.2,1.5,0.15,9.2,588.4,0.03,78.3,26.8,105.0,251.1,4.8,0.49,29.7,1879.3,0.11,251.4,85.7,337.1,8697987.2,163.9,16.4,1859742.9,67601.7,22.4,8707347.5,3880377.2,12587724.7,25.12,24.9,0.0,50.02,27.1,28.25,0.0,55.35,0.0,0.0,0.0,180449620.0,51679576.0,11090223.0,388265.3,0.0,0.0,0.0,2018419.8,23041504.0,849398.8,0.0,178472.8,93222180.0,0.0,0.0,18636882.0,31024276.0,0.0,9839.6,83.0,0.0,0.0,1368.3,6841.3,1816.7,0.0,59.1,11671.2,0.0,0.0,8530.2,0.0,8361.2,39358.3,0.0,0.0
HighDemandGrowth,PJM_West,2050,240351620.0,15052688.0,0.0,1295240.4,256699550.0,231707720.5,200368140.0,95872600.0,20846882.0,0.036,0.054,0.12,136499.03,62529.0,51.6,1.0,0.1,10.3,399.5,0.12,51.7,22.3,73.9,41.5,0.8,0.08,7.9,320.2,0.08,41.6,17.4,59.0,34.1,0.6,0.06,4.0,257.1,0.01,34.2,11.7,45.9,253.2,4.8,0.5,29.9,1893.6,0.12,253.4,86.4,339.8,9378450.4,176.8,17.7,1876748.4,72585.9,21.2,9388543.0,4045600.7,13434143.7,23.27,23.51,0.0,46.77,25.16,26.76,0.0,51.91,0.0,0.0,0.0,181673820.0,56331404.0,12862497.0,388265.3,0.0,0.0,0.0,3042766.5,25158714.0,736912.0,0.0,178472.8,86017560.0,0.0,0.0,21492408.0,31796230.0,0.0,11091.3,83.0,0.0,0.0,2062.5,7513.4,1816.7,0.0,59.1,10769.2,0.0,0.0,9775.3,0.0,8509.7,44365.2,0.0,0.0
HighDemandGrowth,SERTP,2025,644784640.0,1864276.2,6171362.5,649312.2,653469600.0,621601622.0,610410900.0,2521629.2,4102009.5,0.0359,0.054,0.12,123642.78,144919.7,358.7,32.8,4.7,22.2,1416.4,0.24,360.9,64.4,425.4,377.2,34.5,4.94,23.3,1488.0,0.26,379.6,67.7,447.3,502.1,28.3,3.89,42.6,3217.5,0.25,504.0,138.6,642.5,636.5,43.0,6.1,48.3,3425.9,0.36,639.5,150.5,789.9,234944485.5,21476.5,3076.2,14520482.6,927797.5,160.4,236424284.7,42212649.6,278636934.3,38.43,25.22,0.0,63.65,40.75,27.51,0.0,68.26,0.0,0.0,0.0,655050000.0,43058696.0,1590395.9,4098943.2,0.0,179752820.0,0.0,2501189.2,152247300.0,1818449.8,0.0,33546214.0,233058610.0,872589.3,5005947.5,39108220.0,1449286.1,0.0,1468.7,631.6,32078.1,0.0,1637.9,40687.3,26180.2,0.0,12077.7,29178.4,5077.2,6475.7,18332.4,0.0,516.1,5874.7,51805.6,0.0
HighDemandGrowth,SERTP,2030,704737100.0,6939115.0,5905262.5,861276.9,718442750.0,679398784.0,642288640.0,7291552.0,3552070.5,0.0359,0.054,0.12,123663.39,154385.5,273.2,19.1,2.67,22.7,1287.1,0.19,274.5,61.2,335.6,286.8,20.1,2.81,23.9,1350.4,0.2,288.1,64.2,352.3,276.0,6.0,0.65,31.9,2035.1,0.12,276.4,92.6,368.9,460.9,29.9,4.2,35.9,2201.6,0.25,462.9,101.6,564.5,195257029.8,13649.9,1908.8,16254247.9,919874.9,138.9,196184886.2,43704441.7,239889327.9,32.54,24.13,0.0,56.66,34.52,26.42,0.0,60.94,155.6,7.3,162.9,714703200.0,76154070.0,5918800.5,4254546.5,0.0,107662510.0,0.0,5159189.0,244111150.0,2345312.2,0.0,35572470.0,233058610.0,835240.4,4790511.5,59237132.0,11757752.0,0.0,5339.6,652.7,26946.1,0.0,3387.1,48471.7,26072.8,0.0,12676.8,29178.4,4144.9,6475.7,27303.6,0.0,3708.2,21358.4,51805.6,0.0
HighDemandGrowth,SERTP,2035,863690430.0,17022488.0,12924483.0,3350812.0,896988300.0,832634095.3,487146600.0,37769170.0,29796624.0,0.0359,0.054,0.12,101516.71,180231.6,76.3,1.5,0.15,11.5,576.2,0.09,76.4,28.7,105.1,82.6,1.6,0.16,12.4,623.4,0.09,82.7,31.0,113.7,160.3,3.0,0.31,18.9,1203.4,0.07,160.4,54.8,215.3,216.5,4.3,0.46,25.7,1584.5,0.11,216.8,72.9,289.7,67873441.4,1298.1,133.4,10222563.8,512295.2,78.0,67948540.8,25510252.1,93458792.9,30.98,17.59,0.0,48.56,33.2,19.5,0.0,52.7,1671097.2,4559467.5,6230565.0,889015700.0,409841630.0,14506445.0,3908355.5,0.0,0.0,0.0,7194080.0,177531140.0,3092146.5,0.0,35557344.0,233058610.0,1119272.9,10400758.0,225515490.0,177132030.0,0.0,10634.7,605.7,0.0,0.0,4779.3,53842.5,25453.2,0.0,12676.8,29178.4,3214.6,6475.7,105634.9,0.0,58091.4,42538.6,51805.6,0.0
HighDemandGrowth,SERTP,2040,1052678500.0,26950364.0,14237126.0,4862926.5,1098729100.0,1014826709.0,499213220.0,63379976.0,49950210.0,0.0359,0.054,0.12,96133.62,210132.0,61.1,1.2,0.12,9.2,463.0,0.07,61.2,23.1,84.2,67.4,1.3,0.13,10.1,510.5,0.08,67.5,25.3,92.8,130.6,2.5,0.25,15.4,981.0,0.06,130.8,44.7,175.5,183.9,3.6,0.37,21.8,1362.7,0.09,184.1,62.4,246.6,66329148.5,1261.8,128.4,10035422.1,502514.3,76.7,66401805.7,25031291.0,91433096.8,30.65,15.81,0.0,46.46,32.97,17.57,0.0,50.53,5212172.5,11865197.0,17077370.0,1085299300.0,599515800.0,22990142.0,3908355.5,0.0,0.0,0.0,8394171.0,175008290.0,3318062.8,0.0,35342172.0,233058610.0,696636.0,11461196.0,310809800.0,280311840.0,0.0,16731.8,605.7,0.0,0.0,5597.6,59309.7,25940.0,0.0,12676.8,29178.4,2432.4,6475.7,146819.7,0.0,94980.8,66927.2,51805.6,0.0
HighDemandGrowth,SERTP,2045,1175029600.0,35546240.0,16189445.0,6376419.0,1233141800.0,1132777419.4,467053980.0,70767560.0,95207320.0,0.0359,0.054,0.12,101537.95,235615.0,51.5,1.0,0.1,7.8,390.8,0.06,51.5,19.5,71.0,58.4,1.1,0.11,8.8,443.1,0.07,58.4,22.0,80.4,131.9,2.5,0.25,15.6,992.7,0.06,132.1,45.2,177.3,160.0,3.1,0.32,19.0,1187.2,0.08,160.2,54.4,214.6,64732598.3,1227.6,124.2,9805846.8,491489.9,75.5,64803091.6,24472859.3,89275950.8,26.28,16.24,0.0,42.52,28.45,18.13,0.0,46.58,9620303.0,31119380.0,40739684.0,1257581600.0,766087740.0,30301338.0,3319095.0,0.0,0.0,0.0,10222691.0,173141600.0,3042216.2,0.0,35154440.0,233058610.0,456781.9,13019654.0,401208260.0,354656830.0,0.0,21518.0,525.7,0.0,0.0,6878.6,68449.7,28105.6,0.0,12676.8,29178.4,1859.9,6475.7,194911.4,0.0,121947.1,86072.2,51805.6,0.0
HighDemandGrowth,SERTP,2050,1239290000.0,55440492.0,16292749.0,7988229.5,1319011500.0,1194729652.7,416016300.0,73831896.0,142883710.0,0.0359,0.054,0.12,99335.33,250001.7,40.1,0.8,0.08,6.3,305.8,0.05,40.1,15.4,55.6,47.1,0.9,0.09,7.3,359.1,0.06,47.2,18.0,65.2,110.8,2.1,0.21,13.1,834.6,0.05,111.0,38.0,149.0,144.5,2.7,0.28,17.1,1084.4,0.06,144.7,49.4,194.1,55656459.5,1050.7,105.4,8729376.1,424533.9,71.1,55716546.1,21399887.0,77116433.1,22.5,15.33,0.0,37.83,24.56,17.33,0.0,41.89,17878858.0,49645444.0,67524300.0,1388063200.0,902995140.0,47261050.0,3305836.5,0.0,0.0,0.0,13168892.0,152347150.0,1343421.6,0.0,34530670.0,233058610.0,113754.9,13107588.0,464506980.0,425319330.0,0.0,34602.1,523.9,0.0,0.0,8921.6,72769.6,25573.8,0.0,12676.8,29178.4,556.8,6475.7,230178.5,0.0,147443.8,138408.6,51805.6,0.0
HighDemandGrowth,SPP_North,2025,57156120.0,2591.2,0.0,685991.0,57844710.0,55100864.5,17639794.0,2654350.5,16375131.0,0.0359,0.054,0.12,22736.72,12645.4,223.2,24.9,3.62,8.3,544.1,0.13,224.9,24.6,249.5,238.8,26.7,3.87,9.1,584.0,0.14,240.7,26.5,267.2,590.7,55.8,8.05,29.7,2115.2,0.31,594.5,92.8,687.3,809.5,78.7,11.37,38.8,2726.3,0.43,815.0,120.2,935.2,15974017.1,1784.9,259.2,597481.1,38936.1,9.1,16097956.9,1760253.1,17858210.0,29.37,4.55,0.0,33.92,31.15,4.93,0.0,36.08,98659.0,943.0,99602.0,71565490.0,40204910.0,2213.7,50348.1,124005.5,15122326.0,0.0,56544.4,867642.3,408390.9,0.0,8625422.0,6150273.5,9952.4,0.0,580379.5,39567988.0,0.0,1.7,11.0,8315.7,0.0,34.1,678.8,3864.6,0.0,2431.1,770.0,441.2,0.0,275.3,0.0,10960.1,6.8,0.0,0.0
HighDemandGrowth,SPP_North,2030,71375256.0,2727.8,0.0,857693.1,72235680.0,68808847.7,20762256.0,9875318.0,14265846.0,0.0359,0.054,0.12,22729.47,14767.5,118.9,12.6,1.82,5.4,322.9,0.07,119.8,15.1,134.8,125.2,13.2,1.91,5.7,340.5,0.08,126.1,15.9,142.0,430.5,40.2,5.79,22.1,1415.1,0.22,433.3,64.3,497.6,537.5,47.1,6.76,30.6,1925.6,0.28,540.8,88.0,628.8,9109405.7,962.8,139.3,414550.1,24742.8,5.7,9176126.5,1153433.4,10329559.9,21.75,4.25,0.0,26.0,23.06,4.59,0.0,27.65,3000300.0,31553.0,3031853.0,76626210.0,51473424.0,2327.3,50348.1,117918.5,8066962.5,0.0,77729.4,1272270.0,711862.0,0.0,8771356.0,6150273.5,9467.9,0.0,2743241.2,48652452.0,0.0,1.7,11.0,6292.7,0.0,48.1,678.8,3453.3,0.0,2609.1,770.0,55.5,0.0,1195.5,0.0,12568.6,6.8,0.0,0.0
HighDemandGrowth,SPP_North,2035,98838856.0,2897.9,0.0,1779827.6,100621576.0,95284218.0,11834979.0,19793990.0,26150090.0,0.036,0.054,0.12,115192.41,18757.1,15.7,0.3,0.03,2.4,119.7,0.02,15.8,6.0,21.7,17.3,0.3,0.03,2.6,131.3,0.02,17.3,6.5,23.8,107.3,2.1,0.22,12.7,795.8,0.05,107.4,36.4,143.8,228.4,4.5,0.48,27.1,1674.2,0.11,228.6,77.0,305.7,1684880.5,31.9,3.2,254647.1,12802.0,2.0,1686711.5,636684.7,2323396.2,20.2,27.36,0.0,47.56,21.38,29.2,0.0,50.59,8794010.0,1194139.2,9988149.0,106977680.0,88786600.0,2470.3,50348.1,112471.1,0.0,0.0,110274.6,1645311.8,1942901.4,0.0,8276657.5,6150273.5,10645.0,0.0,10277288.0,78399040.0,0.0,1.7,11.0,0.0,0.0,71.4,907.4,6610.7,0.0,2609.1,770.0,53.5,0.0,4821.3,0.0,21057.1,6.8,0.0,0.0
HighDemandGrowth,SPP_North,2040,120629100.0,622055.6,0.0,2305505.8,123556670.0,116290955.0,11313989.0,25245386.0,33732284.0,0.036,0.054,0.12,102768.4,22942.3,15.6,0.3,0.03,2.3,118.6,0.02,15.6,5.8,21.4,16.9,0.3,0.03,2.5,128.1,0.02,16.9,6.3,23.2,97.6,1.9,0.19,11.5,731.7,0.04,97.8,33.4,131.1,217.6,4.2,0.43,25.8,1623.6,0.1,217.9,74.2,292.0,2062321.3,39.0,3.9,299209.0,15660.3,2.1,2064554.3,766467.4,2831021.7,20.41,23.09,0.0,43.5,21.64,24.87,0.0,46.5,12670385.0,1838485.0,14508870.0,132043570.0,112242670.0,530604.2,50348.1,111785.2,0.0,0.0,160897.4,2833811.2,1892239.6,0.0,8223651.0,6150273.5,8173.0,0.0,14057766.0,98024020.0,0.0,430.5,11.0,0.0,0.0,103.3,1374.8,7755.0,0.0,2609.1,770.0,53.5,0.0,6626.8,0.0,26288.7,1721.9,0.0,0.0
HighDemandGrowth,SPP_North,2045,135532320.0,1340436.6,0.0,3045863.2,139918620.0,130657505.5,2196603.8,25904342.0,43312464.0,0.036,0.054,0.12,101189.17,26475.6,11.8,0.2,0.02,1.7,89.8,0.01,11.8,4.4,16.3,13.5,0.3,0.03,2.0,102.4,0.01,13.5,5.0,18.5,91.3,1.7,0.18,10.8,685.8,0.04,91.4,31.2,122.6,198.3,3.8,0.38,23.4,1487.3,0.09,198.5,67.8,266.3,1859467.7,35.1,3.5,275230.9,14135.4,2.0,1861479.9,697024.4,2558504.2,18.52,23.18,0.0,41.69,19.67,25.16,0.0,44.84,17989788.0,4976498.0,22966286.0,157326750.0,137722020.0,1145403.0,50348.1,111659.2,0.0,0.0,252247.5,2343787.5,1850657.6,0.0,7945945.0,6150273.5,6652.1,0.0,23379506.0,114090264.0,0.0,898.2,11.0,0.0,0.0,161.6,1376.2,8882.3,0.0,2609.1,770.0,53.5,0.0,11682.2,0.0,31224.7,3592.6,0.0,0.0
HighDemandGrowth,SPP_North,2050,141547980.0,3585609.5,0.0,3196904.8,148330500.0,136456664.2,-2259828.0,27349676.0,51110776.0,0.036,0.054,0.12,90599.46,28502.2,10.9,0.2,0.02,1.6,82.7,0.01,10.9,4.1,15.0,5.3,0.1,0.01,0.6,40.0,0.0,5.3,1.8,7.1,43.4,0.8,0.08,5.1,326.3,0.02,43.4,14.9,58.3,198.2,3.8,0.39,23.5,1478.5,0.09,198.4,67.5,266.0,1871318.0,35.4,3.6,276625.0,14227.2,2.0,1873342.0,701154.1,2574496.1,17.2,21.31,0.0,38.51,18.37,23.54,0.0,41.91,21963064.0,6980533.0,28943596.0,172091600.0,150590320.0,3061836.0,50348.1,108663.2,0.0,0.0,382638.0,2368432.8,1855742.6,0.0,7899822.5,6150273.5,6154.0,0.0,27527834.0,122679850.0,0.0,2808.0,11.0,0.0,0.0,247.5,1376.2,8876.2,0.0,2609.1,770.0,24.1,0.0,14324.0,0.0,34114.7,11231.9,0.0,0.0
HighDemandGrowth,SPP_South,2025,219804340.0,471281.8,951609.0,1972480.2,223199710.0,211902414.2,82767050.0,5477794.5,13278276.0,0.0359,0.0539,0.12,23198.58,51701.6,251.9,23.0,3.33,13.9,929.3,0.15,253.5,41.7,295.2,275.6,25.3,3.65,15.2,1012.2,0.16,277.3,45.4,322.7,536.5,42.4,6.14,35.8,2316.2,0.34,539.4,104.9,644.3,704.2,60.7,8.79,41.7,2776.0,0.42,708.4,124.6,833.0,58184182.9,5318.4,768.8,3221100.3,214659.8,34.4,58552543.6,9627356.5,68179900.1,31.29,4.98,0.0,36.27,33.29,5.44,0.0,38.74,7025374.5,392191.5,7417566.5,231000200.0,140432660.0,399746.6,117173.8,0.0,42348320.0,0.0,434586.4,29400852.0,1276319.0,0.0,3388337.5,9784525.0,3095702.0,756558.6,8197873.0,131800210.0,0.0,311.1,25.6,13966.8,0.0,258.6,11232.1,8892.1,0.0,1513.3,1225.0,9668.7,444.0,3246.7,0.0,37578.8,1244.4,3552.0,0.0
HighDemandGrowth,SPP_South,2030,247691360.0,459169.8,861589.5,2528368.8,251540510.0,238786390.7,45849904.0,10532846.0,19878080.0,0.0359,0.054,0.12,23191.95,56099.0,96.8,6.7,0.96,7.6,418.9,0.07,97.3,20.1,117.4,106.7,7.5,1.07,8.4,458.4,0.08,107.2,22.0,129.2,356.5,29.1,4.2,22.6,1332.1,0.21,358.6,62.4,420.9,441.1,31.7,4.57,32.5,1817.4,0.29,443.3,86.8,530.0,25261930.7,1752.6,251.5,1994743.5,109284.0,17.9,25382812.4,5256306.1,30639118.5,21.41,4.14,0.0,25.55,22.78,4.48,0.0,27.25,18869540.0,4031043.2,22900584.0,260885730.0,205690610.0,390175.0,117173.8,0.0,12707406.0,0.0,756642.0,24272276.0,1090230.8,0.0,3302276.2,9784525.0,2843131.8,687942.5,54190936.0,150743020.0,0.0,311.1,25.6,5260.6,0.0,454.6,10710.3,7840.8,0.0,1513.3,1225.0,7288.1,444.0,23039.2,0.0,40456.4,1244.4,3552.0,0.0
HighDemandGrowth,SPP_South,2035,319863740.0,913677.1,973621.8,4488395.0,326239460.0,308362368.8,-3319952.8,35821524.0,71932250.0,0.0359,0.054,0.12,75293.74,66043.5,22.1,0.5,0.06,2.9,147.9,0.02,22.1,7.3,29.5,26.0,0.6,0.07,3.4,175.5,0.03,26.0,8.7,34.7,92.5,2.0,0.24,11.1,636.7,0.06,92.6,30.1,122.7,207.0,4.1,0.46,24.6,1500.6,0.11,207.3,69.4,276.6,8008172.1,177.9,22.9,1052445.4,53589.3,7.7,8019727.4,2651514.4,10671241.8,19.52,10.65,0.0,30.17,20.73,11.39,0.0,32.12,40887588.0,9432218.0,50319810.0,362350180.0,329559400.0,777212.2,117173.8,0.0,0.0,0.0,1174216.5,15269990.0,1317528.5,0.0,3230570.5,9784525.0,1510806.9,782964.0,87321870.0,241063330.0,0.0,532.9,25.6,0.0,0.0,708.4,10428.3,8244.9,0.0,1513.3,1225.0,6356.6,444.0,38024.6,0.0,67061.9,2131.5,3552.0,0.0
HighDemandGrowth,SPP_South,2040,384092130.0,6492074.0,984010.8,5906992.5,397475200.0,370279669.5,-15449374.0,42671320.0,93185256.0,0.036,0.054,0.12,84628.39,77811.7,15.4,0.3,0.04,2.0,105.2,0.01,15.4,5.2,20.6,18.7,0.4,0.05,2.5,129.1,0.02,18.7,6.3,25.1,74.7,1.5,0.16,8.9,547.8,0.04,74.8,25.2,100.0,188.4,3.7,0.39,22.3,1387.7,0.09,188.7,63.7,252.4,6879748.1,148.9,18.5,914016.8,47111.0,6.6,6889240.3,2319717.9,9208958.2,18.18,11.6,0.0,29.78,19.39,12.56,0.0,31.95,58769320.0,20789558.0,79558870.0,447989150.0,412924580.0,5526817.0,117173.8,0.0,0.0,0.0,1526367.2,12810064.0,1730295.2,0.0,3231500.8,9784525.0,1073226.9,790962.8,129139890.0,282258340.0,0.0,4237.1,25.6,0.0,0.0,926.7,10481.8,9474.0,0.0,1540.3,1225.0,5961.2,444.0,58430.0,0.0,79740.1,16948.4,3552.0,0.0
HighDemandGrowth,SPP_South,2045,435078980.0,9687936.0,927085.1,6853971.0,452548000.0,419431374.7,-34418184.0,41562616.0,111272910.0,0.036,0.054,0.12,91140.69,89234.5,10.8,0.2,0.03,1.5,77.4,0.01,10.8,3.8,14.6,13.8,0.3,0.03,1.9,99.1,0.01,13.8,4.8,18.6,97.2,1.9,0.2,11.5,714.1,0.05,97.3,32.8,130.1,167.0,3.2,0.34,19.8,1238.6,0.08,167.2,56.7,223.9,5658421.7,116.2,13.4,763399.6,40413.9,5.2,5665549.9,1969158.8,7634708.7,16.26,12.2,0.0,28.46,17.37,13.28,0.0,30.65,89288360.0,28462758.0,117751120.0,522258240.0,486966180.0,8248453.0,117173.8,0.0,0.0,0.0,2204594.2,11174451.0,1531395.4,0.0,3160495.2,9784525.0,529765.2,745850.1,138044030.0,346717500.0,0.0,6460.9,25.6,0.0,0.0,1337.1,10378.8,10847.8,0.0,1540.3,1225.0,4351.0,444.0,64165.6,0.0,101536.4,25843.6,3552.0,0.0
HighDemandGrowth,SPP_South,2050,461309540.0,14248454.0,937233.4,6976367.0,483471550.0,444719771.2,-38779544.0,43852972.0,121802200.0,0.036,0.054,0.12,82848.4,93884.3,10.0,0.2,0.02,1.3,73.8,0.01,10.0,3.5,13.5,12.8,0.2,0.03,1.7,94.7,0.01,12.8,4.5,17.3,97.7,1.9,0.2,11.6,724.6,0.05,97.8,33.2,131.0,164.2,3.1,0.32,19.4,1225.2,0.08,164.3,56.0,220.3,5593712.4,109.2,11.6,751942.7,41440.3,4.7,5600139.8,1988146.2,7588286.0,14.9,10.82,0.0,25.71,15.98,11.86,0.0,27.84,99797100.0,42951504.0,142748600.0,561420800.0,522251170.0,12130943.0,117173.8,0.0,0.0,0.0,3108418.2,10994353.0,2055326.4,0.0,3118783.0,9784525.0,212806.3,755772.2,162555140.0,356587600.0,0.0,9854.3,25.6,0.0,0.0,1893.6,10388.7,11995.4,0.0,1540.3,1225.0,1564.9,444.0,79177.0,0.0,105234.4,39417.0,3552.0,0.0
HighDemandGrowth,WestConnect_North,2025,73881530.0,451820.2,566330.2,395598.4,75295280.0,71224356.5,26590678.0,1109035.8,4471868.0,0.036,0.054,0.12,36182.97,14341.9,299.0,32.6,4.72,11.0,789.4,0.15,301.2,34.5,335.8,323.0,35.2,5.1,11.9,855.0,0.16,325.4,37.4,362.8,675.2,67.1,9.67,30.5,2247.2,0.33,679.8,97.6,777.4,900.5,92.8,13.41,37.8,2753.7,0.44,907.0,119.9,1026.9,23517358.9,2562.1,371.4,863651.4,62090.0,11.5,23695093.9,2717075.8,26412169.7,30.53,6.02,0.0,36.55,32.39,6.52,0.0,38.91,44800.9,376.6,45177.5,78658110.0,48704596.0,386302.8,193828.7,0.0,22343892.0,0.0,1755896.2,4001548.5,0.0,0.0,2570388.8,0.0,0.0,457549.9,8524890.0,38423812.0,0.0,411.5,28.7,6596.5,0.0,1004.0,3247.6,3177.5,0.0,940.9,0.0,520.4,580.8,3348.0,0.0,10756.4,1645.9,4646.4,0.0
HighDemandGrowth,WestConnect_North,2030,88905910.0,582324.0,905759.7,669546.0,91063540.0,85708351.6,13549096.0,5182675.5,7569320.0,0.036,0.054,0.12,36174.42,17038.1,84.2,6.9,0.99,5.1,336.4,0.04,84.7,15.2,99.8,101.1,8.6,1.22,6.0,390.8,0.05,101.7,17.6,119.3,119.4,7.9,1.11,9.0,580.9,0.06,119.9,26.3,146.2,618.6,57.9,8.32,31.3,2067.9,0.3,622.6,93.0,715.6,7866110.9,649.3,92.2,480379.1,31435.3,3.7,7910619.3,1418172.3,9328791.6,24.09,5.55,0.0,29.64,25.65,6.0,0.0,31.65,3084822.2,20225.4,3105047.8,93450184.0,77514440.0,497666.8,158473.1,0.0,5420046.0,0.0,2513076.2,6424144.5,215500.4,0.0,2491171.2,0.0,517.7,728220.9,11089029.0,63912332.0,0.0,411.5,23.9,1703.0,0.0,1442.6,3153.6,1318.2,0.0,940.9,0.0,15.4,580.8,4295.9,0.0,16428.4,1645.9,4646.4,0.0
HighDemandGrowth,WestConnect_North,2035,122200984.0,755266.9,1462642.1,1212855.6,125631760.0,117804737.7,15523920.0,21024028.0,18662554.0,0.036,0.0541,0.12,118735.19,25354.4,27.1,0.5,0.05,3.2,204.4,0.01,27.1,9.3,36.4,31.0,0.6,0.06,3.7,234.3,0.01,31.1,10.7,41.8,125.7,2.4,0.24,14.9,945.2,0.06,125.9,43.0,168.9,221.8,4.3,0.45,26.3,1647.5,0.1,222.1,75.4,297.5,3338118.9,62.9,6.3,399730.6,25194.9,1.5,3341711.9,1150940.4,4492652.3,23.25,18.78,0.0,42.03,24.84,20.31,0.0,45.15,8530271.0,607597.5,9137869.0,123270290.0,110107820.0,642598.3,158473.1,0.0,0.0,0.0,2881412.2,8180210.5,524877.1,0.0,2480293.8,0.0,382.5,1175611.8,25717520.0,81508904.0,0.0,410.7,23.9,0.0,0.0,1662.8,4742.0,3380.6,0.0,940.9,0.0,15.4,580.8,10214.4,0.0,21663.0,1643.0,4646.4,0.0
HighDemandGrowth,WestConnect_North,2040,153084100.0,857669.0,1416922.5,1691395.6,157050080.0,147576868.8,10825722.0,27096244.0,27546572.0,0.036,0.054,0.12,78726.75,34023.2,16.5,0.3,0.03,2.0,124.3,0.01,16.5,5.7,22.2,19.4,0.4,0.04,2.3,146.2,0.01,19.4,6.7,26.1,84.8,1.6,0.16,10.0,637.9,0.04,84.9,29.0,113.9,201.0,3.8,0.39,23.8,1505.1,0.09,201.2,68.6,269.8,2593095.7,48.9,4.9,311718.4,19573.7,1.1,2595886.6,895328.8,3491215.4,21.84,12.4,0.0,34.24,23.3,13.36,0.0,36.67,13670093.0,594335.9,14264429.0,157500420.0,146224370.0,731138.0,158473.1,0.0,0.0,0.0,2932831.5,6373015.0,386567.7,0.0,2486028.5,0.0,182.3,1140649.0,25693894.0,117597650.0,0.0,479.3,23.9,0.0,0.0,1691.0,4742.0,3380.6,0.0,940.9,0.0,15.4,580.8,10202.0,0.0,30931.9,1917.1,4646.4,0.0
HighDemandGrowth,WestConnect_North,2045,176282000.0,831802.7,1474204.9,2135847.8,180723860.0,169938528.1,22276546.0,41830060.0,30788180.0,0.036,0.0541,0.12,117010.63,39953.3,15.7,0.3,0.03,1.9,118.5,0.01,15.7,5.4,21.1,17.6,0.3,0.03,2.1,133.1,0.01,17.7,6.1,23.8,108.5,2.1,0.21,12.8,815.7,0.05,108.6,37.1,145.8,180.8,3.4,0.35,21.4,1355.1,0.08,181.0,61.8,242.7,2664160.7,50.2,5.0,318579.3,20108.9,1.2,2667027.7,918145.6,3585173.2,19.98,19.32,-0.07,39.24,21.31,20.82,-0.07,42.07,15801619.0,138915.4,15940536.0,169681980.0,158447310.0,707576.2,121644.3,0.0,0.0,0.0,3298456.8,5759947.0,976550.2,0.0,2483585.8,0.0,0.0,1185362.8,28873220.0,126275630.0,0.0,479.3,18.9,0.0,0.0,1900.8,4687.0,12660.9,0.0,940.9,0.0,15.4,580.8,11173.4,0.0,33046.5,1917.1,4646.4,0.0
HighDemandGrowth,WestConnect_North,2050,197299800.0,854280.7,1683692.4,2268792.2,202106580.0,190200620.4,28461604.0,49794476.0,32589348.0,0.036,0.0541,0.12,34180.17,45085.3,13.9,0.3,0.03,1.7,104.7,0.01,13.9,4.8,18.7,15.3,0.3,0.03,1.8,115.6,0.01,15.3,5.3,20.6,97.9,1.9,0.19,11.6,737.1,0.04,98.0,33.5,131.6,185.5,3.5,0.36,21.9,1389.0,0.08,185.7,63.3,249.0,2565112.6,48.3,4.8,306878.9,19361.5,1.1,2567873.1,884158.6,3452031.7,18.92,5.6,-0.03,24.7,20.19,6.01,-0.02,26.41,16710232.0,1092503.6,17802736.0,184901440.0,173644960.0,727349.6,121644.3,0.0,0.0,0.0,3897379.2,5795472.0,779197.3,0.0,2478584.0,0.0,8.3,1354221.4,42826196.0,126921390.0,0.0,479.3,18.9,0.0,0.0,2245.2,4342.9,10870.1,0.0,940.9,0.0,10.0,580.8,16887.0,0.0,33175.1,1917.1,4646.4,0.0
HighDemandGrowth,WestConnect_South,2025,125103000.0,3151294.0,282294.8,583499.6,129120090.0,120607134.2,95447656.0,3580172.0,3587851.5,0.0359,0.0539,0.12,86025.49,30803.5,277.1,24.9,3.56,17.1,1127.4,0.18,278.8,50.8,329.6,288.1,25.7,3.68,17.9,1184.9,0.19,289.9,53.3,343.2,467.7,27.4,3.76,38.6,2955.5,0.22,469.5,126.8,596.3,634.9,43.7,6.12,46.5,3529.1,0.31,637.9,151.7,789.6,35780444.9,3216.2,459.9,2209835.3,145576.8,23.4,36001841.9,6554421.1,42556263.1,35.39,17.93,0.0,53.33,37.71,19.93,0.0,57.65,9360.8,2094.3,11455.1,129127770.0,33672428.0,2682260.5,240248.2,0.0,26394012.0,0.0,5171816.5,22524286.0,1660876.5,63911.2,10164722.0,31446268.0,54241.0,224513.2,17802034.0,10698578.0,0.0,2145.2,36.1,4501.1,0.0,2708.4,13180.6,4544.1,8.6,2803.6,3937.0,1545.0,216.3,6445.7,0.0,3262.5,8580.7,1730.4,0.0
HighDemandGrowth,WestConnect_South,2030,140778130.0,4127819.5,553303.6,791647.4,146250900.0,135718975.7,75271990.0,3694641.5,9333061.0,0.0359,0.0539,0.12,85824.03,34778.9,145.9,12.2,1.74,10.5,576.8,0.11,146.7,27.8,174.5,157.3,13.1,1.85,11.5,628.6,0.12,158.2,30.2,188.4,176.5,8.1,1.07,16.6,1060.5,0.08,177.0,48.2,225.3,603.3,49.2,6.98,37.1,2427.9,0.29,606.7,109.6,716.2,22157745.8,1856.1,263.8,1599941.3,87605.9,16.8,22285088.8,4215183.8,26500272.6,25.09,17.65,0.0,42.73,26.88,19.74,0.0,46.62,676999.7,933886.2,1610901.2,151889310.0,70978904.0,3505342.5,240248.2,0.0,14751846.0,25843.3,6401708.0,18791886.0,291888.0,61673.3,11355892.0,31446268.0,22887.7,442483.4,37223260.0,27328092.0,0.0,2479.3,36.1,4120.1,6.2,3388.5,12892.1,3497.6,8.6,3200.6,3937.0,986.0,216.3,13585.8,0.0,7418.7,9917.1,1730.4,0.0
HighDemandGrowth,WestConnect_South,2035,173875260.0,7985878.5,664041.0,1565082.4,184090270.0,167626237.6,71603910.0,16211064.0,15441386.0,0.0359,0.0539,0.12,88876.79,40713.8,42.8,0.8,0.08,6.6,326.1,0.05,42.8,16.3,59.2,50.0,0.9,0.09,7.5,380.7,0.06,50.1,18.9,68.9,149.4,2.8,0.29,17.7,1122.3,0.07,149.6,51.1,200.7,279.5,5.3,0.54,33.1,2094.1,0.13,279.8,95.5,375.3,7842568.2,148.1,14.9,1211948.5,59785.2,9.7,7851034.8,2996197.9,10847232.7,25.42,17.05,0.0,42.47,27.67,19.36,0.0,47.03,2972094.0,7425551.0,10397661.0,183320590.0,112486360.0,6802181.0,224043.6,0.0,0.0,19048.5,6314922.0,20133360.0,417163.2,57826.9,11206484.0,31446268.0,13853.5,533054.0,62639080.0,43513316.0,0.0,4631.6,33.9,0.0,6.2,3389.5,12548.1,3497.6,8.6,3200.6,3937.0,554.0,216.3,24776.7,0.0,12386.6,18526.4,1730.4,0.0
HighDemandGrowth,WestConnect_South,2040,207073710.0,19975920.0,1264135.0,2130304.2,230444060.0,199631153.3,68716600.0,18640700.0,29583818.0,0.0359,0.0539,0.12,82643.28,47438.5,29.6,0.6,0.06,4.7,226.2,0.04,29.7,11.4,41.1,39.3,0.7,0.07,6.0,299.7,0.05,39.4,14.9,54.3,96.9,1.8,0.18,11.4,729.0,0.04,97.0,33.2,130.2,261.2,4.9,0.5,30.9,1967.7,0.11,261.5,89.5,351.0,7151261.3,134.9,13.5,1130178.0,54610.6,9.4,7158966.5,2760140.3,9919106.8,24.39,14.8,0.0,39.2,27.32,17.64,0.0,44.96,4807194.5,17786524.0,22593796.0,241387180.0,161727470.0,16989264.0,224043.6,0.0,0.0,16821.2,6260731.5,18519424.0,258397.7,54775.6,11153382.0,31446268.0,4910.2,1009257.2,95237820.0,60212090.0,0.0,11098.1,33.9,0.0,6.2,3410.8,12548.1,3497.6,8.6,3200.6,3937.0,229.0,414.4,39952.1,0.0,17185.2,47398.0,3315.4,0.0
HighDemandGrowth,WestConnect_South,2045,234965550.0,22399544.0,1272298.4,2248269.2,260885660.0,226520098.9,73588620.0,21357932.0,30766704.0,0.0359,0.0539,0.12,95014.15,53101.0,27.5,0.5,0.05,4.3,210.0,0.04,27.5,10.6,38.1,39.9,0.8,0.08,5.9,304.1,0.04,40.0,15.0,55.0,131.0,2.5,0.25,15.5,987.4,0.06,131.2,44.9,176.1,244.9,4.6,0.47,28.9,1844.0,0.11,245.1,83.9,329.1,7433583.0,140.1,14.0,1163481.7,56759.8,9.5,7441584.2,2857519.9,10299104.0,22.32,16.86,0.0,39.18,25.2,19.98,0.0,45.18,7066521.0,31436972.0,38503550.0,270294430.0,187297040.0,19057358.0,224043.6,0.0,0.0,14631.6,6332814.0,19962088.0,133548.4,41616.2,11115273.0,31446268.0,835.9,1016364.9,110696640.0,70252950.0,0.0,11647.1,33.9,0.0,6.2,3469.7,13919.0,3499.8,7.0,3200.6,3937.0,175.0,414.4,49796.6,0.0,20392.7,53127.8,3315.4,0.0
HighDemandGrowth,WestConnect_South,2050,254818200.0,41145600.0,1280354.6,2178443.8,299422620.0,245659469.9,84877000.0,19913016.0,29197946.0,0.0359,0.0539,0.12,87117.98,57221.4,18.3,0.3,0.03,3.1,140.2,0.03,18.3,7.3,25.6,27.3,0.5,0.05,4.3,208.7,0.04,27.3,10.6,37.9,118.8,2.2,0.22,14.0,895.7,0.05,118.9,40.7,159.7,232.3,4.4,0.44,27.5,1750.7,0.1,232.6,79.7,312.2,5647407.8,106.4,10.6,951572.8,43283.7,8.7,5653485.2,2243811.7,7897296.9,19.22,14.92,0.0,34.14,22.77,18.79,0.0,41.56,7391961.5,47454580.0,54846540.0,308707550.0,214545620.0,35013508.0,205629.2,0.0,0.0,13522.4,6541068.0,15293661.0,108361.7,0.0,11071530.0,31446268.0,0.0,1022973.1,138759650.0,69231384.0,0.0,18142.1,31.4,0.0,6.2,3623.6,14544.6,3499.8,0.0,3200.6,3937.0,175.0,414.4,64836.8,0.0,20228.5,99906.1,3315.4,0.0
LowNGPrice,CAISO,2025,302088420.0,19995150.0,3338820.8,1194491.1,326616900.0,291230391.5,213294900.0,25691360.0,486534.8,0.0359,0.0539,0.12,146175.26,69792.5,132.2,2.5,0.25,16.8,1231.3,0.07,132.4,53.5,185.8,141.5,3.0,0.32,17.7,1294.0,0.08,141.7,56.3,198.0,230.3,7.1,0.88,25.1,1891.2,0.12,230.7,81.5,312.2,521.7,22.0,2.91,51.3,3857.6,0.27,523.1,166.3,689.4,39848521.8,756.1,76.6,5054026.1,371139.6,22.1,39891957.9,16120018.8,56011976.7,39.33,27.06,0.0,66.39,42.11,31.42,0.0,73.53,0.0,0.0,0.0,301412060.0,113322000.0,17000784.0,4835026.0,0.0,0.0,0.0,24006458.0,97313656.0,3814366.8,14791661.0,29476804.0,17891704.0,328407.4,2637663.5,68728720.0,20586816.0,0.0,13651.7,749.1,0.0,0.0,14254.5,19797.0,11040.1,1986.3,10220.7,2240.0,1033.5,3911.9,24846.3,0.0,6968.7,54606.8,31295.2,0.0
LowNGPrice,CAISO,2030,338845600.0,22883094.0,11130683.0,1374064.4,374233440.0,326665887.5,212849820.0,28465770.0,1498108.5,0.0359,0.0539,0.12,146170.72,77478.1,112.3,2.1,0.22,13.8,843.4,0.05,112.4,38.9,151.4,122.4,2.5,0.27,14.9,908.1,0.06,122.5,42.0,164.5,116.8,2.5,0.26,13.6,864.5,0.05,117.0,39.4,156.3,470.7,23.3,3.13,42.7,2728.9,0.22,472.2,124.1,596.3,39004353.6,741.5,75.4,4789793.7,292874.0,18.2,39047026.5,13522419.6,52569446.1,27.95,26.84,0.0,54.79,30.36,31.85,0.0,62.21,7348.9,626944.5,637572.7,347265760.0,161383600.0,19454774.0,4655301.5,0.0,0.0,0.0,27879974.0,96828020.0,3526616.5,21333622.0,30795258.0,0.0,382134.0,8906446.0,95832730.0,37529684.0,141211.6,14166.7,724.7,0.0,0.0,16545.0,22240.6,10927.5,2878.3,10705.1,0.0,614.6,5111.9,35072.9,60.0,12287.3,56666.9,40895.2,0.0
LowNGPrice,CAISO,2035,403000160.0,41580124.0,12195499.0,1843784.4,458619550.0,388514547.3,239359060.0,45042104.0,1855780.8,0.0359,0.0539,0.12,103595.25,89524.5,76.3,1.4,0.15,9.2,574.2,0.03,76.4,26.3,102.7,63.3,1.2,0.12,7.7,476.2,0.03,63.3,21.9,85.2,59.4,1.1,0.12,7.0,443.5,0.03,59.5,20.3,79.7,326.6,6.2,0.62,38.6,2456.7,0.14,326.9,111.8,438.8,31703263.4,600.6,60.6,3826081.1,238537.4,14.4,31737712.7,10938415.7,42676128.5,25.91,18.26,0.0,44.17,28.66,22.31,0.0,50.97,72291.3,1794173.4,1883793.6,415433250.0,219260500.0,35342856.0,2293102.8,0.0,0.0,0.0,26826818.0,80424264.0,1970887.2,33723532.0,32512848.0,0.0,187342.4,9717905.0,136787520.0,39411676.0,16234486.0,25763.5,404.0,0.0,0.0,15924.8,22130.6,10531.6,4689.7,11240.2,0.0,614.6,5111.9,49390.6,3683.0,12456.1,103054.1,40895.2,0.0
LowNGPrice,CAISO,2040,459452320.0,62372584.0,12888526.0,2344329.8,537057700.0,442936919.5,263797600.0,52773370.0,3796344.0,0.0359,0.0539,0.12,138413.33,104375.7,65.0,1.2,0.12,7.8,489.8,0.03,65.1,22.4,87.5,42.8,0.8,0.08,5.2,322.6,0.02,42.8,14.8,57.6,39.9,0.8,0.08,4.7,301.0,0.02,39.9,13.7,53.6,324.8,6.2,0.63,38.4,2436.9,0.15,325.1,111.1,436.2,31717780.5,599.1,60.2,3813016.5,239078.2,14.2,31752058.8,10941412.0,42693470.8,24.46,24.3,0.0,48.76,27.44,30.51,0.0,57.96,80622.2,3876187.2,3964091.2,488080700.0,273260130.0,52975056.0,1946912.2,0.0,0.0,0.0,26857510.0,81746320.0,1518866.0,33754760.0,32514404.0,0.0,90538.4,10273744.0,171962140.0,41330864.0,33109596.0,38598.4,357.0,0.0,0.0,15944.1,23090.6,10401.2,4736.2,11240.9,0.0,169.2,5111.9,62823.1,7602.0,12799.1,154393.6,40895.2,0.0
LowNGPrice,CAISO,2045,519194720.0,86916370.0,13381478.0,2567026.0,622059600.0,500531791.5,319421470.0,63970196.0,7086233.0,0.0359,0.0539,0.12,131898.46,119229.3,47.5,0.9,0.09,5.7,358.0,0.02,47.5,16.4,63.9,21.8,0.4,0.04,2.6,164.8,0.01,21.9,7.6,29.4,20.4,0.4,0.04,2.4,153.5,0.01,20.4,7.0,27.4,308.9,5.8,0.59,36.5,2327.4,0.14,309.2,105.9,415.1,26829526.0,506.5,50.8,3235222.9,202326.5,12.0,26858487.3,9267826.2,36126313.5,21.94,23.0,0.0,44.94,25.12,29.66,0.0,54.78,200816.1,6661513.5,6874233.0,565175600.0,302638100.0,73844344.0,1946912.2,0.0,0.0,0.0,27252998.0,70033550.0,882838.3,72567710.0,32513788.0,0.0,55433.6,10692938.0,207188020.0,34967284.0,33229820.0,54154.1,357.0,0.0,0.0,16196.3,22406.2,9166.4,9931.8,11240.9,0.0,166.4,5111.9,76173.2,7602.0,11834.5,216616.5,40895.2,0.0
LowNGPrice,CAISO,2050,571970240.0,97925336.0,12891735.0,2842500.0,685629760.0,551410387.5,348177700.0,85646290.0,6424114.0,0.0359,0.0539,0.12,145864.63,132836.7,41.9,0.8,0.08,5.1,315.9,0.02,41.9,14.5,56.4,21.6,0.4,0.04,2.6,162.8,0.01,21.6,7.5,29.1,20.3,0.4,0.04,2.4,152.5,0.01,20.3,6.9,27.2,299.4,5.7,0.57,35.4,2256.1,0.13,299.7,102.6,402.3,25393154.0,479.1,48.0,3065333.7,191570.8,11.3,25420534.8,8777239.6,34197774.3,21.25,25.77,0.0,47.02,24.47,33.24,0.0,57.71,195577.6,6312840.5,6522195.5,606407600.0,337452060.0,83256850.0,1946912.2,0.0,0.0,0.0,28508676.0,67836570.0,403852.2,72674970.0,32513760.0,0.0,33779.3,10288843.0,227339040.0,48261268.0,33343092.0,58689.0,357.0,0.0,0.0,16938.0,23230.9,8797.2,9955.1,11240.9,0.0,166.4,5111.9,82915.7,7602.0,14854.8,248848.3,40895.2,0.0
LowNGPrice,ERCOT,2025,425158500.0,8274597.0,3649.0,4366213.5,437802940.0,409876108.4,220473780.0,412675.0,1207755.8,0.0359,0.0539,0.12,105103.37,98005.9,234.8,17.4,2.45,17.0,1217.8,0.13,236.0,53.3,289.3,249.3,18.4,2.6,18.0,1293.7,0.14,250.6,56.6,307.2,409.1,15.3,1.96,41.6,3220.3,0.19,410.0,137.7,547.7,607.0,38.5,5.43,48.5,3432.0,0.35,609.6,150.9,760.5,102982684.6,7610.7,1072.7,7434325.5,534143.6,58.3,103502334.3,23367710.6,126870044.9,33.16,20.28,0.0,53.44,35.28,22.37,0.0,57.65,569562.6,562133.2,1131695.8,438598050.0,217329180.0,7010115.0,599889.2,0.0,59116532.0,0.0,4564346.0,111442344.0,1179191.1,0.0,656955.2,39777090.0,1483818.9,2917.1,85591340.0,127173490.0,0.0,7596.7,100.6,14254.2,0.0,2951.8,36165.7,8767.2,0.0,562.7,4980.0,9669.0,5.0,34348.9,0.0,37044.2,30386.6,40.0,0.0
LowNGPrice,ERCOT,2030,464481200.0,14437664.0,6898.8,5269820.5,484195650.0,447784673.2,165373150.0,588816.5,1894306.8,0.0359,0.0539,0.12,105077.74,104592.7,98.2,3.1,0.39,11.3,660.7,0.06,98.4,31.0,129.4,105.9,3.4,0.42,12.2,712.7,0.07,106.2,33.5,139.6,156.7,5.0,0.62,16.8,1055.6,0.07,157.0,48.3,205.3,398.2,15.2,2.04,41.1,2425.8,0.24,399.2,113.5,512.7,47677161.9,1512.0,188.3,5487788.4,320787.8,31.3,47773613.4,15055821.6,62829435.0,20.86,19.45,0.0,40.31,22.51,21.67,0.0,44.18,12798846.0,19109712.0,31908560.0,485501120.0,318822500.0,12214216.0,599889.2,0.0,6074105.0,0.0,10533125.0,104330130.0,1512741.6,0.0,640413.9,39777090.0,1524550.6,5514.0,123322060.0,184967280.0,0.0,9947.2,100.6,11350.2,0.0,6852.1,38648.7,8441.8,0.0,562.7,4980.0,7439.0,5.0,55128.0,0.0,49503.7,39788.8,40.0,0.0
LowNGPrice,ERCOT,2035,525760670.0,17584020.0,9480.1,4903796.0,548258000.0,506860963.5,130954030.0,2732013.2,13152821.0,0.0359,0.0539,0.12,107042.66,116447.0,59.1,1.2,0.12,7.7,435.5,0.04,59.1,20.7,79.8,65.3,1.3,0.14,8.5,480.3,0.05,65.4,22.8,88.1,77.9,1.6,0.17,9.3,563.3,0.04,78.0,26.1,104.0,277.0,5.7,0.67,33.1,1960.2,0.16,277.4,91.5,368.9,32999309.0,647.1,69.5,4283529.1,243310.2,24.4,33037555.7,11540841.5,44578397.1,18.99,18.69,0.0,37.68,20.59,20.77,0.0,41.36,22294470.0,55392290.0,77686760.0,558678800.0,417303940.0,14897363.0,599889.2,0.0,0.0,0.0,14696971.0,82452360.0,1641235.9,0.0,623429.0,39777090.0,1375948.0,7523.3,155920820.0,246686160.0,0.0,11440.4,100.6,0.0,0.0,9563.8,39917.9,7949.8,0.0,562.7,4980.0,6789.0,5.0,81653.5,0.0,70308.4,45761.6,40.0,0.0
LowNGPrice,ERCOT,2040,587656450.0,25263090.0,9924.7,5025014.0,617954400.0,566531050.5,157112320.0,4186911.2,14647754.0,0.0359,0.0539,0.12,114048.52,130783.0,62.8,1.2,0.12,8.0,469.5,0.04,62.8,22.0,84.9,69.6,1.3,0.14,8.9,520.2,0.05,69.7,24.4,94.1,105.7,2.0,0.21,12.5,784.9,0.05,105.8,35.9,141.7,282.8,5.6,0.61,33.6,2062.3,0.15,283.1,95.1,378.2,39444032.8,756.6,78.2,5037026.8,295049.9,26.2,39487920.4,13836669.7,53324590.1,19.15,20.61,0.0,39.75,20.86,23.16,0.0,44.02,22504418.0,50184090.0,72688504.0,628415300.0,460842140.0,21420966.0,599889.2,0.0,0.0,0.0,15951059.0,101546290.0,2839297.2,0.0,636227.5,39777090.0,745506.9,7898.9,184269710.0,260621360.0,0.0,16599.0,100.6,0.0,0.0,10372.1,46011.3,20477.1,0.0,562.7,4980.0,5521.0,5.0,90849.4,0.0,72443.3,66396.0,40.0,0.0
LowNGPrice,ERCOT,2045,636437900.0,25040226.0,10076.8,4835874.5,666324030.0,613559404.8,145277000.0,4884124.5,20170804.0,0.0359,0.0539,0.12,108629.95,143357.6,54.6,1.0,0.11,7.0,408.4,0.04,54.6,19.2,73.8,60.7,1.2,0.12,7.8,454.3,0.04,60.8,21.3,82.1,65.7,1.3,0.13,7.8,492.5,0.03,65.8,22.5,88.2,249.3,4.9,0.52,29.6,1836.3,0.12,249.5,84.3,333.9,37186476.3,712.7,73.5,4769423.3,278378.5,25.1,37227782.7,13071957.3,50299740.0,17.12,19.78,0.0,36.89,18.61,22.13,0.0,40.74,41178412.0,97412370.0,138590780.0,681610750.0,521047040.0,21237882.0,599889.2,0.0,0.0,0.0,18276174.0,93566430.0,4099402.8,0.0,612871.0,39777090.0,662068.4,8040.5,199377400.0,303393470.0,0.0,16835.8,100.6,0.0,0.0,11865.6,44835.3,19278.1,0.0,562.7,4980.0,3273.2,5.0,113472.2,0.0,86355.0,67343.2,40.0,0.0
LowNGPrice,ERCOT,2050,681266500.0,31855468.0,9146.8,4791860.0,717923000.0,656777344.2,151249740.0,5994823.0,21768744.0,0.0359,0.0539,0.12,110157.11,158003.7,50.1,0.9,0.09,6.4,378.5,0.03,50.1,17.7,67.8,56.1,1.1,0.11,7.2,423.7,0.04,56.1,19.8,75.9,72.5,1.4,0.14,8.6,546.1,0.03,72.6,24.8,97.4,233.9,4.5,0.46,27.7,1750.1,0.11,234.2,79.9,314.1,36734839.0,693.8,69.7,4709240.2,277684.1,24.0,36774528.5,12990787.8,49765316.4,15.39,20.44,0.0,35.84,16.79,23.06,0.0,39.86,56744800.0,110152216.0,166897020.0,733696900.0,566673300.0,26975834.0,599889.2,0.0,0.0,0.0,22390518.0,95439220.0,3543593.5,0.0,597768.8,39777090.0,82969.9,7296.8,216566430.0,327716320.0,0.0,22718.4,100.6,0.0,0.0,14511.8,48813.8,21446.8,0.0,562.7,4980.0,1259.2,5.0,124432.0,0.0,94375.8,90873.6,40.0,0.0
LowNGPrice,FRCC,2025,271088480.0,629901.6,0.0,41284.1,271759650.0,261346536.3,246734900.0,1253040.2,148836.0,0.0359,0.0539,0.12,127239.76,65740.5,353.2,16.1,2.13,34.9,2590.7,0.19,354.3,112.1,466.5,367.2,16.8,2.22,36.2,2688.1,0.19,368.3,116.4,484.7,383.8,7.6,0.78,45.1,3550.9,0.17,384.3,150.9,535.2,444.2,10.3,1.21,51.7,3843.7,0.24,444.8,166.3,611.1,95609002.3,4357.5,576.0,9443889.8,701187.3,50.5,95896112.3,30353069.8,126249182.1,42.52,26.17,0.0,68.69,45.03,28.24,0.0,73.26,0.0,0.0,0.0,270655460.0,25024752.0,539030.0,3635373.5,0.0,26695728.0,0.0,2802890.2,183180000.0,1519801.4,0.0,216437.4,29281690.0,562644.4,0.0,22221862.0,0.0,0.0,688.2,672.4,3764.2,0.0,1771.9,38501.9,8691.8,0.0,54.5,3666.0,4583.5,0.0,9294.3,0.0,0.0,2752.9,0.0,0.0
LowNGPrice,FRCC,2030,295049900.0,2901092.8,0.0,40635.7,297991600.0,284446937.9,268698000.0,685591.0,630087.1,0.0359,0.0539,0.12,127237.38,69467.1,301.1,8.1,0.94,34.9,2140.9,0.15,301.6,98.8,400.4,315.1,8.5,0.98,36.5,2239.9,0.16,315.6,103.3,419.0,286.4,11.8,1.56,28.3,1767.1,0.14,287.2,81.0,368.1,458.2,16.6,2.14,47.4,2945.4,0.23,459.2,135.2,594.4,89714623.0,2404.3,279.4,10405406.6,637841.8,46.1,89862537.3,29425681.6,119288218.9,30.97,26.09,0.0,57.06,32.84,28.37,0.0,61.2,0.0,0.0,0.0,297936130.0,29293622.0,2483859.0,3694621.5,0.0,7549335.0,0.0,5482469.0,224745060.0,593471.6,0.0,229464.0,29281690.0,64988.5,0.0,23385820.0,425332.6,0.0,2553.2,680.4,3764.2,0.0,3463.9,47162.6,8517.8,0.0,57.5,3666.0,4161.5,0.0,9666.8,0.0,200.0,10212.9,0.0,0.0
LowNGPrice,FRCC,2035,330842620.0,21567270.0,0.0,289300.1,352699170.0,318953400.5,235861550.0,1918349.2,2237408.5,0.0359,0.0539,0.12,114758.61,77729.2,191.1,3.6,0.36,23.9,1443.9,0.1,191.3,66.9,258.2,210.4,4.0,0.4,26.3,1589.8,0.11,210.6,73.7,284.3,185.1,3.6,0.38,21.9,1372.2,0.09,185.3,62.8,248.1,378.2,7.4,0.78,44.8,2793.5,0.18,378.6,128.1,506.7,67461808.1,1272.2,127.4,8422185.5,509737.7,36.0,67534486.1,23622197.0,91156683.1,30.53,21.95,0.0,52.48,32.84,25.13,0.0,57.97,1559.8,670633.0,672192.7,353018240.0,116837610.0,18364116.0,3694621.5,0.0,0.0,0.0,8874118.0,184207490.0,363268.0,0.0,229426.3,29281690.0,40027.5,0.0,107536500.0,426990.7,0.0,13092.1,680.4,0.0,0.0,5616.0,46990.6,8420.8,0.0,57.5,3666.0,3929.5,0.0,44240.4,0.0,200.0,52368.5,0.0,0.0
LowNGPrice,FRCC,2040,372987650.0,28147652.0,0.0,467363.8,401602700.0,359583936.5,257742640.0,2488484.2,4202227.0,0.0359,0.0539,0.12,112300.23,88067.4,181.6,3.4,0.34,22.6,1372.2,0.1,181.8,63.5,245.3,201.5,3.8,0.38,25.1,1522.3,0.11,201.7,70.5,272.1,212.8,4.0,0.4,25.1,1604.8,0.09,213.0,73.0,286.0,360.7,6.9,0.72,42.7,2688.6,0.17,361.1,122.9,483.9,73240434.3,1380.7,138.2,9104607.8,553427.4,38.5,73319296.3,25607247.5,98926543.8,29.59,21.58,0.0,51.18,31.9,24.96,0.0,56.86,1867.6,1350445.1,1352312.8,403316400.0,143860030.0,23965006.0,3694621.5,0.0,0.0,0.0,10796794.0,202055120.0,207905.8,0.0,229350.7,29281690.0,22695.8,0.0,132628504.0,434728.6,0.0,17800.6,680.4,0.0,0.0,6860.2,53912.5,8408.8,0.0,57.5,3666.0,3744.2,0.0,54768.7,0.0,200.0,71202.3,0.0,0.0
LowNGPrice,FRCC,2045,414660220.0,28862252.0,0.0,500609.4,444023100.0,399759023.0,280073400.0,3237229.8,3336144.0,0.0359,0.0539,0.12,115571.35,98629.6,179.6,3.4,0.34,22.1,1357.3,0.09,179.8,62.6,242.4,198.2,3.7,0.37,24.4,1497.5,0.1,198.4,69.1,267.5,184.1,3.5,0.35,21.8,1387.9,0.08,184.3,63.1,247.5,339.6,6.4,0.64,40.1,2559.4,0.15,340.0,116.4,456.5,79785589.9,1503.8,150.4,9826941.2,602825.9,41.1,79871466.4,27802364.2,107673830.6,27.63,22.53,0.0,50.16,29.79,25.94,0.0,55.73,3515.3,2314036.2,2317551.5,444122020.0,163949650.0,24576060.0,3179018.0,0.0,0.0,0.0,13223597.0,222817310.0,80793.4,0.0,229313.0,29281690.0,8148.6,0.0,150288140.0,437908.9,0.0,19019.2,610.4,0.0,0.0,8403.5,64530.7,8334.8,0.0,57.5,3666.0,3272.2,0.0,61830.9,0.0,200.0,76076.9,0.0,0.0
LowNGPrice,FRCC,2050,456684600.0,42157064.0,0.0,701017.6,499542620.0,440273340.2,300208160.0,3775923.5,3784023.2,0.0359,0.0539,0.12,112859.21,109670.4,165.1,3.1,0.31,20.3,1247.3,0.08,165.3,57.5,222.8,186.2,3.5,0.35,22.9,1406.9,0.1,186.4,64.9,251.3,199.0,3.8,0.38,23.5,1501.0,0.09,199.2,68.3,267.5,340.0,6.4,0.64,40.2,2566.0,0.15,340.4,116.7,457.1,82465415.3,1554.2,155.4,10143414.3,623086.4,42.2,82554159.8,28722914.0,111277073.8,25.17,21.71,0.0,46.89,27.32,25.54,0.0,52.86,4030.1,4061899.2,4065929.5,499550800.0,199334500.0,35887600.0,3179018.0,0.0,0.0,0.0,14385619.0,231615020.0,23531.8,0.0,229275.2,29281690.0,114.8,0.0,184508270.0,440612.0,0.0,28469.0,610.4,0.0,0.0,9160.5,68326.7,7441.8,0.0,57.5,3666.0,2267.1,0.0,75932.0,0.0,200.0,113876.0,0.0,0.0
LowNGPrice,ISONE,2025,129221030.0,328890.1,1494695.2,672248.5,131716860.0,124575028.5,106627460.0,196016.7,309716.4,0.0359,0.054,0.12,29103.63,31551.0,150.3,2.9,0.3,21.5,1387.2,0.12,150.5,62.8,213.3,158.4,3.1,0.32,22.6,1461.5,0.13,158.6,66.2,224.8,219.0,4.7,0.57,26.2,1859.0,0.14,219.3,81.6,300.9,428.1,10.3,1.31,50.3,3522.5,0.28,428.8,155.4,584.2,19812322.1,382.3,39.9,2830630.0,182871.5,15.7,19834613.6,8284479.3,28119092.9,37.3,5.94,0.0,43.23,39.51,6.51,0.0,46.02,509663.8,814048.0,1323711.8,131830570.0,25089408.0,279824.9,5986378.0,15053875.0,0.0,0.0,5745848.5,50250384.0,418585.0,0.0,6955789.0,26081950.0,529684.4,1184688.8,5167080.0,7393723.0,6782757.0,246.2,979.2,486.0,0.0,4366.9,13615.9,2132.7,0.0,1959.1,3265.4,5115.3,1830.4,3030.0,1695.4,2351.4,984.7,14643.2,0.0
LowNGPrice,ISONE,2030,141726900.0,513849.9,2207977.8,610066.5,145058780.0,136630937.2,89393910.0,1040739.8,1235337.2,0.0359,0.054,0.12,29104.0,34348.6,89.8,1.7,0.18,13.8,670.5,0.09,89.9,33.8,123.7,95.3,1.9,0.2,14.6,710.7,0.09,95.4,35.8,131.2,172.7,3.9,0.5,20.8,1142.6,0.13,173.0,54.9,227.9,369.5,8.3,1.02,43.8,2534.5,0.23,370.0,119.4,489.4,13040691.7,252.8,26.6,2002325.3,97390.3,12.5,13055492.3,4907954.9,17963447.2,22.71,5.57,0.0,28.27,24.18,6.11,0.0,30.28,2157669.2,1057281.6,3214951.0,145253390.0,55664870.0,435315.0,5308728.0,15608141.0,0.0,0.0,7829751.0,32777836.0,479518.4,0.0,6723390.5,26081950.0,416540.5,1757092.2,6944353.0,11152440.0,29738330.0,384.7,887.2,0.0,0.0,5923.0,12332.2,1804.7,0.0,1963.8,3265.4,1601.4,1801.0,3984.7,7502.0,3491.5,1539.0,14408.0,0.0
LowNGPrice,ISONE,2035,158269010.0,2366672.0,2272234.5,609092.0,163517010.0,152577970.7,91704800.0,1889008.2,3898801.5,0.0359,0.054,0.12,119485.88,38390.1,85.7,1.7,0.18,12.4,633.9,0.08,85.8,31.3,117.1,77.3,1.5,0.17,11.3,568.7,0.07,77.4,28.2,105.6,89.5,1.8,0.2,10.6,650.7,0.05,89.6,30.0,119.6,407.5,9.1,1.17,49.0,2711.6,0.29,408.1,129.9,538.0,14180991.4,278.0,29.8,2049679.1,104934.2,12.9,14197415.5,5180227.7,19377643.1,26.17,22.43,1.69,50.32,28.04,24.83,1.79,54.69,582927.2,172467.3,755394.5,165526800.0,71812210.0,2000909.8,3461395.5,16908104.0,0.0,0.0,9709102.0,34828960.0,670115.6,0.0,7320003.0,26081950.0,625810.5,1817346.0,7530675.0,17750996.0,36821436.0,2446.4,636.4,0.0,0.0,7004.0,12236.1,1804.7,0.0,1963.8,3265.4,1456.4,1801.0,3984.7,9186.0,4738.7,9785.4,14408.0,0.0
LowNGPrice,ISONE,2040,176392830.0,2405027.5,2237051.8,701981.4,181736880.0,170049926.7,84092820.0,5491640.0,17075748.0,0.0359,0.054,0.12,129149.74,42712.1,83.1,1.6,0.18,11.7,611.7,0.07,83.2,29.9,113.1,47.2,0.9,0.11,6.7,343.1,0.04,47.3,16.9,64.2,55.6,1.1,0.12,6.6,408.3,0.03,55.7,18.8,74.5,340.6,7.1,0.83,40.7,2401.8,0.2,341.0,112.3,453.3,16066544.7,316.9,34.4,2253989.6,118256.4,13.9,16085365.1,5781816.1,21867181.2,24.62,24.05,15.73,64.97,26.42,26.56,16.87,70.44,4949363.0,292675.0,5242038.0,193321000.0,97644060.0,2037714.6,2924431.8,16742938.0,0.0,0.0,9883759.0,32951520.0,5141035.0,0.0,7178884.0,26081950.0,829282.5,1789170.8,7457715.0,34632388.0,45670210.0,2278.8,563.5,0.0,0.0,7160.0,12392.8,11870.1,0.0,1970.8,3265.4,1456.4,1801.0,3981.3,12030.0,9904.9,9115.3,14408.0,0.0
LowNGPrice,ISONE,2045,193680260.0,2344050.5,2388441.5,775671.6,199188420.0,186715710.8,79590340.0,6759049.0,23153816.0,0.0359,0.054,0.12,127041.78,47032.9,74.0,1.4,0.15,10.4,550.1,0.06,74.1,26.8,100.8,31.2,0.6,0.07,4.5,230.8,0.03,31.2,11.4,42.6,38.1,0.7,0.07,4.5,284.9,0.02,38.1,13.0,51.1,332.6,6.6,0.72,39.5,2421.3,0.17,333.0,111.7,444.7,15946278.0,309.8,32.7,2236634.9,118599.3,13.4,15964448.0,5774553.3,21739001.3,22.72,23.58,18.78,65.6,24.38,25.98,20.11,70.98,6641234.5,352296.8,6993531.0,215583180.0,119598100.0,1982975.6,2924431.8,16546290.0,0.0,0.0,10667022.0,33623460.0,5124783.0,0.0,7253165.0,26081950.0,546965.9,1901081.0,7635030.5,44509080.0,56786950.0,2139.0,563.5,0.0,0.0,7693.9,12904.9,13639.0,0.0,1970.8,3265.4,1456.4,1801.0,4069.7,14716.4,12995.1,8556.1,14408.0,0.0
LowNGPrice,ISONE,2050,208983650.0,871733.9,2646926.5,884708.1,213387020.0,201468901.0,72827510.0,7938911.0,29903450.0,0.0359,0.054,0.12,121244.7,51041.3,67.1,1.3,0.14,9.4,496.8,0.06,67.1,24.2,91.4,15.3,0.3,0.03,2.4,113.5,0.02,15.3,5.7,21.1,25.7,0.5,0.05,3.0,189.9,0.01,25.7,8.7,34.5,323.2,6.3,0.68,38.3,2376.5,0.16,323.6,109.2,432.8,15782751.3,308.4,32.9,2218436.1,116920.9,13.5,15800930.5,5706358.4,21507288.9,20.36,22.52,24.63,67.95,21.78,24.62,26.24,73.08,8297041.0,1560467.4,9857508.0,235351550.0,140559500.0,736590.6,2924431.8,16964840.0,0.0,0.0,10812309.0,32069466.0,5996815.5,0.0,7263194.5,26081950.0,645342.6,2109421.0,15018202.0,53615910.0,61113080.0,641.3,563.5,0.0,0.0,7818.2,11769.8,15800.7,0.0,1970.8,3265.4,792.2,1801.0,8654.3,15842.6,15658.9,2565.1,14408.0,0.0
LowNGPrice,MISO_Central,2025,317955460.0,36513.7,1962374.4,1961145.8,321915500.0,306524478.9,251500830.0,24174818.0,6510443.5,0.0359,0.054,0.12,108831.17,70641.3,502.7,51.8,7.5,22.6,1520.6,0.28,506.3,68.0,574.3,488.8,50.0,7.24,22.8,1503.1,0.28,492.3,67.6,559.9,227.2,11.7,1.65,21.0,1414.5,0.15,228.0,63.2,291.2,778.1,68.5,9.87,44.2,3078.4,0.43,782.8,136.0,918.9,152947589.0,15761.2,2280.6,6887995.0,462631.6,85.7,154039880.0,20697805.9,174737685.9,35.84,21.85,0.33,58.01,37.99,23.75,0.34,62.08,915.1,0.2,915.3,304251100.0,70414660.0,31180.4,2190484.5,3057815.5,133705970.0,0.0,511664.0,45243136.0,1781106.4,0.0,1715114.6,42109404.0,2410372.8,1591873.1,15353766.0,54549228.0,0.0,29.1,375.0,30561.8,0.0,351.9,11721.7,11720.2,0.0,489.6,5272.0,3817.1,2614.8,7262.7,0.0,16744.1,116.4,20918.4,0.0
LowNGPrice,MISO_Central,2030,339330270.0,741736.0,2281645.5,2444269.2,344797920.0,327129702.1,185150350.0,34701800.0,19592606.0,0.0359,0.054,0.12,108822.31,73782.1,206.6,14.8,2.11,16.3,902.9,0.14,207.7,43.2,250.9,202.1,14.3,2.04,16.4,894.5,0.15,203.1,43.1,246.1,229.1,11.1,1.54,21.5,1266.0,0.14,229.8,59.3,289.1,529.5,32.9,4.63,43.0,2564.3,0.31,531.8,119.5,651.3,68125779.0,4877.9,694.3,5362868.4,297663.4,47.4,68460692.2,14246181.1,82706873.3,26.93,20.07,0.77,47.77,28.61,21.82,0.81,51.24,365917.1,97040.6,462957.7,329688700.0,159647550.0,633922.6,2190484.5,5111883.5,37108240.0,0.0,719856.1,71323660.0,2415005.0,0.0,1772427.4,42109404.0,5542909.0,1833222.4,41836040.0,117091660.0,0.0,535.8,375.0,20616.6,0.0,490.9,15942.2,11462.0,0.0,510.6,5272.0,4416.2,2614.8,19313.2,0.0,32184.3,2143.0,20918.4,0.0
LowNGPrice,MISO_Central,2035,371663940.0,6856603.0,3221687.8,3385019.2,385127260.0,358299814.0,95417180.0,25622674.0,69271880.0,0.0359,0.054,0.12,118881.39,81310.8,72.8,1.5,0.18,9.7,515.8,0.06,72.9,25.1,98.0,70.0,1.4,0.16,9.4,502.4,0.06,70.1,24.4,94.5,86.1,1.8,0.22,10.3,597.3,0.05,86.2,28.1,114.3,339.6,7.3,0.9,40.7,2329.4,0.22,340.1,110.2,450.3,31235834.3,648.1,76.1,4160221.5,221157.8,27.2,31275910.3,10758153.9,42034064.2,23.27,21.34,0.0,44.6,24.96,23.58,0.0,48.54,5422386.0,1707577.6,7129963.0,428776480.0,289710080.0,5852984.5,1819986.8,4927609.5,0.0,0.0,998456.6,72663910.0,3512515.5,0.0,1730886.2,42109404.0,3841878.8,2607216.5,73507240.0,215204380.0,0.0,4553.3,324.7,0.0,0.0,678.2,21687.3,12183.8,0.0,510.6,5272.0,4285.9,2614.8,34385.7,0.0,61076.6,18213.2,20918.4,0.0
LowNGPrice,MISO_Central,2040,402937660.0,8221078.5,3499136.0,3752959.2,418410850.0,388448450.8,70324824.0,30656138.0,101492530.0,0.0359,0.054,0.12,114604.71,89385.4,64.6,1.3,0.15,8.5,462.4,0.05,64.7,22.3,87.0,35.5,0.7,0.07,4.9,266.0,0.03,35.6,12.8,48.4,69.6,1.4,0.16,8.3,498.7,0.04,69.7,23.2,92.8,324.4,6.8,0.8,38.8,2277.8,0.2,324.8,106.7,431.5,31593961.2,645.7,74.1,4175369.7,226212.1,26.5,31633431.9,10923728.3,42557160.2,22.44,20.95,0.0,43.4,24.11,23.19,0.0,47.29,7231381.0,2442879.5,9674260.0,489247230.0,348086000.0,7016579.0,1282286.4,4194786.0,0.0,0.0,1188177.1,75110410.0,3623555.2,0.0,1725382.8,42109404.0,3268109.0,2830697.8,94460310.0,252437540.0,0.0,5404.7,251.7,0.0,0.0,810.1,23739.7,13509.9,0.0,510.6,5272.0,4235.6,2614.8,43980.1,0.0,70881.1,21618.8,20918.4,0.0
LowNGPrice,MISO_Central,2045,432635600.0,7970639.0,3894282.5,4279257.0,448779780.0,417078376.8,48574224.0,40193780.0,132354136.0,0.0359,0.054,0.12,107791.5,96074.8,59.7,1.2,0.14,7.9,424.7,0.05,59.8,20.6,80.4,35.6,0.7,0.07,4.8,267.7,0.03,35.6,12.8,48.4,69.8,1.4,0.15,8.3,505.9,0.04,69.9,23.4,93.2,306.6,6.3,0.72,36.5,2186.0,0.17,307.0,101.7,408.7,32315126.2,666.6,77.6,4265371.8,229743.1,27.4,32356169.2,11119207.0,43475376.2,21.07,19.95,0.0,41.02,22.64,22.05,0.0,44.69,11851981.0,4750430.5,16602413.0,540940160.0,400205570.0,6804783.0,1282286.4,3262963.2,0.0,0.0,1734866.8,72110060.0,6582154.0,0.0,1722368.2,42109404.0,3713526.5,3147025.0,112989290.0,285481400.0,0.0,5007.0,251.7,0.0,0.0,1179.2,20836.8,18793.9,0.0,510.6,5272.0,4085.0,2614.8,52961.0,0.0,80792.1,20028.1,20918.4,0.0
LowNGPrice,MISO_Central,2050,457002940.0,8815450.0,4000180.8,4824128.0,474642750.0,440569792.6,30056944.0,45995256.0,160065730.0,0.0359,0.054,0.12,106153.73,101147.8,55.8,1.1,0.13,7.3,402.1,0.05,55.9,19.3,75.3,33.3,0.6,0.06,4.5,251.8,0.03,33.3,12.0,45.3,67.4,1.3,0.13,8.0,502.7,0.03,67.5,23.0,90.5,301.7,6.1,0.69,35.9,2171.5,0.17,302.1,100.7,402.8,32876896.2,666.8,75.6,4324910.7,236692.9,26.8,32917414.3,11385678.1,44303092.4,19.58,19.76,0.0,39.34,21.04,21.88,0.0,42.92,14818547.0,8638882.0,23457430.0,588713200.0,444585800.0,7526573.5,1282286.4,2846172.0,0.0,0.0,2820021.0,76364664.0,5936694.5,0.0,1721343.8,42109404.0,3110408.5,3229875.2,135093280.0,306672480.0,0.0,5485.9,251.7,0.0,0.0,1905.4,22248.8,20179.7,0.0,510.6,5272.0,2999.4,2614.8,64169.6,0.0,86851.2,21943.6,20918.4,0.0
LowNGPrice,MISO_North,2025,230686300.0,84944.2,0.0,1838549.4,232609820.0,222391650.0,146289950.0,18889140.0,4486123.0,0.0359,0.054,0.12,109005.57,48470.1,328.0,31.7,4.56,17.1,1147.8,0.19,330.2,51.3,381.5,338.4,32.9,4.74,17.4,1169.3,0.19,340.7,52.3,393.0,328.3,24.9,3.55,22.5,1572.2,0.19,330.1,69.4,399.4,777.8,71.7,10.34,40.9,2894.9,0.41,782.8,127.3,910.0,71564426.1,6909.7,995.7,3724057.4,250450.7,40.9,72042160.4,11198640.4,83240800.7,36.04,21.42,0.01,57.47,38.2,23.12,0.01,61.33,17170.3,532.3,17702.6,218206770.0,86319860.0,72438.3,2158853.0,8211297.5,59616364.0,0.0,1366664.4,30641738.0,2653430.2,0.0,4494981.5,22761602.0,1276225.4,0.0,7892573.0,77060616.0,0.0,69.3,351.7,11629.9,0.0,964.6,7633.3,7105.3,0.0,925.4,2849.7,2482.6,0.0,3911.3,0.0,21758.4,277.0,0.0,0.0
LowNGPrice,MISO_North,2030,256627100.0,1708102.2,0.0,2462994.5,260798200.0,247399334.4,109363980.0,14784334.0,14061003.0,0.0359,0.054,0.12,109026.28,51943.2,155.7,12.4,1.77,10.8,634.2,0.1,156.5,29.8,186.3,163.7,13.1,1.86,11.5,666.9,0.1,164.6,31.4,196.0,186.7,6.4,0.82,19.6,1225.0,0.09,187.1,56.1,243.3,552.2,43.9,6.28,35.5,2205.5,0.3,555.2,101.3,656.6,40491232.4,3237.0,460.3,2820743.9,164933.9,25.2,40713359.8,7742644.8,48456004.6,23.92,20.23,0.02,44.17,25.46,21.84,0.02,47.31,7066344.0,394301.6,7460646.5,260074850.0,151434220.0,1458705.5,1436489.4,13913373.0,26592898.0,0.0,1882351.4,34472636.0,2296183.8,0.0,4617147.0,22761602.0,1091618.2,0.0,25956662.0,123595220.0,0.0,1192.0,240.0,10756.9,0.0,1339.7,9071.5,6314.4,0.0,951.4,2849.7,1519.4,0.0,12945.3,0.0,32859.8,4767.8,0.0,0.0
LowNGPrice,MISO_North,2035,290110820.0,1578622.0,0.0,2553935.0,294243400.0,279677526.5,114350424.0,24822174.0,11547009.0,0.036,0.054,0.12,115877.86,58663.2,79.0,1.5,0.16,10.3,587.5,0.05,79.0,27.8,106.8,74.7,1.4,0.15,9.7,555.5,0.05,74.8,26.3,101.0,105.3,2.1,0.23,12.5,765.9,0.06,105.4,35.4,140.8,291.6,6.0,0.7,34.8,2065.9,0.17,291.9,96.4,388.3,22182553.1,429.0,45.0,2883222.9,165077.2,15.3,22207616.3,7806705.8,30014322.1,21.56,22.63,0.47,44.68,22.93,24.37,0.5,47.82,13446445.0,850127.9,14296573.0,280968220.0,179892960.0,1348899.2,1436489.4,12799515.0,0.0,0.0,2400118.8,52386670.0,5005430.0,0.0,4583748.0,22761602.0,752904.2,0.0,32895354.0,144597490.0,0.0,1191.7,240.0,0.0,0.0,1712.0,16450.6,13611.4,0.0,951.4,2849.7,1445.0,0.0,16248.5,0.0,39583.1,4766.9,0.0,0.0
LowNGPrice,MISO_North,2040,315758500.0,1821093.0,0.0,2781555.0,320361150.0,304403296.0,118602280.0,29658822.0,14187675.0,0.036,0.054,0.12,113286.88,63059.5,75.6,1.5,0.15,9.8,563.1,0.05,75.7,26.6,102.2,58.0,1.1,0.12,7.3,430.9,0.04,58.1,20.2,78.3,82.1,1.6,0.17,9.7,606.3,0.04,82.2,27.8,110.0,284.2,5.7,0.63,33.8,2062.4,0.15,284.5,95.3,379.8,23041548.2,444.8,46.5,2984419.7,171669.2,15.7,23067489.9,8104436.0,31171926.0,21.49,22.44,0.75,44.68,22.85,24.16,0.79,47.81,12863058.0,1020514.9,13883573.0,304890000.0,201758850.0,1554941.4,1436489.4,12604059.0,0.0,0.0,3152346.2,53521308.0,5947095.0,0.0,4579121.5,22761602.0,726517.0,0.0,38510384.0,160096130.0,0.0,1376.3,240.0,0.0,0.0,2248.6,16985.5,16577.3,0.0,951.4,2849.7,1422.8,0.0,18959.5,0.0,42581.4,5505.0,0.0,0.0
LowNGPrice,MISO_North,2045,339224830.0,649564.8,0.0,2980133.8,342854530.0,327025585.7,129526296.0,36321190.0,16523970.0,0.036,0.054,0.12,110138.22,68416.7,82.2,1.6,0.16,10.5,619.6,0.05,82.3,29.0,111.3,58.8,1.1,0.11,7.4,443.0,0.03,58.9,20.6,79.5,97.4,1.9,0.19,11.5,727.6,0.04,97.5,33.2,130.7,275.3,5.3,0.56,32.6,2041.4,0.13,275.6,93.5,369.1,26556688.9,503.5,50.9,3394741.6,200150.9,16.5,26585598.5,9363754.7,35949353.2,20.72,22.35,0.58,43.66,21.99,23.96,0.61,46.57,12537054.0,1605735.6,14142790.0,323057300.0,213328220.0,555439.6,1436489.4,12269676.0,0.0,0.0,4155394.5,57116376.0,10812372.0,0.0,4587815.5,22761602.0,189300.4,0.0,46111750.0,163061090.0,0.0,549.4,240.0,0.0,0.0,2968.3,17785.2,30199.1,0.0,951.4,2849.7,881.9,0.0,22662.4,0.0,42921.9,2197.5,0.0,0.0
LowNGPrice,MISO_North,2050,358360260.0,678136.6,0.0,3059115.0,362097500.0,345472969.8,131375470.0,40773548.0,18310652.0,0.036,0.054,0.12,107281.43,72478.1,83.2,1.6,0.16,10.4,626.8,0.05,83.3,29.1,112.4,58.4,1.1,0.11,7.2,440.2,0.03,58.5,20.3,78.8,87.1,1.7,0.17,10.3,652.8,0.04,87.2,29.8,117.0,276.7,5.4,0.56,32.8,2052.5,0.13,277.0,94.0,371.0,28248975.3,535.2,54.1,3542816.7,212868.7,16.3,28279681.5,9890746.5,38170428.1,19.62,22.09,0.38,42.09,20.81,23.68,0.41,44.91,12270814.0,2398403.8,14669218.0,339634620.0,230722050.0,580775.7,1193419.2,12282525.0,0.0,0.0,5386470.5,59860664.0,12226451.0,0.0,4574357.5,18021100.0,173283.3,0.0,52327924.0,173007650.0,0.0,549.4,207.0,0.0,0.0,3859.7,18615.8,33537.4,0.0,951.4,2256.2,642.1,0.0,25737.9,0.0,45081.3,2197.5,0.0,0.0
LowNGPrice,MISO_South,2025,216510820.0,236161.9,14502.0,891980.8,217653470.0,208727603.9,199969420.0,7873987.0,670953.6,0.0359,0.0539,0.12,108525.18,47820.5,356.9,19.9,2.78,33.1,2202.3,0.25,358.2,98.8,457.0,361.8,20.2,2.83,33.5,2227.2,0.26,363.2,99.9,463.1,425.0,14.7,1.97,45.7,3200.2,0.27,425.9,141.1,567.1,637.5,39.2,5.78,55.2,3154.1,0.53,640.2,149.3,789.6,75104079.2,4183.9,585.3,6969414.5,463477.8,53.2,75388556.5,20795576.2,96184132.7,39.27,22.5,0.0,61.78,41.57,24.32,0.0,65.89,0.0,0.0,0.0,210450450.0,17684054.0,201049.4,1198375.8,0.0,28418822.0,0.0,693538.9,108543960.0,667221.6,0.0,3647090.5,42746000.0,7332297.5,11569.6,9318553.0,7671961.0,0.0,213.9,165.8,6686.9,0.0,454.7,19218.3,3385.5,0.0,1245.2,5351.7,9226.3,30.0,4149.8,0.0,2999.2,855.7,240.0,0.0
LowNGPrice,MISO_South,2030,230936060.0,365822.6,49384.6,1048000.5,232399280.0,222634121.0,174726540.0,14313541.0,2495129.0,0.0359,0.054,0.12,108510.78,50236.1,202.7,4.6,0.53,25.5,1440.1,0.15,202.9,68.5,271.4,200.9,4.6,0.54,25.2,1424.3,0.15,201.2,67.7,268.9,294.7,7.2,0.87,34.1,2037.4,0.17,295.1,94.9,390.0,438.0,16.1,2.22,46.9,2582.4,0.31,439.1,123.9,563.0,44704338.8,1008.9,117.4,5629519.1,317669.1,32.8,44766451.4,15105012.0,59871463.3,26.93,21.02,0.0,47.96,28.53,22.68,0.0,51.22,58971.6,92248.7,151220.3,220580860.0,57672730.0,311916.0,1116615.9,0.0,1280928.9,0.0,1293398.1,109909810.0,464435.0,0.0,3674063.5,42746000.0,3364591.5,39770.5,46081584.0,10297750.0,0.0,213.9,154.7,4544.5,0.0,847.7,25364.9,3314.6,0.0,1257.2,5351.7,7050.8,30.0,20535.8,0.0,3434.2,855.7,240.0,0.0
LowNGPrice,MISO_South,2035,257431760.0,6105315.0,69213.5,2040102.8,265646380.0,248177131.8,168094660.0,48608850.0,14203424.0,0.0359,0.054,0.12,99872.55,54147.9,132.2,2.6,0.28,17.5,975.6,0.1,132.4,46.6,178.9,123.3,2.4,0.26,16.3,909.2,0.1,123.4,43.4,166.8,166.8,3.6,0.46,20.0,1127.1,0.11,167.0,53.6,220.6,321.5,6.7,0.8,38.4,2248.2,0.2,321.9,105.5,427.4,30572828.8,599.4,64.3,4039874.0,225588.7,23.9,30608253.8,10768936.3,41377190.1,25.25,18.52,0.0,43.77,27.0,20.41,0.0,47.41,48782.2,1469388.6,1518170.9,231241000.0,97551740.0,5199041.5,1116615.9,0.0,0.0,0.0,1838382.2,79075540.0,442334.1,0.0,3674063.5,42746000.0,1380005.5,55634.8,81252390.0,14460970.0,0.0,3754.8,154.7,0.0,0.0,1211.4,25364.9,3314.6,0.0,1257.2,5351.7,4156.2,30.0,36715.8,0.0,4738.5,15019.1,240.0,0.0
LowNGPrice,MISO_South,2040,281819840.0,10654005.0,74419.0,2227526.2,294775780.0,271688370.9,178468430.0,54494104.0,15047638.0,0.0359,0.054,0.12,100743.69,59492.0,122.6,2.4,0.26,16.2,900.4,0.1,122.8,43.0,165.8,115.9,2.3,0.25,15.3,851.0,0.09,116.1,40.7,156.7,129.0,2.5,0.26,15.3,960.1,0.06,129.2,43.9,173.1,321.6,6.7,0.8,38.4,2249.3,0.2,322.0,105.5,427.5,31310845.3,618.1,67.1,4130211.9,229904.2,24.6,31347587.0,10988075.8,42335662.8,24.95,18.51,0.0,43.46,26.85,20.69,0.0,47.54,129490.7,2956160.0,3085650.8,255329310.0,116307340.0,9068305.0,1116615.9,0.0,0.0,0.0,2012944.4,80150190.0,537781.2,0.0,3674063.5,42746000.0,1669248.6,59774.4,96221976.0,18072424.0,0.0,6511.8,154.7,0.0,0.0,1339.8,25364.9,3314.6,0.0,1257.2,5351.7,4156.2,30.0,43630.2,0.0,5841.2,26047.2,240.0,0.0
LowNGPrice,MISO_South,2045,301643940.0,13232584.0,74971.2,2464633.2,317416130.0,290800018.4,185587440.0,59761656.0,16438950.0,0.0359,0.054,0.12,107885.15,64276.2,112.6,2.2,0.23,14.8,840.0,0.08,112.7,39.9,152.6,105.5,2.0,0.21,13.9,787.3,0.08,105.6,37.4,143.0,132.5,2.5,0.26,15.7,994.9,0.06,132.7,45.3,178.0,292.3,5.9,0.65,34.8,2115.8,0.16,292.6,97.8,390.5,30851340.8,594.9,62.0,4066352.9,230241.6,23.2,30886002.6,10933878.8,41819881.4,22.09,20.1,0.0,42.2,23.9,22.62,0.0,46.51,214785.9,4582915.5,4797701.0,274093400.0,131828690.0,11262942.0,1116615.9,0.0,0.0,0.0,2345625.0,82212940.0,389457.8,0.0,3674063.5,42746000.0,802559.1,60150.6,104742180.0,24740882.0,0.0,8129.9,154.7,0.0,0.0,1569.8,29681.5,3308.6,0.0,1257.2,5351.7,3113.4,30.0,47647.3,0.0,8036.5,32519.5,240.0,0.0
LowNGPrice,MISO_South,2050,317827680.0,15745194.0,75740.2,2680789.5,336329400.0,306402301.7,182266940.0,66575500.0,20975262.0,0.0359,0.054,0.12,110584.03,69329.2,94.7,1.8,0.18,12.6,715.0,0.07,94.8,33.9,128.7,88.4,1.7,0.17,11.7,667.0,0.07,88.5,31.6,120.1,155.9,3.0,0.3,18.4,1170.0,0.07,156.1,53.3,209.4,274.3,5.3,0.56,32.5,2026.9,0.13,274.6,93.0,367.6,27532636.9,522.0,52.8,3667548.9,207885.2,20.9,27562607.6,9868223.6,37430831.2,19.41,20.84,0.0,40.26,21.11,23.6,0.0,44.7,281432.6,6656406.0,6937838.5,290729180.0,154062460.0,13404034.0,1116615.9,0.0,0.0,0.0,2839849.8,74993496.0,470514.7,0.0,3674063.5,42746000.0,201135.4,60856.2,113136750.0,38085860.0,0.0,9629.2,154.7,0.0,0.0,1915.3,32808.9,4631.4,0.0,1257.2,5351.7,1093.5,30.0,51857.2,0.0,12394.6,38517.0,240.0,0.0
LowNGPrice,NYISO,2025,158741890.0,1225199.2,624665.2,252245.0,160844000.0,153034826.7,131077810.0,3380022.5,513234.1,0.0359,0.054,0.12,22254.14,36512.0,175.1,4.4,0.65,23.5,1259.2,0.21,175.4,61.0,236.5,186.8,4.9,0.72,24.7,1337.3,0.22,187.1,64.6,251.7,231.8,7.2,1.19,28.5,1316.9,0.3,232.3,67.8,300.2,611.5,25.9,3.99,66.5,3383.1,0.66,613.3,167.5,780.8,27667184.2,695.4,102.5,3706064.5,198917.6,32.5,27715885.0,9642668.0,37358553.0,42.65,4.38,11.06,58.09,45.19,4.78,11.69,61.65,0.0,0.0,0.0,157977220.0,29766198.0,1048512.3,1989598.8,10789661.0,0.0,0.0,3560240.8,49351910.0,794969.5,0.0,26503520.0,26688192.0,10547907.0,496745.8,7497981.0,18282764.0,425212.4,1750.0,389.6,0.0,0.0,2561.9,9588.7,2662.1,0.0,4553.7,3341.3,12192.8,1426.8,4151.2,132.0,5486.9,7000.0,11414.4,0.0
LowNGPrice,NYISO,2030,170300130.0,3043317.8,1369520.4,211625.4,174924590.0,164176686.1,106443130.0,1459016.2,4855376.5,0.0359,0.054,0.12,22256.8,38288.7,91.8,2.3,0.33,13.0,557.2,0.12,91.9,29.6,121.6,98.7,2.4,0.35,14.0,600.5,0.12,98.8,31.9,130.7,155.1,4.8,0.82,19.5,692.3,0.22,155.5,40.2,195.7,515.4,15.8,2.47,61.9,2696.0,0.58,516.5,142.4,658.9,16362165.3,403.3,58.3,2318622.9,99361.3,20.8,16390097.0,5285280.7,21675377.7,25.89,3.92,13.48,43.41,27.6,4.31,14.29,46.33,220982.2,17059.6,238041.7,178320940.0,68481464.0,2585582.0,1989598.8,13330334.0,0.0,0.0,4107688.5,30906454.0,224018.0,0.0,27695866.0,26688192.0,5324826.5,1094618.1,21071842.0,29295468.0,14006464.0,3000.0,389.6,0.0,0.0,2959.8,9096.4,533.3,0.0,4745.1,3341.3,7446.8,1426.8,11597.5,3801.0,7923.5,12000.0,11414.4,0.0
LowNGPrice,NYISO,2035,186261310.0,4752314.0,1287426.0,370309.3,192671360.0,179563188.0,108346860.0,5092328.0,8152795.0,0.0359,0.054,0.12,114917.91,41052.1,89.6,2.3,0.36,12.6,509.1,0.12,89.8,27.8,117.6,96.3,2.5,0.38,13.5,551.9,0.13,96.5,30.0,126.5,148.2,4.3,0.72,18.5,725.1,0.19,148.6,40.2,188.7,459.4,12.1,1.87,56.6,2557.6,0.49,460.2,132.9,593.1,17544961.6,458.6,70.1,2461522.2,99640.0,24.1,17577759.6,5437367.5,23015127.1,25.61,20.18,0.0,45.79,27.4,22.31,0.0,49.71,3771555.5,110911.3,3882467.2,195731820.0,84324490.0,4049762.8,1584482.1,13094266.0,0.0,0.0,4307339.5,30087052.0,83512.7,0.0,27656186.0,26688192.0,7129478.5,1034407.9,21210534.0,29313610.0,29493002.0,4807.4,334.6,0.0,0.0,3139.9,9096.4,533.3,0.0,4750.8,3341.3,6969.1,1426.8,11597.5,9000.0,7923.5,19229.5,11414.4,0.0
LowNGPrice,NYISO,2040,203176670.0,9801778.0,1292784.8,916622.2,215187870.0,195869801.4,82810940.0,31704908.0,26320880.0,0.036,0.054,0.12,252617.5,45117.1,0.0,0.0,0.0,1.5,3.1,0.03,0.0,1.6,1.6,0.0,0.0,0.0,0.0,0.0,0.0,0.0,0.0,0.0,0.0,0.0,0.0,0.0,0.0,0.0,0.0,0.0,0.0,344.6,7.0,0.8,41.1,2462.6,0.19,345.0,114.5,459.5,0.0,0.0,0.0,304851.4,643.9,5.6,0.0,325572.8,325572.8,26.85,44.71,11.81,83.41,28.94,50.48,12.6,92.06,1157401.0,527911.0,1685312.2,209803820.0,132376910.0,8348886.5,1584482.1,12400657.0,0.0,0.0,5131890.5,0.0,0.0,0.0,27368148.0,26688192.0,0.0,1036551.2,33388096.0,60199290.0,33657628.0,10511.8,334.6,0.0,0.0,3720.3,0.0,0.0,0.0,4763.2,3341.3,0.0,1426.8,18493.7,9306.5,17345.5,42047.3,11414.4,0.0
LowNGPrice,NYISO,2045,221359070.0,13731078.0,1333267.8,1105416.0,237528860.0,213398366.3,88984480.0,41084970.0,32205036.0,0.0359,0.054,0.12,252037.29,49691.5,0.0,0.0,0.0,1.3,2.8,0.02,0.0,1.4,1.4,0.0,0.0,0.0,0.0,0.0,0.0,0.0,0.0,0.0,0.0,0.0,0.0,0.0,0.0,0.0,0.0,0.0,0.0,338.2,6.8,0.77,40.2,2435.0,0.18,338.6,112.9,451.4,0.0,0.0,0.0,304851.4,643.9,5.6,0.0,325572.8,325572.8,24.11,44.39,13.3,81.84,26.09,50.77,14.21,91.12,904991.8,836142.1,1741133.8,228648910.0,148544370.0,11702795.0,1584482.1,11648612.0,0.0,0.0,6492748.5,0.0,0.0,0.0,27409578.0,26688192.0,0.0,1070891.1,45331732.0,60623030.0,36096856.0,14041.9,334.6,0.0,0.0,4705.0,0.0,0.0,0.0,4769.5,3341.3,0.0,1426.8,24980.0,9817.3,17517.2,56167.6,11414.4,0.0
LowNGPrice,NYISO,2050,238796640.0,22544388.0,1344530.2,1242035.4,263927600.0,230209041.6,88068750.0,48842292.0,38537104.0,0.0359,0.054,0.12,227766.69,54235.1,0.0,0.0,0.0,0.9,1.7,0.01,0.0,0.9,0.9,0.0,0.0,0.0,0.0,0.0,0.0,0.0,0.0,0.0,0.0,0.0,0.0,0.0,0.0,0.0,0.0,0.0,0.0,329.4,6.4,0.69,39.1,2427.0,0.16,329.8,111.4,441.2,0.0,0.0,0.0,220387.3,443.0,3.7,0.0,234602.0,234602.0,21.4,38.98,16.52,76.96,23.31,45.96,17.72,87.04,1021745.4,1263299.6,2285045.0,253622430.0,175858860.0,19217342.0,1584482.1,11382823.0,0.0,0.0,7783990.5,0.0,0.0,0.0,27401540.0,17086578.0,0.0,1090795.9,60100916.0,71113230.0,36860730.0,22464.6,334.6,0.0,0.0,5637.9,0.0,0.0,0.0,4769.5,2139.2,0.0,1426.8,32946.0,10003.6,20197.0,89858.3,11414.4,0.0
LowNGPrice,NorthernGrid_East,2025,54637384.0,63433.8,0.0,543301.4,55244120.0,52672853.9,40316790.0,7989359.0,3273544.5,0.0359,0.054,0.12,94670.86,10625.9,245.8,27.0,3.92,9.0,630.8,0.12,247.7,27.8,275.5,214.7,23.5,3.41,8.0,559.3,0.11,216.4,24.7,241.1,785.1,76.6,11.03,36.7,2727.5,0.38,790.4,118.1,908.5,803.8,79.2,11.41,36.9,2734.3,0.39,809.3,118.5,927.8,12419177.6,1365.5,198.0,453707.4,31872.2,6.1,12513933.8,1405171.9,13919105.6,29.83,16.71,0.0,46.55,31.56,17.93,0.0,49.5,0.0,0.0,0.0,50528308.0,14927326.0,54048.4,319198.3,126032.4,11492861.0,0.0,1195637.5,1813271.6,0.0,74468.4,21721100.0,0.0,0.0,0.0,1715400.6,12016289.0,0.0,231.0,47.5,3746.3,0.0,797.7,549.3,789.1,10.0,5581.2,0.0,309.1,0.0,829.0,0.0,3416.2,924.0,0.0,0.0
LowNGPrice,NorthernGrid_East,2030,60358284.0,147678.8,0.0,760207.6,61266176.0,58188011.4,25725014.0,6705896.0,7608197.0,0.0359,0.054,0.12,94667.44,11740.0,62.1,6.5,0.94,2.6,173.3,0.03,62.6,7.8,70.4,61.2,6.3,0.91,2.7,175.3,0.03,61.6,7.9,69.6,164.4,14.0,1.99,9.6,633.7,0.08,165.4,28.5,193.9,465.5,39.6,5.64,27.1,1784.4,0.22,468.2,80.4,548.6,3862622.5,402.6,58.2,164718.8,10775.8,1.9,3890501.1,486359.5,4376860.5,19.54,16.1,0.0,35.63,20.73,17.33,0.0,38.07,136099.8,5384.5,141484.4,62168470.0,35541160.0,125787.8,233755.5,123747.5,3351076.0,0.0,1338382.5,1180278.5,1092.0,74272.9,21537304.0,0.0,0.0,0.0,1729196.8,32473580.0,0.0,231.0,35.9,3746.3,0.0,892.7,549.3,844.5,10.0,5748.2,0.0,52.0,0.0,829.0,0.0,8392.7,924.0,0.0,0.0
LowNGPrice,NorthernGrid_East,2035,70286420.0,1953904.4,0.0,1213497.9,73453820.0,67759084.7,25331944.0,14136958.0,13141480.0,0.036,0.054,0.12,101566.68,14042.4,4.0,0.1,0.01,0.6,30.2,0.0,4.0,1.5,5.5,5.5,0.1,0.01,0.8,41.7,0.0,5.5,2.0,7.5,117.7,2.2,0.23,13.9,883.2,0.05,117.9,40.3,158.1,234.1,4.5,0.46,27.7,1745.9,0.11,234.3,79.8,314.1,289296.3,5.5,0.6,41582.8,2186.7,0.2,289609.9,106789.5,396399.4,18.01,16.18,0.0,34.19,19.29,17.75,0.0,37.04,590279.0,110129.4,700408.4,72458344.0,48121876.0,1667241.1,233755.5,121759.6,0.0,0.0,1264359.6,753059.4,16909.1,73465.3,21469508.0,0.0,768.5,0.0,7219006.5,39638510.0,0.0,1715.7,35.9,0.0,0.0,844.5,549.3,847.6,10.0,5748.2,0.0,52.0,0.0,3333.1,0.0,10382.7,6862.9,0.0,0.0
LowNGPrice,NorthernGrid_East,2040,77372900.0,1862126.6,0.0,1408972.0,80643990.0,74590802.7,22801164.0,16137587.0,16991406.0,0.0359,0.054,0.12,113104.97,15445.4,2.5,0.0,0.0,0.4,18.6,0.0,2.5,0.9,3.4,3.4,0.1,0.01,0.5,26.1,0.0,3.4,1.3,4.7,178.5,3.4,0.34,21.1,1345.1,0.08,178.7,61.2,239.9,225.4,4.3,0.45,26.7,1676.3,0.11,225.6,76.7,302.3,199771.8,3.8,0.4,31002.7,1512.9,0.1,199988.3,76120.0,276108.3,16.77,17.85,0.0,34.62,17.93,19.59,0.0,37.52,1119159.8,245701.5,1364861.6,81497810.0,57842828.0,1585283.0,233755.5,119735.4,0.0,0.0,1271357.4,442958.4,65622.6,70889.1,21136224.0,0.0,515.7,0.0,8443131.0,48128340.0,0.0,1484.7,35.9,0.0,0.0,851.3,549.3,1914.4,10.0,5748.2,0.0,52.0,0.0,3910.2,0.0,13059.8,5938.9,0.0,0.0
LowNGPrice,NorthernGrid_East,2045,84177660.0,1944066.8,0.0,1679772.4,87801500.0,81150853.5,21879182.0,19292030.0,21081354.0,0.0359,0.054,0.12,105706.33,17093.6,2.1,0.0,0.0,0.3,16.1,0.0,2.1,0.8,2.9,3.2,0.1,0.01,0.5,23.9,0.0,3.2,1.2,4.3,131.9,2.5,0.25,15.6,993.9,0.06,132.1,45.2,177.3,221.9,4.2,0.43,26.2,1667.1,0.1,222.1,75.9,298.1,190434.1,3.6,0.4,29890.5,1446.1,0.1,190639.0,73015.1,263654.1,15.8,16.98,0.0,32.78,16.9,18.65,0.0,35.56,1738862.0,419721.4,2158596.0,89590824.0,65922316.0,1655956.4,233755.5,119805.5,0.0,0.0,1296822.8,380115.4,92887.7,70477.4,21115510.0,0.0,0.0,0.0,8770913.0,55854584.0,0.0,1484.7,35.9,0.0,0.0,869.5,549.3,2050.1,10.0,5748.2,0.0,0.0,0.0,4102.1,0.0,15194.1,5938.9,0.0,0.0
LowNGPrice,NorthernGrid_East,2050,90001070.0,1872255.8,0.0,2021688.8,93895016.0,86764865.2,20089520.0,21312836.0,24225888.0,0.0359,0.054,0.12,106982.17,18575.5,1.9,0.0,0.0,0.3,14.5,0.0,1.9,0.7,2.6,3.2,0.1,0.01,0.5,24.2,0.0,3.2,1.2,4.4,126.6,2.4,0.24,15.0,954.0,0.06,126.7,43.4,170.2,230.1,4.4,0.44,27.2,1728.2,0.1,230.4,78.7,309.1,184812.0,3.5,0.3,29226.3,1403.7,0.1,185010.9,71086.1,256096.9,15.62,17.6,0.0,33.21,16.73,19.34,0.0,36.07,1957950.6,931817.5,2889778.2,96808060.0,73805496.0,1591848.1,233755.5,120416.4,0.0,0.0,1338458.9,403260.3,66347.1,70343.8,20516602.0,0.0,0.0,0.0,12812210.0,59654824.0,0.0,1360.4,35.9,0.0,0.0,898.7,549.3,2228.2,10.0,5748.2,0.0,0.0,0.0,6057.0,0.0,16092.6,5441.6,0.0,0.0
LowNGPrice,NorthernGrid_South,2025,84253224.0,1749462.6,0.0,259757.7,86262450.0,81224471.6,56393204.0,3964756.0,4473934.5,0.0359,0.054,0.12,100742.62,18952.8,328.1,27.7,3.94,19.4,1463.6,0.16,330.0,63.0,393.0,352.3,30.1,4.28,20.5,1546.4,0.17,354.3,66.6,420.9,457.6,28.1,3.87,36.5,2815.6,0.21,459.5,120.5,580.0,612.5,41.1,5.74,45.7,3491.2,0.29,615.3,149.8,765.1,28471350.7,2405.2,342.1,1679918.4,127000.2,13.5,28636409.8,5468218.2,34104628.0,34.71,19.18,0.0,53.89,36.9,21.05,0.0,57.96,0.0,8519.7,8519.7,86771624.0,29869242.0,1492710.0,322711.6,0.0,19606018.0,0.0,2529915.8,23377868.0,10210.4,5358746.5,6733541.0,0.0,577.1,0.0,25325104.0,2014221.0,0.0,1132.4,50.4,3004.1,0.0,1378.1,8385.4,1872.3,719.6,3518.7,0.0,717.1,0.0,9864.8,0.0,739.7,4529.4,0.0,0.0
LowNGPrice,NorthernGrid_South,2030,94292650.0,1880581.4,0.0,537638.2,96710870.0,90902844.8,59192250.0,11350674.0,7584102.5,0.0359,0.054,0.12,100721.95,21302.4,261.6,19.5,2.74,17.8,1161.1,0.12,263.0,52.4,315.4,253.5,18.8,2.64,17.4,1133.7,0.12,254.8,51.2,306.0,183.0,6.6,0.83,18.9,1201.8,0.08,183.4,54.7,238.1,492.1,30.3,4.19,39.3,2508.1,0.24,494.1,114.1,608.3,24318377.3,1814.2,255.1,1654356.8,107914.6,11.4,24442091.3,4873330.3,29315421.5,25.0,19.54,0.0,44.55,26.69,21.52,0.0,48.21,16035.6,621130.4,638484.0,92944296.0,37518616.0,1604633.6,322711.6,0.0,14242870.0,0.0,2866531.2,27124838.0,46353.7,5342703.0,6733541.0,0.0,8031.7,0.0,30038564.0,4613522.5,0.0,1149.0,50.4,3004.1,0.0,1591.7,9857.1,1841.7,719.6,3518.7,0.0,491.1,0.0,11712.6,0.0,1465.8,4595.8,0.0,0.0
LowNGPrice,NorthernGrid_South,2035,109382250.0,6554008.0,0.0,948259.8,116884504.0,105449887.5,56067924.0,17766456.0,20651510.0,0.0359,0.054,0.12,98039.56,24696.6,124.7,2.4,0.24,14.8,940.8,0.05,124.8,42.8,167.6,122.9,2.3,0.23,14.6,927.7,0.05,123.1,42.2,165.3,155.3,2.9,0.29,18.4,1171.0,0.07,155.5,53.3,208.8,303.1,5.8,0.59,35.8,2270.6,0.14,303.4,103.5,407.0,14933869.7,281.5,28.2,1767005.5,112682.5,6.5,14949946.7,5126716.4,20076663.1,22.36,18.32,0.0,40.68,24.34,20.96,0.0,45.3,208495.1,5508941.5,5720627.5,119769576.0,60816584.0,5574915.5,101738.8,0.0,0.0,0.0,2717544.0,41517548.0,48956.9,4973836.5,6732306.5,0.0,3676.4,0.0,53366450.0,4732591.0,0.0,3996.7,20.4,0.0,0.0,1548.0,16363.9,1748.0,719.6,3518.7,0.0,253.6,0.0,22350.0,0.0,1537.8,15986.9,0.0,0.0
LowNGPrice,NorthernGrid_South,2040,124747050.0,6201288.0,0.0,1136701.5,132085040.0,120262277.7,63897730.0,22946092.0,26891028.0,0.0359,0.054,0.12,102732.67,28653.1,133.0,2.5,0.25,15.7,1003.4,0.06,133.1,45.6,178.8,124.5,2.3,0.23,14.7,939.2,0.05,124.6,42.8,167.3,149.0,2.8,0.28,17.6,1123.2,0.06,149.1,51.1,200.2,300.2,5.7,0.59,35.5,2245.0,0.14,300.5,102.5,403.0,18088151.8,340.9,34.1,2139597.3,136495.2,7.9,18107619.2,6209297.8,24316916.9,22.04,19.72,0.0,41.75,23.89,22.39,0.0,46.28,284715.6,7802929.0,8090427.0,136029970.0,68187310.0,5281433.0,101738.8,0.0,0.0,0.0,2748029.2,50846948.0,5005.0,4874558.0,6731779.0,0.0,1199.6,0.0,60729140.0,4710140.5,0.0,3746.9,20.4,0.0,0.0,1557.6,21115.0,1748.0,704.0,3518.7,0.0,239.6,0.0,26003.4,0.0,1517.4,14987.6,0.0,0.0
LowNGPrice,NorthernGrid_South,2045,138886180.0,6920369.0,0.0,1370054.8,147176590.0,133893102.3,66219750.0,27814458.0,34828104.0,0.0359,0.054,0.12,107615.2,32596.7,131.3,2.5,0.25,15.5,990.5,0.06,131.4,45.1,176.5,101.9,1.9,0.19,12.1,768.8,0.04,102.0,35.0,137.0,116.2,2.2,0.22,13.7,876.4,0.05,116.3,39.9,156.2,289.0,5.5,0.56,34.2,2167.9,0.13,289.4,98.8,388.2,20239239.8,381.5,38.1,2393702.3,152729.2,8.8,20261021.4,6947431.3,27208452.7,20.95,21.02,0.14,42.13,22.79,23.92,0.15,46.88,264023.8,14638853.0,14905574.0,154190240.0,80956840.0,5894147.0,101738.8,0.0,0.0,0.0,2779460.0,57105030.0,1818.0,3398188.5,6731745.5,0.0,737.4,0.0,72335030.0,5842350.0,0.0,4174.5,20.4,0.0,0.0,1593.1,24762.3,1730.9,504.6,3518.7,0.0,239.6,0.0,32733.7,0.0,1823.5,16697.8,0.0,0.0
LowNGPrice,NorthernGrid_South,2050,152025470.0,11481126.0,0.0,1501129.5,165007730.0,146560143.7,66812684.0,30984218.0,45361284.0,0.0359,0.0539,0.12,107626.02,36522.6,122.0,2.3,0.23,14.4,920.8,0.05,122.2,41.9,164.0,76.0,1.4,0.14,9.0,573.6,0.03,76.1,26.1,102.2,98.7,1.9,0.19,11.7,744.8,0.04,98.8,33.9,132.7,285.3,5.4,0.54,33.7,2148.0,0.13,285.6,97.8,383.3,21889549.3,412.5,41.3,2588647.5,165185.3,9.5,21913105.7,7513763.4,29426869.1,19.65,20.99,0.53,41.22,21.68,24.5,0.59,46.8,345469.8,20867342.0,21213826.0,179384800.0,98195050.0,9778755.0,101738.8,0.0,0.0,0.0,2948227.0,61901570.0,1401.7,2676069.5,6730095.0,0.0,129.6,0.0,88528760.0,6718057.5,0.0,7168.8,20.4,0.0,0.0,1702.3,27864.8,1167.7,422.7,3518.7,0.0,11.4,0.0,41064.5,0.0,2120.7,28675.3,0.0,0.0
LowNGPrice,NorthernGrid_West,2025,158100640.0,6248.1,174334.1,2285559.8,160566780.0,152414716.7,131866520.0,124754.2,26336314.0,0.036,0.054,0.12,96892.87,33227.5,18.0,0.3,0.03,2.8,169.9,0.02,18.1,7.9,26.0,20.3,0.4,0.04,3.1,190.8,0.02,20.3,8.8,29.2,285.1,14.2,1.9,25.7,1998.6,0.13,286.1,85.3,371.4,487.8,34.1,4.77,35.1,2691.1,0.23,490.1,115.4,605.5,3370297.7,63.5,6.4,526802.5,31739.0,3.5,3373924.6,1473580.2,4847504.7,26.31,16.64,0.35,43.31,27.91,17.87,0.38,46.16,0.0,0.0,0.0,186778350.0,28700262.0,5190.6,1228183.5,8116832.0,0.0,0.0,824964.1,8822887.0,0.0,145213.4,130430860.0,9193461.0,0.0,135464.2,3827532.5,24047764.0,0.0,20.1,205.7,0.0,0.0,658.0,6007.1,1371.8,19.5,30835.3,1151.0,2.5,314.0,1961.8,0.0,7528.0,80.2,2512.0,0.0
LowNGPrice,NorthernGrid_West,2030,174448350.0,12993.4,187779.6,2107824.8,176756940.0,168174908.6,129144620.0,1442686.5,22014792.0,0.036,0.054,0.12,96884.7,35392.0,14.3,0.3,0.03,2.2,108.8,0.02,14.3,5.5,19.8,11.1,0.2,0.02,1.5,84.1,0.01,11.1,4.0,15.1,40.0,1.4,0.17,4.2,267.3,0.02,40.1,12.2,52.3,407.7,27.8,3.88,30.0,1947.2,0.19,409.6,88.1,497.6,2815098.2,53.1,5.3,440192.1,21468.2,3.2,2818127.6,1080810.1,3898937.7,18.15,16.37,1.18,35.73,19.24,17.54,1.25,38.04,47491.7,58276.0,105817.5,197329060.0,47612320.0,10970.9,694166.0,6131838.5,0.0,0.0,1190061.0,7323154.5,2740.1,144616.6,126065860.0,9193461.0,0.0,149931.4,6578044.5,39844212.0,0.0,20.1,133.2,0.0,0.0,944.5,5675.3,1427.4,19.5,31720.2,1151.0,0.0,314.0,3251.4,0.0,11228.2,80.2,2512.0,0.0
LowNGPrice,NorthernGrid_West,2035,194986430.0,21266.2,261565.6,2794188.8,198063460.0,187974581.0,127254770.0,2961311.5,27237066.0,0.036,0.054,0.12,99031.31,39188.2,12.8,0.2,0.02,2.0,97.2,0.01,12.8,4.9,17.6,9.4,0.2,0.02,1.2,71.3,0.01,9.4,3.4,12.8,27.3,0.5,0.05,3.2,205.6,0.01,27.3,9.4,36.7,257.2,4.9,0.49,30.4,1934.3,0.11,257.5,88.1,345.6,2835310.0,53.4,5.3,437086.1,21614.0,3.2,2838361.2,1082045.1,3920406.3,18.75,16.6,0.0,35.34,19.88,17.83,0.0,37.71,300496.7,856611.5,1157117.6,222339230.0,70808680.0,17811.9,581470.0,5455802.5,0.0,0.0,1525337.9,7353781.0,7404.9,138921.4,128575130.0,9193461.0,0.0,206740.5,16654862.0,52628484.0,0.0,19.4,117.9,0.0,0.0,1209.2,5538.3,1391.4,19.5,31731.4,1151.0,0.0,314.0,8263.8,0.0,15029.9,77.7,2512.0,0.0
LowNGPrice,NorthernGrid_West,2040,214420690.0,3317.7,275085.0,3044335.5,217743410.0,206710103.9,133197784.0,5202577.5,30327324.0,0.036,0.054,0.12,116189.53,43287.4,18.7,0.4,0.04,2.6,142.1,0.02,18.7,6.9,25.6,6.6,0.1,0.01,0.9,49.8,0.0,6.6,2.4,9.0,37.7,0.7,0.07,4.5,284.4,0.02,37.7,12.9,50.7,247.3,4.7,0.47,29.2,1858.2,0.11,247.5,84.6,332.2,4542891.7,85.6,8.6,638803.5,34499.8,3.9,4547780.5,1667958.6,6215739.1,18.21,19.77,0.0,37.98,19.3,21.24,0.0,40.54,671743.7,1526793.5,2198566.5,242868180.0,84545640.0,2802.4,581470.0,6002067.0,0.0,0.0,1531656.9,12407354.0,0.0,136414.7,129781620.0,9193461.0,0.0,217336.9,23280508.0,59733470.0,0.0,2.5,117.9,0.0,0.0,1216.2,8298.1,956.1,19.5,31731.4,1151.0,0.0,314.0,11682.0,0.0,17095.8,10.0,2512.0,0.0
LowNGPrice,NorthernGrid_West,2045,232522140.0,3492.5,393950.8,3609395.5,236529000.0,224160727.9,136824670.0,10686792.0,34135620.0,0.036,0.054,0.12,107969.15,46963.4,19.3,0.4,0.04,2.7,146.5,0.02,19.3,7.0,26.4,5.6,0.1,0.01,0.8,42.8,0.0,5.6,2.1,7.7,29.4,0.6,0.06,3.5,221.7,0.01,29.4,10.1,39.5,248.8,4.7,0.48,29.4,1869.1,0.11,249.1,85.1,334.2,5019221.5,94.6,9.5,695072.5,38094.2,4.1,5024622.9,1831399.2,6856022.1,17.6,18.5,0.86,36.97,18.67,19.93,0.91,39.52,1267958.9,3105918.0,4373877.0,259977810.0,99704320.0,2953.4,581470.0,5129962.5,0.0,0.0,1579692.0,13701962.0,65574.5,0.0,131287920.0,9193461.0,0.0,310186.6,30568484.0,67556140.0,0.0,2.5,117.9,0.0,0.0,1256.7,8566.8,1717.8,0.0,31739.5,1151.0,0.0,314.0,15707.5,0.0,19619.0,10.0,2512.0,0.0
LowNGPrice,NorthernGrid_West,2050,249583570.0,268081.8,492372.0,4067728.8,254411730.0,240608726.2,139658110.0,14767325.0,35601356.0,0.036,0.054,0.12,109990.29,50377.6,19.1,0.4,0.04,2.6,144.8,0.02,19.1,6.9,26.0,4.7,0.1,0.01,0.7,35.9,0.0,4.7,1.7,6.5,30.5,0.6,0.06,3.6,230.2,0.01,30.5,10.5,41.0,251.7,4.8,0.48,29.7,1896.5,0.11,252.0,86.3,338.3,5251168.7,99.0,9.9,722472.5,39844.5,4.2,5256819.7,1910986.0,7167805.7,17.73,18.81,0.04,36.58,18.83,20.3,0.05,39.18,1329600.0,3941062.8,5270663.0,275245760.0,114753624.0,227222.0,581470.0,5930359.5,0.0,0.0,1694891.6,14292306.0,181713.8,0.0,129694100.0,9193461.0,0.0,391522.8,36181580.0,76877150.0,0.0,210.0,117.9,0.0,0.0,1351.6,8126.1,5314.0,0.0,31739.5,1151.0,0.0,314.0,18560.3,0.0,22129.6,840.1,2512.0,0.0
LowNGPrice,PJM_East,2025,729503100.0,4765987.0,5444070.5,4193966.0,743907100.0,703274030.2,654053950.0,2268824.2,4524962.0,0.0359,0.054,0.12,113528.93,166849.3,363.0,27.3,3.84,26.6,1870.2,0.22,364.8,82.4,447.2,382.4,28.8,4.05,27.9,1966.1,0.23,384.3,86.6,470.9,292.4,6.9,0.77,33.4,2610.3,0.13,292.8,111.2,404.0,628.8,42.1,5.94,47.8,3454.3,0.34,631.7,150.9,782.6,270836801.9,20349.2,2865.6,19833249.9,1395449.6,160.8,272225528.8,61461536.0,333687064.7,36.67,22.69,0.41,59.76,38.88,24.85,0.42,64.16,413.0,0.0,413.0,746163260.0,89853140.0,4065287.5,5811802.5,0.0,172135180.0,0.0,6405400.0,297850430.0,2527448.5,0.0,9139849.0,159425470.0,942085.0,4412538.5,46264416.0,37142172.0,41144.8,3022.9,1143.7,37922.3,0.0,4459.6,55245.4,21618.0,0.0,3160.5,19959.7,9042.1,5203.0,22939.4,12.0,11762.3,13811.5,41624.0,0.0
LowNGPrice,PJM_East,2030,777558700.0,10555999.0,5279903.0,5004189.5,798398800.0,749600225.3,644279400.0,12728059.0,1664382.8,0.0359,0.054,0.12,113532.8,175313.0,259.2,12.1,1.6,26.2,1549.9,0.16,259.9,72.4,332.4,269.9,12.6,1.68,27.2,1610.7,0.17,270.8,75.3,346.0,245.1,4.8,0.5,28.8,1829.4,0.11,245.4,83.4,328.7,557.0,35.9,5.1,44.4,2584.6,0.34,559.4,121.5,680.9,204039975.9,9487.5,1261.0,20633177.3,1220251.4,127.9,204666955.0,57031572.3,261698527.3,29.75,21.96,0.46,52.17,31.59,24.19,0.48,56.26,38195.6,5833.2,44028.8,787335100.0,154119340.0,8991930.0,4394278.0,0.0,59624670.0,0.0,9387581.0,379138400.0,5643031.0,0.0,9407797.0,159425470.0,2314631.2,4275569.0,53250910.0,62446516.0,29034330.0,6679.7,951.3,31165.2,0.0,6510.4,60745.5,21008.1,0.0,3247.5,19959.7,7325.1,5203.0,26158.5,7860.4,17688.4,28438.9,41624.0,0.0
LowNGPrice,PJM_East,2035,847549400.0,20516060.0,4562273.0,6153878.5,878781600.0,817072973.4,617339200.0,49884620.0,6018549.0,0.0359,0.054,0.12,116741.02,191851.3,170.5,3.3,0.34,22.1,1274.5,0.12,170.7,60.1,230.8,173.4,3.3,0.35,22.5,1294.4,0.12,173.6,61.1,234.7,202.7,3.9,0.4,24.0,1516.3,0.09,202.9,69.2,272.1,357.8,7.7,0.96,42.9,2444.4,0.24,358.3,115.8,474.1,142361643.4,2735.7,283.6,18432070.3,1064076.9,98.7,142520578.3,50168495.3,192689073.6,29.07,21.36,0.0,50.44,30.92,23.69,0.0,54.61,49404.6,2552.8,51957.4,834915500.0,261442350.0,17520586.0,4394278.0,0.0,0.0,0.0,11187668.0,368129700.0,8055169.5,0.0,9447335.0,159425470.0,2785472.5,3715167.2,80372100.0,93168900.0,76713680.0,16707.3,951.3,0.0,0.0,7762.5,72461.3,21193.7,0.0,3277.5,19959.7,5884.8,5203.0,38647.9,20620.4,27244.4,68549.2,41624.0,0.0
LowNGPrice,PJM_East,2040,922468740.0,25698876.0,4472574.5,8474517.0,961114750.0,889297652.2,657761600.0,84244070.0,24206784.0,0.0359,0.054,0.12,116935.93,208910.7,164.1,3.1,0.32,21.2,1230.9,0.11,164.3,57.9,222.2,160.9,3.1,0.32,20.8,1207.0,0.11,161.1,56.8,217.9,176.5,3.3,0.34,20.9,1329.8,0.08,176.7,60.5,237.2,337.0,6.8,0.77,40.1,2421.5,0.19,337.4,112.3,449.8,147890090.7,2827.1,290.3,19071823.4,1109126.7,100.0,148053584.5,52151087.2,200204671.6,27.96,21.45,0.43,49.84,29.76,23.86,0.45,54.08,94434.8,30399.4,124834.2,901077400.0,303353100.0,21943080.0,4341244.5,0.0,0.0,0.0,12593574.0,389577820.0,7289611.0,0.0,9447335.0,159425470.0,2080487.8,3619282.5,90798230.0,105866090.0,94095190.0,22768.9,944.1,0.0,0.0,8747.7,83839.3,21905.5,0.0,3277.5,19959.7,5285.7,5203.0,43368.4,25145.4,30652.7,91075.7,41624.0,0.0
LowNGPrice,PJM_East,2045,1000426300.0,37304944.0,4017255.5,10332841.0,1052081300.0,964452350.2,715258900.0,99132230.0,36568990.0,0.0359,0.054,0.12,131468.39,227469.6,163.7,3.1,0.32,20.9,1230.4,0.11,163.8,57.6,221.5,159.2,3.0,0.31,20.5,1197.2,0.11,159.4,56.2,215.6,189.6,3.6,0.36,22.4,1427.1,0.08,189.8,65.0,254.8,333.5,6.6,0.73,39.6,2423.7,0.17,333.9,111.9,445.8,161947909.4,3083.3,314.2,20726672.1,1217516.6,105.3,162125570.0,57037411.7,219162981.7,25.47,24.16,0.7,50.32,27.12,27.12,0.7,54.94,120610.9,91656.4,212267.2,989518000.0,336822430.0,31860374.0,4341244.5,0.0,0.0,0.0,15227245.0,436702400.0,6044400.5,0.0,9447335.0,159425470.0,1614877.9,3259534.8,113930650.0,113018990.0,94645544.0,33975.2,944.1,0.0,0.0,10590.7,92530.8,20763.9,0.0,3277.5,19959.7,4705.9,5203.0,54109.8,25145.4,32611.7,135900.7,41624.0,0.0
LowNGPrice,PJM_East,2050,1069901800.0,39762436.0,4325853.5,11151108.0,1125141200.0,1031430821.2,765559800.0,121788530.0,40155616.0,0.0359,0.054,0.12,130154.03,245620.7,158.6,3.0,0.3,20.4,1197.8,0.1,158.8,56.1,214.9,151.9,2.9,0.29,19.6,1147.4,0.1,152.1,53.8,205.9,167.9,3.2,0.32,20.0,1264.2,0.08,168.1,57.7,225.8,330.9,6.4,0.68,39.2,2442.1,0.16,331.3,112.1,443.4,165529433.0,3131.3,315.3,21281740.5,1249965.7,108.5,165708832.0,58560329.0,224269161.0,23.57,24.21,0.81,48.58,25.12,27.23,0.8,53.14,230427.1,212962.6,443389.7,1043508350.0,359581400.0,33933852.0,4341244.5,0.0,0.0,0.0,18629350.0,448001340.0,8267599.0,0.0,9447335.0,175819090.0,629691.2,3486799.2,125706750.0,120349160.0,94896136.0,33627.5,944.1,0.0,0.0,12978.7,96529.2,32258.9,0.0,3277.5,22012.1,2200.3,5203.0,59386.1,25145.4,34463.0,134509.8,41624.0,0.0
LowNGPrice,PJM_West,2025,108721384.0,2247559.2,0.0,132303.2,111101230.0,104813044.6,101451640.0,1030833.0,19902378.0,0.0359,0.0539,0.12,113481.64,26283.5,75.8,1.4,0.14,15.4,721.1,0.18,75.9,36.9,112.8,86.6,1.9,0.2,16.6,804.3,0.18,86.7,40.6,127.3,314.5,11.9,1.54,32.2,2428.7,0.16,315.3,104.6,419.9,614.2,39.2,5.47,48.1,3581.9,0.31,616.8,154.9,771.8,9853879.3,186.6,18.8,1996879.6,93717.6,22.9,9864581.2,4795925.7,14660506.9,33.89,25.34,0.11,59.34,36.13,28.04,0.1,64.27,0.0,0.0,0.0,129972780.0,9649597.0,1917347.2,388265.3,0.0,0.0,0.0,176160.6,21217046.0,3340229.0,0.0,178472.8,93222180.0,59657.7,0.0,3173194.2,6300242.0,0.0,2205.0,83.0,0.0,0.0,119.7,6502.8,8146.7,0.0,59.1,11671.2,401.5,0.0,1503.6,0.0,1959.0,8820.0,0.0,0.0
LowNGPrice,PJM_West,2030,117765656.0,2371396.2,0.0,161547.8,120298610.0,113531812.1,98871870.0,1978658.4,23443566.0,0.0359,0.054,0.12,113481.74,27740.6,70.2,1.3,0.13,14.2,541.8,0.16,70.3,30.4,100.6,75.1,1.5,0.15,14.7,576.9,0.16,75.2,31.9,107.1,172.2,5.3,0.68,18.9,1124.2,0.1,172.5,52.4,225.0,484.6,23.4,3.16,44.8,2794.3,0.25,486.2,128.2,614.3,9949965.8,188.5,19.0,2008256.2,76804.4,23.0,9960775.4,4303301.0,14264076.4,23.98,24.56,0.26,48.81,25.56,27.13,0.22,52.92,0.0,0.0,0.0,141763520.0,21426738.0,2028981.8,388265.3,0.0,0.0,0.0,276630.3,20542882.0,3912682.5,0.0,178472.8,93222180.0,63327.4,0.0,5390736.0,15759373.0,0.0,2205.0,83.0,0.0,0.0,187.8,6502.8,8149.0,0.0,59.1,11671.2,52.7,0.0,2528.6,0.0,4368.7,8820.0,0.0,0.0
LowNGPrice,PJM_West,2035,133569050.0,5098614.0,0.0,292373.8,138960030.0,128766691.1,115878550.0,9717615.0,12682770.0,0.0359,0.054,0.12,133590.81,30031.3,58.6,1.1,0.11,12.8,454.8,0.16,58.7,26.4,85.0,58.2,1.1,0.11,12.5,451.3,0.15,58.3,26.0,84.3,157.9,3.1,0.33,18.7,1165.4,0.08,158.1,53.5,211.5,330.0,6.7,0.76,39.3,2363.9,0.18,330.4,109.8,440.2,8316366.3,157.4,15.9,1815100.2,64547.8,22.2,8325388.4,3744698.7,12070087.1,22.43,27.21,0.0,49.64,24.04,30.48,0.0,54.52,127108.2,11005.6,138113.8,141925200.0,23081484.0,4359334.5,388265.3,0.0,0.0,0.0,608811.3,17819782.0,2830768.2,0.0,178472.8,93222180.0,44917.9,0.0,5412459.5,17060212.0,0.0,4263.9,83.0,0.0,0.0,413.2,6502.8,8150.8,0.0,59.1,11671.2,52.7,0.0,2528.6,0.0,4728.7,17055.7,0.0,0.0
LowNGPrice,PJM_West,2040,145841920.0,7141721.5,0.0,416294.2,153399940.0,140598110.2,127218580.0,18379508.0,13052738.0,0.0359,0.054,0.12,130232.49,33169.7,59.1,1.1,0.11,12.6,458.2,0.15,59.2,26.3,85.5,55.9,1.1,0.11,11.6,432.0,0.14,55.9,24.5,80.4,142.5,2.8,0.29,16.9,1055.0,0.07,142.7,48.3,191.0,322.8,6.5,0.72,38.4,2334.9,0.17,323.2,108.0,431.2,8754101.6,165.7,16.7,1866818.8,67847.6,22.4,8763596.3,3894801.9,12658398.2,22.96,26.0,0.0,48.96,24.66,29.47,0.0,54.13,103604.1,4606.9,108211.0,148073170.0,26181362.0,6105223.5,388265.3,0.0,0.0,0.0,1140165.6,19323110.0,2628753.8,0.0,178472.8,93222180.0,45807.4,0.0,5466319.0,19574878.0,0.0,6367.6,83.0,0.0,0.0,773.7,6502.8,8145.4,0.0,59.1,11671.2,52.7,0.0,2528.6,0.0,5392.7,25470.5,0.0,0.0
LowNGPrice,PJM_West,2045,157731800.0,12239243.0,0.0,656732.7,170627790.0,152060434.7,135054180.0,40052496.0,16710458.0,0.0359,0.054,0.12,141638.5,35841.2,19.4,0.4,0.04,7.9,159.6,0.13,19.4,12.7,32.1,23.7,0.4,0.04,7.5,189.8,0.11,23.7,13.2,36.9,76.5,1.5,0.15,9.1,568.3,0.04,76.6,26.0,102.6,298.8,5.9,0.63,35.4,2195.7,0.15,299.2,100.9,400.1,2854438.6,53.8,5.4,1169442.1,23505.3,19.8,2857510.4,1875311.0,4732821.4,22.38,27.1,0.0,49.48,24.29,31.52,0.0,55.81,78528.5,790.6,79319.1,147285740.0,35573604.0,10467399.0,388265.3,0.0,0.0,0.0,2018412.8,7051659.0,404180.5,0.0,178472.8,93222180.0,0.0,0.0,10449995.0,23105196.0,0.0,10991.3,83.0,0.0,0.0,1368.3,2168.8,674.8,0.0,59.1,11671.2,0.0,0.0,4785.0,0.0,6268.2,43965.4,0.0,0.0
LowNGPrice,PJM_West,2050,167146640.0,16500299.0,0.0,747438.4,184394380.0,161136832.2,142177700.0,51972212.0,18059178.0,0.0359,0.054,0.12,136942.2,37883.1,19.4,0.4,0.04,7.4,158.7,0.12,19.5,12.2,31.6,24.1,0.5,0.05,6.9,191.7,0.1,24.2,12.7,36.8,38.3,0.7,0.08,4.5,286.6,0.02,38.4,13.1,51.4,304.0,6.0,0.65,36.1,2226.3,0.15,304.4,102.5,406.8,2923784.2,55.1,5.5,1114256.0,23877.9,18.4,2926930.6,1830845.0,4757775.6,20.92,25.67,0.0,46.59,22.83,30.46,0.0,53.29,10806.6,254.6,11061.2,150481340.0,42216690.0,14107787.0,388265.3,0.0,0.0,0.0,3042740.5,7014305.0,558263.0,0.0,178472.8,86017560.0,0.0,0.0,15286230.0,23887716.0,0.0,13938.9,83.0,0.0,0.0,2062.5,2168.8,1078.5,0.0,59.1,10769.2,0.0,0.0,6953.7,0.0,6416.7,55755.6,0.0,0.0
LowNGPrice,SERTP,2025,652517760.0,1971086.8,6279284.0,637130.6,661405250.0,629056647.7,618309900.0,2568086.0,3099836.8,0.0359,0.054,0.12,120078.97,146035.0,361.1,32.9,4.71,22.3,1432.4,0.25,363.3,65.1,428.4,379.8,34.6,4.96,23.5,1505.3,0.26,382.2,68.4,450.6,512.5,30.2,4.17,42.3,3191.3,0.26,514.5,137.5,652.0,636.5,42.6,6.05,48.8,3430.4,0.37,639.5,151.1,790.6,239000844.7,21782.4,3119.5,14794144.2,948191.3,162.5,240501573.4,43094600.9,283596174.2,38.43,24.41,0.0,62.84,40.74,26.63,0.0,67.37,0.0,188.9,188.9,661937000.0,43095348.0,1686805.6,4098943.2,0.0,182115660.0,0.0,2501167.8,156177000.0,2103343.5,0.0,33546214.0,233058610.0,968451.4,5086631.5,39144892.0,1449286.1,0.0,1540.2,631.6,32078.1,0.0,1637.9,40915.4,26815.4,0.0,12077.7,29178.4,5077.2,6475.7,18332.4,0.0,516.1,6160.8,51805.6,0.0
LowNGPrice,SERTP,2030,699584600.0,6884567.0,6226605.0,833126.3,713528800.0,674431152.7,650621300.0,7409044.0,2796246.8,0.0359,0.054,0.12,120108.34,156064.3,256.5,15.3,2.1,24.0,1353.7,0.19,257.5,64.4,321.9,269.4,16.1,2.21,25.2,1421.7,0.2,270.5,67.6,338.1,295.3,6.7,0.73,33.9,2164.8,0.13,295.7,98.5,394.2,490.3,33.9,4.82,36.6,2186.1,0.28,492.6,101.8,594.4,181830407.9,10839.8,1489.7,16997178.1,959690.3,132.1,182560115.4,45632017.0,228192132.4,31.33,24.11,0.0,55.43,33.24,26.45,0.0,59.69,114.9,12.8,127.7,708916030.0,62907530.0,5869228.5,4254093.0,0.0,80135750.0,0.0,5159189.0,277870900.0,3074889.0,0.0,35449416.0,233058610.0,1253302.8,5042325.0,48212970.0,9535372.0,0.0,5032.7,652.7,26946.1,0.0,3387.1,50986.0,26552.4,0.0,12641.5,29178.4,4189.2,6475.7,22283.8,0.0,2979.9,20131.0,51805.6,0.0
LowNGPrice,SERTP,2035,784413250.0,32164730.0,9889228.0,2674019.2,829141250.0,756210335.1,508797380.0,30437820.0,21127558.0,0.0359,0.054,0.12,112566.78,172226.5,87.5,1.7,0.17,13.0,661.3,0.1,87.6,32.8,120.4,94.7,1.8,0.18,14.1,715.3,0.1,94.8,35.4,130.2,135.2,2.7,0.3,16.1,978.2,0.07,135.4,45.2,180.6,263.7,5.4,0.63,31.5,1866.8,0.15,264.0,87.1,351.2,71746831.7,1368.8,140.0,10678612.8,542122.1,79.5,71825850.4,26855547.5,98681397.8,29.0,20.52,0.0,49.52,31.19,23.24,0.0,54.42,792506.7,1767925.6,2560432.2,819831000.0,320343870.0,27406436.0,3907996.5,0.0,0.0,0.0,7227294.5,187509740.0,3218695.2,0.0,35432076.0,233058610.0,984997.8,7968576.0,193542400.0,119574170.0,0.0,21845.8,605.7,0.0,0.0,4779.3,52157.7,25935.5,0.0,12641.5,29178.4,3258.9,6475.7,89563.9,0.0,38677.0,87383.3,51805.6,0.0
LowNGPrice,SERTP,2040,867388740.0,48259456.0,11244529.0,4222593.0,931115200.0,836202509.2,519557020.0,40626012.0,28567948.0,0.0359,0.054,0.12,109375.96,192249.8,74.9,1.4,0.14,11.2,568.1,0.08,75.0,28.2,103.1,82.9,1.6,0.16,12.4,628.9,0.09,83.0,31.2,114.2,124.7,2.4,0.24,14.7,936.9,0.06,124.9,42.7,167.6,244.9,4.8,0.52,29.1,1794.9,0.12,245.2,82.6,327.7,68814080.2,1305.4,132.2,10326830.5,522110.5,77.5,68889059.7,25906885.6,94795945.3,27.96,19.71,0.0,47.67,30.24,22.67,0.0,52.91,2010656.4,5528575.0,7539231.0,919057200.0,411558240.0,41137920.0,3907996.5,0.0,0.0,0.0,8427596.0,181449420.0,2973798.2,0.0,35427084.0,233058610.0,508624.6,9035508.0,246862240.0,156268430.0,0.0,32920.8,605.7,0.0,0.0,5597.6,53085.8,25935.5,0.0,12641.5,29178.4,2476.7,6475.7,114701.5,0.0,50046.8,131683.2,51805.6,0.0
LowNGPrice,SERTP,2045,949827800.0,50797820.0,12818263.0,4860808.0,1018304700.0,915678345.2,539708700.0,50552856.0,37385556.0,0.0359,0.054,0.12,116519.91,213091.2,73.0,1.4,0.14,10.8,554.8,0.08,73.0,27.3,100.4,80.7,1.5,0.15,11.9,613.4,0.09,80.8,30.2,110.9,134.5,2.5,0.26,15.9,1012.5,0.06,134.6,46.1,180.7,206.5,4.0,0.41,24.4,1537.9,0.1,206.7,70.3,277.0,73328987.4,1384.7,139.0,10818071.8,557657.5,78.8,73408190.9,27457779.2,100865970.1,24.98,21.21,0.0,46.19,27.12,24.38,0.0,51.5,3742216.8,11312907.0,15055123.0,1005137400.0,478596000.0,43265556.0,3318989.5,0.0,0.0,0.0,10312143.0,198353800.0,2623491.8,0.0,35427296.0,233058610.0,163427.3,10330208.0,298813150.0,169470720.0,0.0,33862.5,525.7,0.0,0.0,6878.6,64865.7,36951.4,0.0,12641.5,29178.4,1865.8,6475.7,139543.8,0.0,54093.5,135450.2,51805.6,0.0
LowNGPrice,SERTP,2050,1024535700.0,67170536.0,12269399.0,6554502.5,1110530000.0,987701206.9,559149200.0,61214344.0,49457960.0,0.0359,0.054,0.12,114689.09,232882.2,68.2,1.3,0.13,10.0,519.2,0.07,68.3,25.5,93.8,75.5,1.4,0.14,11.1,574.1,0.08,75.5,28.2,103.7,104.9,2.0,0.2,12.4,788.9,0.05,105.0,35.9,140.9,180.9,3.5,0.36,21.4,1349.5,0.08,181.1,61.6,242.7,74964092.9,1413.7,141.5,11009628.8,570456.2,79.4,75044864.1,28030888.5,103075752.6,22.21,20.82,0.0,43.03,24.27,24.18,0.0,48.45,6604904.5,19761506.0,26366410.0,1098773600.0,551380800.0,57229610.0,3305731.0,0.0,0.0,0.0,13390131.0,207186530.0,1287661.9,0.0,35376430.0,233058610.0,58453.3,9889810.0,350939400.0,187051300.0,0.0,45287.4,523.9,0.0,0.0,8921.6,76615.7,36290.3,0.0,12641.5,29178.4,560.3,6475.7,165875.8,0.0,60394.0,181149.5,51805.6,0.0
LowNGPrice,SPP_North,2025,57102880.0,2558.6,0.0,678123.8,57783564.0,55049471.5,17578152.0,2387450.8,16513773.0,0.0359,0.054,0.12,24495.29,12809.3,227.0,25.4,3.69,8.4,551.4,0.13,228.8,24.9,253.7,242.4,27.1,3.93,9.2,591.0,0.14,244.3,26.8,271.1,590.3,56.4,8.14,29.2,2067.0,0.31,594.2,90.8,685.1,831.8,81.8,11.83,38.9,2745.6,0.43,837.5,120.8,958.4,16323193.8,1825.8,265.1,607608.2,39648.5,9.2,16449977.2,1791657.4,18241634.6,29.44,4.88,0.0,34.32,31.22,5.28,0.0,36.51,97686.4,1416.6,99103.0,71909890.0,40205412.0,2185.0,50348.1,120745.0,15469875.0,0.0,56516.5,876810.1,390980.5,0.0,8633832.0,6150273.5,9424.6,0.0,579933.9,39568960.0,0.0,1.7,11.0,8315.7,0.0,34.1,678.8,3864.6,0.0,2431.1,770.0,441.2,0.0,275.3,0.0,10960.1,6.8,0.0,0.0
LowNGPrice,SPP_North,2030,64134456.0,2799.6,0.0,826378.1,64963636.0,61828089.0,14599693.0,7012681.5,14528842.0,0.0359,0.054,0.12,24477.96,13374.0,88.7,9.1,1.31,4.6,259.0,0.06,89.3,12.3,101.6,100.2,10.2,1.48,5.1,293.1,0.07,100.9,13.9,114.8,401.1,32.9,4.7,24.8,1565.7,0.21,403.3,71.5,474.8,490.7,39.0,5.56,31.4,1986.4,0.25,493.3,90.6,584.0,6426274.0,656.1,94.7,329880.4,18775.4,4.4,6471677.1,890575.6,7362252.7,19.9,4.72,0.0,24.62,21.11,5.09,0.0,26.2,4464879.0,79457.4,4544336.0,72479790.0,50363944.0,2390.4,50348.1,109227.2,5457900.0,0.0,76114.4,1211170.6,708842.4,0.0,8415967.0,6150273.5,9733.0,0.0,2451714.5,47836110.0,0.0,1.7,11.0,6068.0,0.0,48.1,678.8,3455.9,0.0,2583.1,770.0,53.1,0.0,1091.0,0.0,12697.6,6.8,0.0,0.0
LowNGPrice,SPP_North,2035,74613520.0,409723.1,0.0,1504192.9,76527440.0,71929850.4,1912490.0,12700838.0,27232566.0,0.036,0.054,0.12,104505.98,14881.9,9.9,0.2,0.02,1.8,75.7,0.02,9.9,4.0,13.9,12.1,0.2,0.02,2.2,92.3,0.02,12.1,4.9,17.0,110.5,2.3,0.27,13.2,780.8,0.07,110.7,36.5,147.1,244.0,4.9,0.56,29.0,1749.8,0.14,244.3,81.2,325.5,901378.5,17.1,1.7,162088.4,6890.8,1.6,902365.8,367881.3,1270247.1,16.78,25.93,0.0,42.72,17.82,27.89,0.0,45.71,11945333.0,694133.9,12639467.0,91059170.0,74614940.0,350158.0,50348.1,102580.6,0.0,0.0,106286.7,821634.8,1036587.4,0.0,7922445.0,6150273.5,10189.9,0.0,8733818.0,65774840.0,0.0,281.9,11.0,0.0,0.0,71.4,678.8,3672.3,0.0,2609.1,770.0,51.1,0.0,3967.9,0.0,19025.2,1127.7,0.0,0.0
LowNGPrice,SPP_North,2040,82424530.0,967996.2,0.0,1644029.1,85036550.0,79459978.3,1796983.4,14944029.0,30058278.0,0.036,0.054,0.12,105265.38,16447.5,8.7,0.2,0.02,1.6,66.2,0.02,8.7,3.6,12.2,10.7,0.2,0.02,1.9,81.5,0.02,10.7,4.3,15.0,89.2,1.7,0.19,10.6,655.9,0.04,89.3,30.1,119.4,236.1,4.7,0.52,28.1,1718.1,0.12,236.4,79.3,315.7,866395.9,16.5,1.7,157942.0,6632.4,1.6,867343.3,356027.9,1223371.2,16.67,25.99,0.0,42.66,17.75,28.11,0.0,45.86,13309947.0,1144909.1,14454858.0,100150800.0,83239570.0,827432.1,50348.1,102977.1,0.0,0.0,158900.4,835849.0,969815.4,0.0,7965639.0,6150273.5,8898.9,0.0,10175445.0,72905224.0,0.0,681.6,11.0,0.0,0.0,103.3,684.0,3955.2,0.0,2609.1,770.0,51.1,0.0,4717.8,0.0,20639.4,2726.5,0.0,0.0
LowNGPrice,SPP_North,2045,89300220.0,992939.9,0.0,1775234.8,92068390.0,86088517.8,1371699.4,16227026.0,31841568.0,0.036,0.054,0.12,92206.92,18039.1,8.0,0.2,0.02,1.5,61.6,0.01,8.0,3.3,11.4,10.2,0.2,0.02,1.8,77.7,0.02,10.2,4.1,14.3,77.0,1.5,0.15,9.1,574.2,0.04,77.1,26.2,103.4,223.1,4.3,0.46,26.4,1651.2,0.11,223.3,75.7,299.0,865724.2,16.4,1.7,157854.9,6630.4,1.6,866669.5,355881.2,1222550.7,15.9,21.87,0.0,37.77,16.93,23.64,0.0,40.57,14346682.0,2376333.2,16723014.0,107682930.0,90696696.0,846322.4,50348.1,105263.6,0.0,0.0,250004.8,839065.4,972212.9,0.0,8014651.0,6150273.5,8105.2,0.0,13126205.0,77320490.0,0.0,681.6,11.0,0.0,0.0,161.6,684.0,4010.6,0.0,2609.1,770.0,51.1,0.0,6391.5,0.0,21722.3,2726.5,0.0,0.0
LowNGPrice,SPP_North,2050,94898470.0,890267.8,0.0,1889570.2,97678310.0,91485609.3,-1599267.2,17661752.0,36021844.0,0.036,0.054,0.12,94700.75,19488.0,7.3,0.1,0.01,1.3,56.2,0.01,7.3,3.0,10.4,4.2,0.1,0.01,0.5,31.3,0.0,4.2,1.4,5.6,36.9,0.7,0.07,4.4,276.3,0.02,37.0,12.6,49.6,219.8,4.2,0.44,26.0,1634.4,0.1,220.0,74.8,294.8,851166.7,16.1,1.6,156119.4,6526.8,1.6,852093.8,351057.5,1203151.3,15.17,22.31,0.0,37.48,16.14,24.1,0.0,40.24,17630054.0,2453313.5,20083368.0,116038400.0,99277576.0,760873.4,50348.1,102070.7,0.0,0.0,382422.7,829463.5,956641.8,0.0,7904501.5,6150273.5,6651.3,0.0,13084341.0,85810820.0,0.0,594.1,11.0,0.0,0.0,247.5,684.0,4047.2,0.0,2609.1,770.0,24.1,0.0,6362.8,0.0,24507.3,2376.6,0.0,0.0
LowNGPrice,SPP_South,2025,221456690.0,465853.1,927823.8,1937621.6,224788000.0,213495237.1,85894744.0,5429002.0,12045985.0,0.0359,0.0539,0.12,25008.16,51933.8,258.4,23.7,3.42,14.2,950.1,0.15,260.0,42.6,302.6,280.8,25.8,3.73,15.4,1028.4,0.16,282.6,46.1,328.7,537.1,42.5,6.15,35.7,2325.2,0.34,540.0,105.1,645.2,709.9,61.4,8.89,41.9,2779.8,0.42,714.2,124.9,839.1,59784233.5,5480.8,792.2,3289622.4,219859.6,35.2,60163821.1,9851037.7,70014858.8,31.5,5.35,0.0,36.85,33.51,5.84,0.0,39.35,6838929.0,492558.0,7331486.5,231404980.0,138893250.0,396881.8,117173.8,0.0,43696130.0,0.0,434018.6,30092544.0,1220784.9,0.0,3390220.5,9784525.0,3075587.0,737885.2,9827936.0,128631280.0,0.0,311.1,25.6,13966.8,0.0,258.6,11232.1,8892.1,0.0,1513.3,1225.0,9668.7,444.0,3886.7,0.0,36705.1,1244.4,3552.0,0.0
LowNGPrice,SPP_South,2030,240584220.0,472043.9,878054.8,2546686.0,244481000.0,231934473.0,43839380.0,9458764.0,20212854.0,0.0359,0.054,0.12,25005.48,54938.9,93.7,5.9,0.84,8.1,426.2,0.07,94.1,20.8,114.9,103.9,6.6,0.94,8.9,470.5,0.08,104.3,23.0,127.3,378.8,29.3,4.23,25.8,1479.1,0.24,380.8,69.9,450.7,389.2,22.1,3.18,34.6,1849.8,0.29,390.7,89.8,480.5,23904386.6,1494.2,215.1,2070130.0,108775.2,18.5,24007641.6,5316695.6,29324337.2,19.99,4.58,0.0,24.57,21.29,4.97,0.0,26.25,18761610.0,4416543.5,23178154.0,255235100.0,200641620.0,401685.4,117173.8,0.0,10104365.0,0.0,754018.0,25248026.0,1221983.9,0.0,3302458.8,9784525.0,3712004.5,701247.4,51780660.0,148106940.0,0.0,311.1,25.6,4843.1,0.0,454.6,10710.3,7835.6,0.0,1513.3,1225.0,7280.0,444.0,21962.9,0.0,39847.6,1244.4,3552.0,0.0
LowNGPrice,SPP_South,2035,273278600.0,887894.8,959168.3,3512363.5,278638000.0,263452597.6,-489408.6,29414108.0,63432456.0,0.0359,0.054,0.12,76567.56,59694.8,27.4,0.6,0.09,3.6,175.3,0.03,27.4,8.8,36.3,32.2,0.7,0.1,4.3,208.6,0.03,32.3,10.5,42.7,90.2,2.1,0.28,10.9,578.0,0.07,90.3,28.2,118.5,237.3,5.1,0.62,28.4,1638.4,0.15,237.6,77.3,314.9,8568337.1,200.1,27.3,1126222.4,54795.4,8.9,8581753.9,2761567.0,11343321.0,17.43,11.85,0.0,29.28,18.56,12.75,0.0,31.31,28596282.0,12127786.0,40724068.0,312656400.0,279127420.0,757632.8,117173.8,0.0,0.0,0.0,1174276.0,15423965.0,1204384.9,0.0,3322083.0,9784525.0,2148166.5,771005.5,73377980.0,204575170.0,0.0,526.6,25.6,0.0,0.0,708.4,10428.3,7593.1,0.0,1540.3,1225.0,6348.5,444.0,33175.0,0.0,55520.2,2106.4,3552.0,0.0
LowNGPrice,SPP_South,2040,304101380.0,2659765.0,985149.4,3879202.5,311625470.0,293166991.9,-6690402.5,32246922.0,72538910.0,0.0359,0.054,0.12,81407.29,65583.7,22.2,0.5,0.07,2.9,145.6,0.02,22.2,7.3,29.5,26.4,0.6,0.08,3.5,175.0,0.03,26.5,8.7,35.2,81.4,1.8,0.23,9.8,548.8,0.06,81.5,26.1,107.7,227.0,4.7,0.55,27.1,1602.5,0.13,227.3,74.9,302.2,7799269.4,177.0,23.4,1029746.0,51227.0,7.9,7810927.3,2558461.7,10369389.0,16.6,12.42,0.0,29.03,17.71,13.43,0.0,31.14,39743470.0,15673514.0,55416984.0,351917470.0,318315870.0,2267509.8,117173.8,0.0,0.0,0.0,1518884.8,14381373.0,1301680.0,0.0,3286589.0,9784525.0,1672114.0,790625.2,85217624.0,231579360.0,0.0,1740.6,25.6,0.0,0.0,926.7,10439.2,7555.5,0.0,1540.3,1225.0,5952.9,444.0,39330.6,0.0,63485.8,6962.4,3552.0,0.0
LowNGPrice,SPP_South,2045,330939680.0,7465695.0,972871.8,4236518.5,343614750.0,319040388.2,-11358737.0,37801130.0,84478090.0,0.0359,0.054,0.12,91377.5,72361.4,17.0,0.4,0.05,2.3,115.3,0.02,17.1,5.7,22.8,21.0,0.5,0.06,2.8,143.2,0.02,21.0,7.1,28.1,87.7,1.8,0.2,10.4,630.4,0.05,87.8,29.2,117.0,205.3,4.2,0.47,24.4,1474.2,0.11,205.5,68.4,273.9,6646294.5,145.9,18.5,887353.7,44985.9,6.6,6655686.9,2229729.7,8885416.6,14.63,14.01,0.0,28.64,15.71,15.35,0.0,31.06,52005468.0,19148722.0,71154190.0,390291700.0,354973500.0,6355486.5,117173.8,0.0,0.0,0.0,2212983.0,12557298.0,1339832.5,0.0,3247360.2,9784525.0,1135802.8,780746.5,101401550.0,251358940.0,0.0,4816.8,25.6,0.0,0.0,1337.1,10321.2,8142.0,0.0,1540.3,1225.0,4342.7,444.0,46632.5,0.0,70469.9,19267.3,3552.0,0.0
LowNGPrice,SPP_South,2050,352964900.0,9477318.0,975669.4,4567751.0,367985630.0,340274028.7,-18194034.0,42081944.0,95029690.0,0.0359,0.054,0.12,85878.16,78983.6,12.9,0.3,0.03,1.7,93.2,0.01,12.9,4.5,17.4,16.8,0.3,0.04,2.3,121.8,0.02,16.8,5.9,22.7,84.6,1.7,0.18,10.1,622.4,0.04,84.7,28.6,113.3,195.1,3.8,0.41,23.1,1437.6,0.1,195.3,66.0,261.3,5431378.6,109.9,12.4,735223.1,39239.2,4.9,5438038.1,1905902.0,7343940.0,13.24,13.3,0.0,26.54,14.28,14.62,0.0,28.9,63903256.0,27656800.0,91560056.0,420933380.0,386179680.0,8070481.5,117173.8,0.0,0.0,0.0,3124452.2,10989770.0,1374607.9,0.0,3217086.2,9784525.0,416636.2,783432.2,116454930.0,266600290.0,0.0,6059.8,25.6,0.0,0.0,1893.6,10282.3,8724.3,0.0,1540.3,1225.0,1556.6,444.0,55394.6,0.0,75864.7,24239.1,3552.0,0.0
LowNGPrice,WestConnect_North,2025,74641430.0,461826.0,559893.4,394858.0,76058010.0,71956873.4,27322340.0,1049534.0,4372798.5,0.036,0.054,0.12,35145.31,14495.2,302.8,32.9,4.77,11.2,806.0,0.15,305.1,35.3,340.3,326.7,35.5,5.14,12.1,872.0,0.16,329.1,38.1,367.3,676.5,67.5,9.73,30.4,2235.3,0.33,681.2,97.1,778.2,898.6,92.7,13.41,37.8,2710.9,0.45,905.0,118.7,1023.7,24034828.3,2611.5,378.5,888881.3,63978.8,11.8,24215968.6,2798661.4,27014629.9,30.71,5.91,0.0,36.63,32.59,6.4,0.0,38.99,36895.3,256.0,37151.2,79381270.0,48735670.0,394340.8,193828.7,0.0,22764626.0,0.0,1756016.8,4268734.0,0.0,0.0,2570388.8,0.0,0.0,453685.0,8524890.0,38454764.0,0.0,411.5,28.7,6596.5,0.0,1004.0,3247.6,3177.5,0.0,940.9,0.0,520.4,580.8,3348.0,0.0,10756.4,1645.9,4646.4,0.0
LowNGPrice,WestConnect_North,2030,84926330.0,601523.2,919050.9,669923.5,87116824.0,81871591.5,12515006.0,5109191.5,7850923.0,0.036,0.054,0.12,35149.86,16630.2,75.4,5.5,0.77,5.3,342.8,0.04,75.8,15.5,91.3,93.9,7.2,1.01,6.3,407.0,0.04,94.4,18.4,112.8,110.9,6.5,0.89,9.1,587.9,0.05,111.3,26.7,138.0,551.2,46.7,6.66,32.5,2102.6,0.27,554.4,95.2,649.6,6778321.1,492.9,69.1,475088.7,30800.7,3.2,6811883.3,1393819.8,8205703.1,23.4,5.64,0.0,29.03,24.94,6.11,0.0,31.05,3137438.2,16916.6,3154355.0,89858550.0,74601816.0,514533.2,158473.1,0.0,3941173.5,0.0,2512852.0,7113961.0,303334.5,0.0,2484895.0,0.0,749.8,739618.4,8612929.0,63476040.0,0.0,411.5,23.9,1337.7,0.0,1442.6,3247.6,1628.6,0.0,940.9,0.0,15.4,580.8,3348.0,0.0,16296.0,1645.9,4646.4,0.0
LowNGPrice,WestConnect_North,2035,104410870.0,1170642.6,1284730.4,1056192.5,107922430.0,100654980.2,4956006.5,13353302.0,18240154.0,0.036,0.054,0.12,103323.66,20780.1,18.9,0.4,0.04,2.3,142.3,0.01,18.9,6.5,25.4,23.1,0.4,0.04,2.8,173.8,0.01,23.1,8.0,31.1,90.4,1.7,0.18,10.7,674.8,0.04,90.5,30.8,121.3,241.9,4.7,0.51,28.7,1775.6,0.12,242.2,81.6,323.8,2127796.7,40.1,4.0,256764.1,16057.9,0.9,2130088.8,735547.5,2865636.2,20.14,16.11,0.0,36.25,21.58,17.5,0.0,39.07,7828409.0,865179.7,8693589.0,112809300.0,102966430.0,998506.6,158473.1,0.0,0.0,0.0,2881879.8,4864246.0,318164.9,0.0,2467313.2,0.0,1216.6,1034937.9,19392894.0,80691656.0,0.0,702.2,23.9,0.0,0.0,1662.8,3247.6,1628.6,0.0,940.9,0.0,15.4,580.8,7850.2,0.0,21476.3,2808.7,4646.4,0.0
LowNGPrice,WestConnect_North,2040,113585420.0,1370405.6,1379318.4,1177306.4,117512460.0,109499614.0,5316581.5,15846517.0,20447490.0,0.036,0.054,0.12,111815.27,23231.2,16.2,0.3,0.03,2.0,122.3,0.01,16.2,5.6,21.8,20.7,0.4,0.04,2.5,156.4,0.01,20.8,7.2,27.9,116.0,2.2,0.23,13.7,869.1,0.05,116.1,39.6,155.7,227.6,4.5,0.48,27.0,1669.0,0.11,227.8,76.8,304.6,1979282.2,37.3,3.7,239211.6,14940.5,0.9,1981413.1,684679.0,2666092.0,19.01,17.82,0.0,36.83,20.39,19.4,0.0,39.79,9438318.0,745605.2,10183923.0,122113430.0,112195880.0,1167897.6,158473.1,0.0,0.0,0.0,2928825.0,4817213.0,209843.8,0.0,2452958.0,0.0,470.4,1110698.6,20022416.0,89244630.0,0.0,816.2,23.9,0.0,0.0,1691.0,3672.3,1955.7,0.0,940.9,0.0,15.4,580.8,8049.0,0.0,23563.8,3265.0,4646.4,0.0
LowNGPrice,WestConnect_North,2045,125035816.0,3424411.2,1478923.9,1330175.1,131269330.0,120538042.9,9127872.0,19591336.0,21617330.0,0.036,0.054,0.12,111080.36,26037.1,13.1,0.2,0.02,1.6,98.8,0.01,13.1,4.5,17.6,17.3,0.3,0.03,2.1,130.3,0.01,17.3,6.0,23.3,88.5,1.7,0.17,10.5,664.6,0.04,88.6,30.3,118.9,216.8,4.2,0.43,25.7,1615.0,0.1,217.0,73.8,290.8,1744193.3,32.9,3.3,209906.9,13165.2,0.8,1746070.9,602442.4,2348513.3,17.6,17.96,0.0,35.55,19.01,19.86,0.0,38.87,12318914.0,782933.2,13101847.0,133295320.0,122141460.0,2918479.8,121644.3,0.0,0.0,0.0,3291463.2,4316929.0,170739.2,0.0,2436910.2,0.0,323.8,1188839.9,25584468.0,93265530.0,0.0,2076.9,18.9,0.0,0.0,1900.8,3702.7,2370.6,0.0,940.9,0.0,15.4,580.8,10207.0,0.0,24748.1,8307.6,4646.4,0.0
LowNGPrice,WestConnect_North,2050,135514500.0,5875677.0,1446739.2,1515077.0,144351980.0,130639832.3,12015153.0,23122412.0,23361904.0,0.036,0.054,0.12,108989.65,28457.4,9.5,0.2,0.02,1.1,71.6,0.0,9.5,3.3,12.8,12.6,0.2,0.02,1.5,94.9,0.01,12.6,4.4,17.0,82.0,1.6,0.16,9.7,617.7,0.04,82.1,28.1,110.2,211.0,4.0,0.41,25.0,1580.1,0.1,211.2,72.1,283.3,1370954.8,25.8,2.6,165813.0,10349.9,0.6,1372430.3,474407.8,1846838.1,15.65,17.61,0.0,33.26,17.06,19.78,0.0,36.85,13384138.0,1346310.4,14730448.0,144591490.0,132336850.0,5014356.5,121644.3,0.0,0.0,0.0,3892655.2,3451919.5,108107.2,0.0,2398633.0,0.0,49.6,1159933.6,29559994.0,98884190.0,0.0,3717.9,18.9,0.0,0.0,2245.2,3358.6,2520.9,0.0,940.9,0.0,10.0,580.8,12064.3,0.0,26387.7,14871.5,4646.4,0.0
LowNGPrice,WestConnect_South,2025,126094270.0,3156874.8,264609.4,577371.8,130093140.0,121562748.1,96855950.0,3625979.5,3432513.5,0.0359,0.0539,0.12,98503.15,30909.6,280.9,25.2,3.6,17.4,1149.5,0.18,282.6,51.7,334.3,291.8,26.0,3.71,18.2,1206.5,0.19,293.6,54.2,347.8,467.1,27.5,3.79,38.4,2936.1,0.22,468.9,126.0,594.9,643.6,44.9,6.3,46.7,3508.7,0.32,646.6,151.3,798.0,36485572.7,3267.9,467.2,2258285.0,149321.5,23.8,36710487.0,6714552.8,43425039.8,35.7,20.47,0.0,56.17,38.03,22.74,0.0,60.77,3809.4,1498.4,5307.8,129899660.0,33237178.0,2691428.2,240248.2,0.0,26793716.0,0.0,5171722.5,23347916.0,1651376.6,63969.7,10164722.0,31446268.0,52157.6,210685.3,17406900.0,10658552.0,0.0,2160.2,36.1,4501.1,0.0,2708.4,13182.5,4544.1,8.6,2803.6,3937.0,1545.0,216.3,6296.5,0.0,3262.5,8640.9,1730.4,0.0
LowNGPrice,WestConnect_South,2030,139696740.0,4217807.5,532566.0,732808.6,145179920.0,134676402.1,75642500.0,3393711.2,8663116.0,0.0359,0.0539,0.12,98454.33,34696.4,142.6,11.6,1.64,10.7,585.8,0.11,143.4,28.2,171.6,154.3,12.4,1.75,11.7,639.7,0.12,155.1,30.8,185.9,143.8,4.1,0.49,15.8,999.1,0.07,144.0,45.5,189.6,605.5,48.3,6.86,38.2,2485.7,0.3,608.8,112.4,721.2,21454574.2,1738.2,246.4,1611839.4,88129.4,16.4,21573630.2,4242583.1,25816213.2,24.38,20.45,0.0,44.83,26.13,22.9,0.0,49.03,610053.7,1001464.0,1611541.8,150449330.0,69537420.0,3587476.0,240248.2,0.0,13675570.0,0.0,6414631.0,19737334.0,334762.3,61884.0,11378696.0,31446268.0,24488.0,425174.4,37412100.0,25710694.0,0.0,2514.8,36.1,4120.1,0.0,3388.5,12855.3,3497.6,8.6,3200.6,3937.0,986.1,216.3,13655.3,0.0,7112.6,10059.1,1730.4,0.0
LowNGPrice,WestConnect_South,2035,158624200.0,9713289.0,635256.5,1334641.9,170307380.0,152923611.3,69491080.0,11904541.0,13921043.0,0.0359,0.0539,0.12,93928.42,39541.9,43.8,0.8,0.08,6.8,333.6,0.06,43.8,16.8,60.6,51.1,1.0,0.1,7.8,389.0,0.06,51.2,19.4,70.6,132.3,2.5,0.26,15.7,986.9,0.06,132.4,45.1,177.5,294.3,5.6,0.57,34.8,2205.9,0.13,294.6,100.6,395.2,7545007.1,142.7,14.4,1176936.3,57484.6,9.6,7553176.5,2892598.2,10445774.7,22.29,18.91,0.0,41.2,24.38,21.86,0.0,46.24,2642988.8,5451016.0,8094029.0,172323890.0,100816296.0,8263440.0,224043.6,0.0,0.0,0.0,6308622.5,19426440.0,351222.0,58199.4,11205027.0,31446268.0,25633.8,507310.1,56162732.0,38344944.0,0.0,5722.7,33.9,0.0,0.0,3389.5,12511.3,3497.6,8.6,3200.6,3937.0,500.0,216.3,21713.2,0.0,11278.1,22890.7,1730.4,0.0
LowNGPrice,WestConnect_South,2040,179909070.0,16128275.0,667487.6,1705379.2,198410200.0,173443517.8,72311176.0,15459890.0,17634884.0,0.0359,0.0539,0.12,96152.33,44639.7,32.9,0.6,0.06,5.3,251.1,0.05,32.9,12.8,45.7,42.1,0.8,0.08,6.5,320.8,0.05,42.1,16.1,58.2,162.9,3.1,0.31,19.2,1225.7,0.07,163.0,55.8,218.8,287.0,5.5,0.56,33.9,2152.0,0.13,287.3,98.1,385.4,6594467.9,124.5,12.5,1064492.2,50373.8,9.2,6601588.5,2568134.7,9169723.2,21.05,19.12,0.0,40.17,23.51,22.7,0.0,46.21,3873102.5,11323119.0,15196253.0,200585200.0,126099030.0,13725115.0,224043.6,0.0,0.0,0.0,6290738.0,17008192.0,323374.7,56248.0,11156454.0,31446268.0,12413.7,534064.4,75702940.0,44105350.0,0.0,9477.1,33.9,0.0,0.0,3410.8,12511.3,3497.6,8.6,3200.6,3937.0,319.0,216.3,30710.7,0.0,12864.9,37908.3,1730.4,0.0
LowNGPrice,WestConnect_South,2045,197644860.0,20742652.0,688325.0,1869548.4,220945380.0,190542101.9,75094830.0,15980458.0,23426844.0,0.0359,0.0539,0.12,103791.79,50651.1,34.6,0.7,0.07,5.3,264.1,0.04,34.7,13.2,47.9,45.2,0.9,0.09,6.7,344.2,0.05,45.3,17.0,62.3,138.8,2.6,0.26,16.4,1045.9,0.06,138.9,47.6,186.5,273.7,5.2,0.53,32.4,2053.2,0.12,274.0,93.6,367.6,7909947.7,149.2,14.9,1219839.8,60320.8,9.7,7918475.5,3020054.8,10938530.3,19.12,21.06,0.0,40.18,21.62,25.36,0.0,46.98,4417594.0,20581518.0,24999112.0,228391780.0,145850560.0,17637314.0,224043.6,0.0,0.0,0.0,6338467.5,21244554.0,263563.6,44063.4,11122992.0,31446268.0,8005.4,550416.0,94120850.0,45391236.0,0.0,12175.8,33.9,0.0,0.0,3469.7,15220.1,3457.1,7.0,3200.6,3937.0,319.0,216.3,40175.3,0.0,13196.2,48703.3,1730.4,0.0
LowNGPrice,WestConnect_South,2050,214279310.0,34195120.0,690686.4,2026971.6,251192100.0,206579002.2,75925890.0,13005423.0,36409730.0,0.0359,0.0539,0.12,108294.52,56677.9,35.2,0.7,0.07,5.2,268.3,0.04,35.3,13.2,48.5,45.9,0.9,0.09,6.7,349.2,0.05,45.9,17.1,63.0,138.0,2.6,0.26,16.3,1040.1,0.06,138.1,47.3,185.4,258.5,4.9,0.5,30.6,1943.1,0.11,258.8,88.5,347.3,9677287.7,182.4,18.2,1427640.3,73687.5,10.5,9687704.5,3626389.2,13314093.7,16.76,21.59,0.0,38.35,19.62,27.33,0.0,46.95,5154352.5,35172676.0,40327030.0,274596400.0,175266200.0,29090756.0,205629.2,0.0,0.0,0.0,6601912.5,26738398.0,194673.1,0.0,11099787.0,31446268.0,1397.2,553286.8,120754840.0,47909452.0,0.0,19862.4,31.4,0.0,0.0,3623.6,19393.3,3457.1,0.0,3200.6,3937.0,175.0,216.3,54322.8,0.0,13979.5,80500.4,1730.4,0.0
HighNGPrice,CAISO,2025,302088420.0,19982586.0,3347337.0,1195279.4,326613630.0,291230391.5,213291630.0,25800246.0,478239.4,0.0359,0.0539,0.12,137891.25,69792.5,132.1,2.5,0.25,16.8,1230.1,0.07,132.2,53.4,185.6,141.4,3.0,0.32,17.7,1292.2,0.08,141.6,56.2,197.8,225.9,6.6,0.8,24.8,1899.5,0.11,226.4,81.4,307.8,517.5,21.3,2.81,51.3,3865.5,0.27,518.9,166.6,685.5,39792891.3,755.0,76.5,5047445.2,370624.7,22.1,39836266.0,16098087.1,55934353.1,39.37,25.53,0.0,64.9,42.16,29.63,0.0,71.79,0.0,0.0,0.0,301291620.0,113322000.0,16974566.0,4835026.0,0.0,0.0,0.0,24006458.0,97235224.0,3761287.2,14791661.0,29476804.0,17891704.0,328143.4,2675211.8,68728720.0,20586816.0,0.0,13651.7,749.1,0.0,0.0,14254.5,19797.0,11040.1,1986.3,10220.7,2240.0,1033.5,3911.9,24846.3,0.0,6968.7,54606.8,31295.2,0.0
HighNGPrice,CAISO,2030,338845600.0,25455590.0,11127110.0,1995137.2,377423420.0,326665887.5,213810290.0,57261400.0,1353037.8,0.0359,0.0539,0.12,137854.3,77478.1,83.9,1.6,0.16,10.5,632.8,0.04,84.0,29.3,113.4,92.7,2.7,0.31,10.8,649.0,0.05,92.8,30.2,123.0,127.6,2.8,0.3,14.7,942.3,0.06,127.8,42.8,170.7,538.0,37.6,5.26,38.7,2519.3,0.25,540.5,113.8,654.4,26987324.1,510.2,51.3,3367003.4,203468.0,12.6,27016533.1,9433796.1,36450329.2,36.89,25.08,0.0,61.97,40.37,29.99,0.0,70.36,8810.4,573113.9,584442.0,321515070.0,163613140.0,21640134.0,4655301.5,0.0,0.0,0.0,27882144.0,69678504.0,892735.1,21241038.0,30795120.0,0.0,101226.0,8897867.0,95884380.0,39705504.0,141099.4,16057.1,724.7,0.0,0.0,16545.0,21496.5,10927.5,2878.3,10705.1,0.0,614.6,5111.9,35072.9,60.0,12957.3,64228.2,40895.2,0.0
HighNGPrice,CAISO,2035,403000160.0,38254024.0,13169101.0,2292315.8,456715600.0,388514547.3,238285090.0,60148364.0,3288112.5,0.0359,0.0539,0.12,100733.73,89524.5,56.1,1.1,0.11,6.8,422.6,0.03,56.1,19.4,75.5,58.4,1.1,0.11,7.2,440.2,0.03,58.4,20.3,78.8,45.1,0.9,0.09,5.3,336.2,0.02,45.1,15.4,60.5,295.3,5.6,0.56,34.9,2227.6,0.13,295.6,101.3,396.9,22415947.7,423.5,42.5,2727648.8,168977.3,10.2,22440184.5,7765944.8,30206129.3,37.54,17.85,0.0,55.38,41.85,21.69,0.0,63.54,103292.0,2298637.5,2418550.8,399855330.0,218430510.0,32513744.0,2293102.8,0.0,0.0,0.0,26826442.0,57900950.0,765495.9,44865676.0,32512304.0,0.0,70344.4,10503200.0,134375660.0,40985864.0,16242546.0,23923.3,404.0,0.0,0.0,15924.8,21386.5,10531.6,6331.6,11240.2,0.0,614.6,5111.9,48802.4,3683.0,13006.8,95693.0,40895.2,0.0
HighNGPrice,CAISO,2040,459452320.0,54917184.0,13494051.0,2536317.8,530399840.0,442936919.5,268818100.0,66868760.0,3893419.2,0.0359,0.0539,0.12,136361.89,104375.7,50.6,1.0,0.1,6.1,382.0,0.02,50.7,17.5,68.2,42.3,0.8,0.08,5.2,318.9,0.02,42.3,14.7,57.0,37.5,0.7,0.07,4.4,283.2,0.02,37.6,12.9,50.5,280.8,5.3,0.54,33.2,2112.7,0.12,281.1,96.2,377.3,23672981.4,446.8,44.8,2862238.1,178546.7,10.6,23698529.2,8185827.2,31884356.3,36.22,24.25,0.0,60.47,40.85,30.06,0.0,70.92,276613.2,4413911.0,4700214.0,467424500.0,261581730.0,46644080.0,1946912.2,0.0,0.0,0.0,26843044.0,62854188.0,489938.4,50560628.0,32514124.0,0.0,45015.2,10787902.0,160210160.0,41605760.0,32922758.0,34271.0,357.0,0.0,0.0,15944.1,24847.0,10183.1,7010.9,11240.9,0.0,169.2,5111.9,59155.3,7602.0,12933.1,137083.8,40895.2,0.0
HighNGPrice,CAISO,2045,519194720.0,74580810.0,13786514.0,3210760.2,610772800.0,500531791.5,321943140.0,102130720.0,3667305.5,0.0359,0.0539,0.12,140003.24,119229.3,46.1,0.9,0.09,5.6,347.6,0.02,46.1,15.9,62.1,21.4,0.4,0.04,2.6,161.7,0.01,21.4,7.4,28.9,16.9,0.3,0.03,2.0,127.8,0.01,17.0,5.8,22.8,267.1,5.1,0.52,31.6,2003.7,0.12,267.4,91.3,358.7,23601028.8,445.2,44.6,2853556.5,178076.0,10.6,23626468.9,8163102.7,31789571.6,33.93,24.9,0.0,58.83,38.94,31.49,0.0,70.42,119005.5,3281070.8,3408321.5,512309400.0,288829660.0,63451050.0,1946912.2,0.0,0.0,0.0,27272740.0,63285960.0,229858.8,51022820.0,32514196.0,0.0,26278.9,11002677.0,194285360.0,33986316.0,33285254.0,46649.8,357.0,0.0,0.0,16196.3,24526.9,8948.3,7007.5,11240.9,0.0,166.4,5111.9,70331.7,7602.0,11510.6,186599.1,40895.2,0.0
HighNGPrice,CAISO,2050,571970240.0,85096500.0,13407894.0,3479552.0,673954200.0,551410387.5,349676030.0,117459500.0,3463977.2,0.0359,0.0539,0.12,144840.32,132836.7,43.4,0.8,0.08,5.2,327.5,0.02,43.4,15.0,58.4,21.1,0.4,0.04,2.6,159.5,0.01,21.1,7.3,28.5,17.7,0.3,0.03,2.1,133.2,0.01,17.7,6.1,23.7,248.6,4.7,0.47,29.4,1875.9,0.11,248.9,85.3,334.2,24296278.3,458.0,45.8,2935517.7,183389.6,10.8,24322438.7,8403484.8,32725923.5,32.1,26.07,0.0,58.17,36.96,33.03,0.0,69.99,120290.7,3773403.5,3901177.5,559958660.0,324278100.0,72466990.0,1946912.2,0.0,0.0,0.0,28524052.0,66753430.0,65787.9,51218130.0,32514266.0,0.0,8857.0,10706146.0,215089100.0,47303760.0,33361196.0,53658.8,357.0,0.0,0.0,16938.0,29279.4,8579.1,7002.2,11240.9,0.0,166.4,5111.9,77561.8,7602.0,14530.9,214635.1,40895.2,0.0
HighNGPrice,ERCOT,2025,425158500.0,8220551.0,3704.1,4365492.5,437748220.0,409876108.4,220461280.0,409022.2,1208429.0,0.0359,0.0539,0.12,95653.56,98005.9,235.1,17.4,2.45,16.9,1217.6,0.13,236.3,53.3,289.5,249.6,18.5,2.6,18.0,1293.2,0.14,250.9,56.6,307.4,404.4,14.6,1.86,41.6,3220.0,0.19,405.4,137.6,543.0,606.2,38.5,5.43,48.4,3425.2,0.35,608.9,150.5,759.4,103088628.2,7629.2,1075.4,7431552.3,533954.1,58.3,103609574.8,23359300.4,126968875.2,33.19,18.46,0.0,51.65,35.31,20.36,0.0,55.67,599551.4,574375.2,1173926.6,438547650.0,217286940.0,6967041.5,599889.2,0.0,59348730.0,0.0,4564030.5,111204904.0,1230325.1,0.0,656955.2,39777090.0,1472814.0,2949.0,85579416.0,127143500.0,0.0,7596.7,100.6,14254.2,0.0,2951.8,36165.7,8767.2,0.0,562.7,4980.0,9669.0,5.0,34348.9,0.0,37044.2,30386.6,40.0,0.0
HighNGPrice,ERCOT,2030,464481200.0,15624037.0,7582.2,5356207.0,485469100.0,447784671.1,142439790.0,823995.1,2333977.0,0.0359,0.0539,0.12,95627.88,104592.7,127.6,11.3,1.62,7.8,466.7,0.08,128.3,21.7,150.0,137.8,12.2,1.74,8.4,504.3,0.08,138.6,23.4,162.0,135.1,9.0,1.26,10.1,652.9,0.06,135.8,29.6,165.4,472.6,34.7,4.88,32.6,2110.4,0.23,474.9,95.6,570.5,62118947.7,5505.7,786.6,3782234.7,227250.9,37.9,62497772.5,10564645.0,73062417.5,27.53,17.45,0.0,44.97,29.73,19.47,0.0,49.2,21425716.0,24507828.0,45933544.0,486979070.0,343029280.0,13227216.0,599889.2,0.0,45171296.0,0.0,10539788.0,43472670.0,875508.2,0.0,623017.1,39777090.0,197031.7,6049.3,124311170.0,208178340.0,0.0,11503.2,100.6,11350.2,0.0,6852.1,35079.7,8457.4,0.0,562.7,4980.0,7439.0,5.0,57787.2,0.0,58327.4,46012.9,40.0,0.0
HighNGPrice,ERCOT,2035,525790900.0,23728902.0,9370.4,5269964.0,554799170.0,506890120.2,104792530.0,6058950.0,19400860.0,0.0359,0.0539,0.12,113705.5,116447.0,37.4,0.7,0.07,5.1,282.4,0.03,37.4,13.5,50.9,41.9,0.8,0.08,5.7,316.0,0.03,41.9,15.1,57.0,76.8,1.5,0.15,9.1,576.1,0.03,76.9,26.3,103.1,228.9,4.4,0.46,27.1,1704.3,0.11,229.2,77.9,307.1,21250585.2,403.4,40.9,2881056.6,160448.7,17.5,21273773.5,7667193.1,28940966.6,27.69,19.78,0.0,47.46,30.1,22.19,0.0,52.29,39304180.0,41801252.0,81105430.0,568141060.0,450006620.0,20078246.0,599889.2,0.0,0.0,0.0,14637290.0,56414184.0,478374.6,0.0,617681.0,39777090.0,161507.0,7469.7,167536110.0,267833250.0,0.0,16849.3,100.6,0.0,0.0,9563.8,40518.0,8024.8,0.0,562.7,4980.0,6789.0,5.0,82211.5,0.0,77588.1,67397.3,40.0,0.0
HighNGPrice,ERCOT,2040,587657340.0,28595728.0,8655.5,5320759.5,621582460.0,566531916.7,108536060.0,8789003.0,22025094.0,0.0359,0.0539,0.12,112771.16,130783.0,33.2,0.6,0.06,4.5,250.8,0.03,33.2,12.0,45.2,37.1,0.7,0.07,5.0,280.4,0.03,37.1,13.4,50.5,67.8,1.3,0.13,8.0,509.1,0.03,67.9,23.2,91.1,210.6,4.0,0.42,24.9,1571.2,0.1,210.9,71.8,282.6,21048876.1,398.6,40.2,2856551.7,159195.5,17.3,21071735.2,7605294.9,28677030.0,26.42,19.73,0.0,46.16,28.75,22.24,0.0,50.99,60837910.0,49045196.0,109883110.0,634818560.0,513046430.0,24215688.0,599889.2,0.0,0.0,0.0,15817710.0,55542504.0,918473.1,0.0,603754.5,39777090.0,107850.0,6911.3,190625330.0,306603360.0,0.0,20870.5,100.6,0.0,0.0,10372.1,42302.6,15373.2,0.0,562.7,4980.0,5521.0,5.0,94055.9,0.0,90940.2,83482.1,40.0,0.0
HighNGPrice,ERCOT,2045,636450100.0,24362026.0,9356.8,4918426.0,665739970.0,613571239.0,102398440.0,11014599.0,23261720.0,0.0359,0.0539,0.12,91135.05,143357.6,29.5,0.6,0.06,4.0,222.6,0.02,29.5,10.7,40.2,32.7,0.6,0.06,4.5,246.9,0.03,32.7,11.8,44.6,34.5,0.7,0.07,4.1,258.2,0.02,34.5,11.8,46.3,176.0,3.4,0.35,20.8,1315.5,0.08,176.2,60.0,236.2,19984833.3,379.4,38.5,2731434.6,150936.2,16.9,20006643.1,7233943.5,27240586.6,22.83,16.05,0.0,38.88,24.78,17.9,0.0,42.68,91452650.0,105845030.0,197297680.0,677987100.0,563341500.0,20632902.0,599889.2,0.0,0.0,0.0,18112456.0,51307052.0,1572930.1,0.0,592764.0,39777090.0,155460.3,7468.3,203767580.0,341461470.0,0.0,16964.0,100.6,0.0,0.0,11865.6,41040.5,14174.2,0.0,562.7,4980.0,3273.2,5.0,119388.7,0.0,106340.2,67855.8,40.0,0.0
HighNGPrice,ERCOT,2050,681301060.0,38493860.0,8506.2,4992022.5,724795460.0,656810646.6,114804670.0,9435614.0,19592850.0,0.0359,0.0539,0.12,121422.34,158003.7,24.9,0.5,0.05,3.4,188.8,0.02,24.9,9.1,34.0,27.7,0.5,0.05,3.8,210.2,0.02,27.7,10.1,37.8,57.6,1.1,0.11,6.8,434.3,0.02,57.6,19.7,77.4,155.7,2.9,0.29,18.4,1174.6,0.07,155.8,53.4,209.2,18275742.2,344.5,34.5,2527735.6,138755.5,15.9,18295414.3,6666994.7,24962409.0,19.02,21.71,0.0,40.72,20.85,24.65,0.0,45.5,95128870.0,132336700.0,227465570.0,734952700.0,609990800.0,32617472.0,599889.2,0.0,0.0,0.0,22148882.0,51252370.0,120403.9,0.0,585398.0,39777090.0,2490.1,6792.0,230732380.0,357109500.0,0.0,30463.2,100.6,0.0,0.0,14511.8,60527.2,13966.2,0.0,562.7,4980.0,1259.2,5.0,139498.0,0.0,111837.0,121853.0,40.0,0.0
HighNGPrice,FRCC,2025,271088480.0,629841.6,0.0,40994.8,271759300.0,261346536.3,246734560.0,1248663.6,149105.4,0.0359,0.0539,0.12,128148.78,65740.5,353.2,16.1,2.13,34.9,2590.8,0.19,354.3,112.1,466.5,367.2,16.8,2.22,36.2,2688.2,0.19,368.3,116.4,484.7,384.7,7.8,0.81,45.0,3548.6,0.17,385.1,150.8,535.9,444.1,10.4,1.23,51.5,3845.4,0.24,444.7,166.1,610.8,95609730.4,4357.4,576.0,9443925.0,701220.9,50.5,95896832.9,30354105.0,126250937.9,42.56,26.36,0.0,68.92,45.07,28.44,0.0,73.5,0.0,0.0,0.0,270659740.0,25024752.0,536411.0,3635373.5,0.0,26695728.0,0.0,2802890.2,183189540.0,1521517.9,0.0,216437.4,29281690.0,558307.7,0.0,22221862.0,0.0,0.0,688.2,672.4,3764.2,0.0,1771.9,38501.9,8691.8,0.0,54.5,3666.0,4583.5,0.0,9294.3,0.0,0.0,2752.9,0.0,0.0
HighNGPrice,FRCC,2030,295049900.0,5011549.5,0.0,135744.5,300197200.0,284446937.9,220281760.0,1432091.9,683258.9,0.0359,0.0539,0.12,128146.4,69467.1,273.9,13.1,1.75,26.6,1625.1,0.15,274.8,75.1,349.9,289.1,13.9,1.85,28.1,1712.3,0.15,290.0,79.1,369.2,309.8,7.7,0.86,35.0,2236.3,0.14,310.3,101.6,411.9,462.6,21.8,2.9,42.9,2747.9,0.21,464.0,124.9,588.8,82020684.6,3934.2,523.2,7976378.2,486633.7,43.7,82280768.6,22489995.4,104770763.9,42.28,25.37,0.0,67.65,44.89,27.74,0.0,72.63,79.3,3166.6,3246.0,299448350.0,79915440.0,4265192.5,3694621.5,0.0,25053656.0,0.0,5481389.5,156824240.0,176614.1,0.0,229464.0,29281690.0,7428.9,0.0,73817400.0,616652.9,0.0,4197.2,680.4,3764.2,0.0,3463.9,45391.4,8517.8,0.0,57.5,3666.0,4161.5,0.0,30472.3,0.0,290.0,16788.7,0.0,0.0
HighNGPrice,FRCC,2035,330842620.0,21287980.0,0.0,535122.4,352665730.0,318953400.5,197405840.0,7107977.0,6230754.0,0.0359,0.0539,0.12,90116.64,77729.2,151.0,2.8,0.29,19.1,1141.3,0.08,151.1,53.2,204.3,165.1,3.1,0.31,21.0,1248.4,0.09,165.3,58.2,223.5,152.3,2.9,0.31,18.0,1132.0,0.07,152.5,51.8,204.3,309.0,5.9,0.61,36.6,2305.0,0.14,309.4,105.3,414.7,53111120.5,1001.6,100.3,6726847.7,401478.8,29.8,53168341.1,18699040.6,71867381.7,41.97,17.23,0.0,59.2,45.67,19.73,0.0,65.4,53851.8,7434053.5,7487905.0,351788480.0,155259870.0,18118870.0,3694621.5,0.0,0.0,0.0,8753996.0,144874880.0,296411.7,0.0,229199.6,29281690.0,32955.1,0.0,131771030.0,14734840.0,0.0,13468.3,680.4,0.0,0.0,5616.0,45219.4,8420.8,0.0,57.5,3666.0,3929.5,0.0,56912.6,0.0,6346.0,53873.3,0.0,0.0
HighNGPrice,FRCC,2040,372987650.0,40700476.0,0.0,832205.6,414520350.0,359583936.5,205690740.0,9584734.0,8083284.0,0.0359,0.0539,0.12,109020.27,88067.4,120.7,2.3,0.23,15.4,912.9,0.07,120.8,42.6,163.4,137.1,2.6,0.26,17.5,1037.4,0.08,137.3,48.5,185.8,159.3,3.0,0.3,19.4,1201.6,0.07,159.4,55.2,214.6,295.5,5.6,0.57,34.9,2218.7,0.13,295.9,101.1,396.9,49856110.5,939.8,94.0,6342314.3,377035.6,28.3,49909778.5,17585705.8,67495484.4,38.29,20.24,0.0,58.53,42.75,24.16,0.0,66.92,102011.7,17684796.0,17786808.0,413018900.0,208829620.0,34635160.0,3703147.5,0.0,0.0,0.0,10552340.0,136125730.0,206536.6,0.0,228920.4,29281690.0,8097.3,0.0,173012740.0,25264540.0,0.0,25497.4,681.6,0.0,0.0,6860.2,45219.4,8408.8,0.0,57.5,3666.0,3744.2,0.0,77897.3,0.0,10646.0,101989.7,0.0,0.0
HighNGPrice,FRCC,2045,414660220.0,35709260.0,0.0,876070.3,451245500.0,399759023.0,225261900.0,9389054.0,7382296.0,0.0359,0.0539,0.12,117481.45,98629.6,128.1,2.4,0.24,16.0,968.4,0.07,128.2,44.9,173.2,142.9,2.7,0.27,17.9,1080.4,0.08,143.1,50.2,193.2,187.0,3.5,0.35,22.1,1410.9,0.08,187.2,64.2,251.4,266.8,5.0,0.51,31.5,2010.0,0.12,267.1,91.5,358.6,57551656.6,1084.8,108.5,7200724.6,435043.4,31.4,57613607.0,20173597.5,77787204.5,34.86,22.47,0.0,57.33,38.81,26.3,0.0,65.11,71362.1,26969542.0,27040902.0,449238800.0,225983650.0,30404320.0,3187545.0,0.0,0.0,0.0,13022553.0,160056640.0,87384.5,0.0,228935.0,29281690.0,8636.4,0.0,185537700.0,27423388.0,0.0,21984.5,611.6,0.0,0.0,8403.5,57444.8,8334.8,0.0,57.5,3666.0,3272.2,0.0,86064.8,0.0,11483.2,87937.8,0.0,0.0
HighNGPrice,FRCC,2050,456684600.0,34682840.0,0.0,1161185.8,492528580.0,440273340.2,228073170.0,17386176.0,7391117.0,0.0359,0.0539,0.12,115278.38,109670.4,115.2,2.2,0.22,14.4,871.1,0.06,115.4,40.4,155.8,125.8,2.4,0.24,15.8,951.0,0.07,125.9,44.2,170.1,166.2,3.1,0.31,19.6,1253.8,0.07,166.4,57.0,223.5,249.8,4.7,0.47,29.5,1883.1,0.11,250.1,85.7,335.8,55600687.4,1047.9,104.8,6970167.2,420356.3,30.6,55660523.7,19505129.4,75165653.1,33.44,22.38,0.0,55.82,37.14,25.96,0.0,63.1,227430.8,34158100.0,34385532.0,482533540.0,264455420.0,29524410.0,3187545.0,0.0,0.0,0.0,14183498.0,155791410.0,63251.8,0.0,228752.8,29281690.0,1064.6,0.0,196891630.0,53380300.0,0.0,21332.5,611.6,0.0,0.0,9160.5,64054.0,7441.8,0.0,57.5,3666.0,2267.1,0.0,93000.3,0.0,22452.0,85330.0,0.0,0.0
HighNGPrice,ISONE,2025,129221030.0,323553.0,1501689.1,671954.6,131718230.0,124575029.8,106633020.0,195124.9,303658.4,0.0359,0.054,0.12,29526.19,31551.0,150.4,2.9,0.3,21.5,1388.3,0.12,150.6,62.9,213.5,158.6,3.1,0.32,22.7,1462.7,0.13,158.8,66.3,225.1,223.9,4.8,0.58,26.7,1910.2,0.14,224.2,83.7,307.9,428.9,10.1,1.28,50.8,3515.6,0.29,429.5,155.7,585.2,19832764.7,382.8,40.0,2833130.6,183017.4,15.7,19855092.5,8291331.8,28146424.3,37.37,6.02,0.0,43.4,39.59,6.61,0.0,46.2,524881.6,803032.0,1327913.5,131826770.0,25085206.0,274738.1,5986378.0,15004227.0,0.0,0.0,5731507.0,50283936.0,419766.6,0.0,6956409.5,26081950.0,536938.5,1197211.8,5192437.5,7378774.5,6782487.0,246.2,979.2,486.0,0.0,4366.9,13615.9,2132.7,0.0,1959.1,3265.4,5115.3,1830.4,3030.0,1695.4,2351.4,984.7,14643.2,0.0
HighNGPrice,ISONE,2030,141726900.0,482260.8,2084136.8,609297.8,144902600.0,136630937.2,89171470.0,1257518.9,1909248.6,0.0359,0.054,0.12,29526.51,34348.6,90.1,1.7,0.18,13.8,677.9,0.08,90.2,34.0,124.2,95.0,1.8,0.19,14.6,714.4,0.09,95.1,35.9,131.0,168.4,3.7,0.45,20.1,1158.7,0.11,168.6,54.6,223.2,395.5,13.7,1.77,41.7,2549.3,0.21,396.3,117.7,514.0,13111480.8,251.3,25.9,2008825.3,98664.3,12.2,13126049.3,4952363.5,18078412.8,33.14,5.65,0.0,38.8,35.24,6.2,0.0,41.43,2257585.2,1110713.6,3368298.8,145554320.0,55731116.0,408347.0,5308728.0,15558126.0,0.0,0.0,7782385.5,33432340.0,385351.4,0.0,6727509.5,26081950.0,255162.8,1665689.5,6938287.0,11259927.0,29750516.0,384.7,887.2,0.0,0.0,5923.0,12276.0,1804.7,0.0,1963.8,3265.4,1600.9,1801.0,3984.7,7502.0,3491.5,1539.0,14408.0,0.0
HighNGPrice,ISONE,2035,158267540.0,643337.4,2401863.0,618998.0,161931730.0,152576546.8,83241400.0,3373222.0,7365848.0,0.0359,0.054,0.12,98124.1,38390.1,74.9,1.4,0.15,11.1,561.0,0.07,75.0,27.8,102.8,70.0,1.4,0.14,10.5,522.7,0.07,70.1,26.1,96.2,103.4,2.1,0.25,12.3,729.3,0.06,103.5,34.1,137.6,354.2,7.4,0.88,42.3,2483.0,0.22,354.6,116.4,471.0,12426460.3,239.6,25.0,1838937.6,93075.9,11.6,12440420.6,4615777.9,17056198.5,38.29,18.49,0.0,56.78,40.94,20.24,0.0,61.18,2399748.0,346948.4,2746696.2,165924350.0,78690330.0,545849.3,3461395.5,15929614.0,0.0,0.0,9641389.0,31072032.0,507919.0,0.0,7390567.0,26081950.0,323838.6,1920862.0,7423908.0,25137956.0,36487076.0,489.5,636.4,0.0,0.0,7004.0,12179.9,1804.7,0.0,1990.6,3265.4,1455.9,1801.0,3984.7,9186.0,7172.1,1958.1,14408.0,0.0
HighNGPrice,ISONE,2040,176392830.0,470225.4,2404116.5,713361.4,179980530.0,170049926.7,86046904.0,7364387.0,17553444.0,0.0359,0.054,0.12,133855.92,42712.1,83.9,1.6,0.17,11.8,630.5,0.07,84.0,30.6,114.6,44.8,0.9,0.09,6.3,336.6,0.03,44.8,16.3,61.1,54.5,1.0,0.11,6.5,407.2,0.02,54.6,18.6,73.2,295.9,5.8,0.63,35.1,2170.6,0.15,296.2,99.8,396.0,15958282.6,305.4,31.4,2234987.0,119907.9,13.0,15975958.0,5811795.9,21787753.9,34.39,25.25,8.68,68.69,36.76,27.63,9.25,74.0,6467579.0,321700.4,6789279.0,190169580.0,93933630.0,398938.3,2924431.8,15972579.0,0.0,0.0,9890507.0,39075810.0,2355965.8,0.0,7235225.5,26081950.0,277339.0,1913717.2,7421941.5,31593542.0,45027636.0,382.1,563.5,0.0,0.0,7160.0,16345.8,7501.8,0.0,1997.6,3265.4,1455.9,1801.0,3981.3,12030.0,9224.1,1528.4,14408.0,0.0
HighNGPrice,ISONE,2045,193680260.0,486770.4,2412933.0,759466.3,197339420.0,186715709.2,78471450.0,7059699.0,24211388.0,0.0359,0.054,0.12,132108.56,47032.9,73.7,1.4,0.14,10.3,556.0,0.06,73.8,26.9,100.7,31.1,0.6,0.06,4.4,234.7,0.03,31.1,11.4,42.5,37.7,0.7,0.07,4.5,282.6,0.02,37.8,12.9,50.6,287.2,5.7,0.62,34.1,2099.3,0.15,287.5,96.7,384.2,15814611.4,301.0,30.7,2216945.2,119248.7,12.8,15831955.2,5774056.5,21606011.7,31.8,24.61,12.88,69.8,33.99,26.85,13.74,75.08,11118920.0,796974.0,11915894.0,214491100.0,118867970.0,413193.6,2924431.8,15384074.0,0.0,0.0,10632345.0,38801076.0,2649685.0,0.0,7265076.0,26081950.0,182485.3,1921169.4,10093523.0,47982590.0,50159510.0,382.1,563.5,0.0,0.0,7693.9,17153.6,9916.3,0.0,1997.6,3265.4,1455.9,1801.0,5630.6,13348.9,14907.6,1528.4,14408.0,0.0
HighNGPrice,ISONE,2050,208983650.0,3309405.2,2455772.2,935008.9,215683840.0,201468902.6,69853690.0,7435399.0,28377578.0,0.0359,0.054,0.12,133338.83,51041.3,55.3,1.0,0.11,8.0,419.0,0.05,55.4,20.5,75.9,14.0,0.3,0.03,2.1,106.3,0.01,14.0,5.3,19.3,22.1,0.4,0.04,2.6,165.7,0.01,22.2,7.6,29.7,260.1,5.0,0.51,30.8,1946.1,0.12,260.4,88.8,349.2,13087337.7,247.9,25.0,1893597.4,99134.6,11.5,13101552.2,4850943.0,17952495.2,28.58,24.25,20.85,74.34,30.68,26.78,22.47,80.61,21106456.0,2349734.5,23456190.0,236626020.0,145830140.0,2801760.8,2924431.8,15032230.0,0.0,0.0,10724949.0,32854740.0,1976018.6,0.0,7082649.0,26081950.0,79162.3,1962921.6,14162958.0,70698310.0,50243932.0,3256.5,563.5,0.0,0.0,7818.2,15671.1,15775.9,0.0,1997.6,3265.4,784.5,1801.0,8578.3,13348.9,24241.5,13025.8,14408.0,0.0
HighNGPrice,MISO_Central,2025,317955460.0,36674.7,1960881.4,1963096.8,321916100.0,306524478.9,251503150.0,24206370.0,6535248.0,0.0359,0.054,0.12,99645.01,70641.3,502.8,51.8,7.5,22.6,1520.4,0.28,506.4,68.0,574.4,488.9,50.1,7.24,22.8,1503.1,0.28,492.3,67.6,560.0,225.9,11.3,1.59,21.3,1429.5,0.15,226.7,63.9,290.6,782.9,69.2,9.97,44.2,3084.6,0.43,787.7,136.2,923.9,152970329.8,15764.4,2281.1,6888393.9,462581.7,85.7,154062856.8,20696725.5,174759582.3,35.81,20.0,0.0,55.81,37.95,21.75,0.0,59.7,2632.9,2.0,2634.9,304245000.0,70412936.0,31312.4,2190484.5,3054028.2,133720856.0,0.0,511664.0,45221612.0,1773607.2,0.0,1715114.6,42109404.0,2420873.8,1594746.6,15353766.0,54547508.0,0.0,29.1,375.0,30561.8,0.0,351.9,11721.7,11720.2,0.0,489.6,5272.0,3817.1,2614.8,7262.7,0.0,16744.1,116.4,20918.4,0.0
HighNGPrice,MISO_Central,2030,339330270.0,1354838.4,2387677.5,3296865.2,346369630.0,327129702.1,125920900.0,45014136.0,63737530.0,0.0359,0.054,0.12,99640.34,73782.1,202.9,20.7,3.0,10.0,575.3,0.13,204.3,27.2,231.5,212.4,21.0,3.04,11.6,638.3,0.15,213.8,30.6,244.4,225.8,15.8,2.22,16.2,1050.7,0.11,226.9,47.6,274.5,661.3,60.2,8.68,35.5,2240.7,0.35,665.4,102.3,767.8,74064208.0,7549.9,1093.9,3664939.0,210052.8,47.3,74587836.8,9937431.3,84525268.2,33.45,17.79,0.0,51.24,35.59,19.37,0.0,54.97,1048168.0,481340.3,1529508.2,365093020.0,220448740.0,1157308.6,2190484.5,5128218.0,64256390.0,0.0,717833.8,23132776.0,585087.3,0.0,1770780.2,42109404.0,2384291.2,1929552.2,81026910.0,138704000.0,0.0,874.0,375.0,20616.6,0.0,490.9,12047.6,11457.2,0.0,510.6,5272.0,4416.2,2614.8,38058.0,0.0,38247.5,3496.1,20918.4,0.0
HighNGPrice,MISO_Central,2035,371663940.0,13842456.0,3638324.5,4302898.5,393447600.0,358299814.0,29956090.0,46851616.0,112194100.0,0.0359,0.054,0.12,114407.93,81310.8,27.9,0.6,0.08,4.3,188.6,0.04,27.9,9.9,37.8,38.4,0.8,0.11,5.9,262.7,0.05,38.5,13.8,52.3,86.4,1.8,0.2,10.3,619.0,0.05,86.5,28.8,115.3,247.4,5.1,0.59,29.5,1757.6,0.14,247.7,81.9,329.6,12792402.1,283.1,36.3,1970071.4,86517.1,17.8,12810740.1,4553127.5,17363867.6,31.67,20.17,0.0,51.84,34.21,22.68,0.0,56.89,28402156.0,8392275.0,36794430.0,458790080.0,363491550.0,11826614.0,1819986.8,4655130.5,0.0,0.0,976546.9,25448588.0,2020783.0,0.0,1668186.9,42109404.0,2809570.8,2940317.2,107739340.0,254775650.0,0.0,10539.7,324.7,0.0,0.0,678.2,12570.5,11342.4,0.0,510.6,5272.0,4285.9,2614.8,53538.9,0.0,78877.7,42158.7,20918.4,0.0
HighNGPrice,MISO_Central,2040,402937660.0,16219658.0,3763219.5,4803306.0,427723840.0,388448450.8,9256504.0,54051850.0,139115900.0,0.0359,0.054,0.12,112623.38,89385.4,23.2,0.5,0.06,3.6,158.4,0.03,23.2,8.3,31.5,14.6,0.3,0.03,2.4,110.6,0.02,14.7,5.7,20.4,50.1,1.0,0.1,5.9,373.9,0.02,50.1,17.1,67.2,225.4,4.5,0.51,26.8,1627.5,0.12,225.6,75.3,301.0,11890052.7,260.1,32.8,1838358.2,81249.6,16.8,11906766.5,4264170.7,16170937.2,29.93,20.15,0.0,50.09,32.38,22.71,0.0,55.1,44333124.0,14323170.0,58656296.0,512787900.0,418467360.0,13858474.0,1282286.4,3882504.8,0.0,0.0,1160907.5,24172886.0,1923054.8,0.0,1629976.6,42109404.0,2418384.5,3043594.8,129736490.0,287569950.0,0.0,12051.5,251.7,0.0,0.0,810.1,13158.3,11981.6,0.0,510.6,5272.0,4235.6,2614.8,65821.4,0.0,90905.1,48205.9,20918.4,0.0
HighNGPrice,MISO_Central,2045,432634180.0,16039614.0,3996968.8,5632352.0,458303070.0,417076989.7,-37549476.0,59894630.0,193283380.0,0.0359,0.054,0.12,118759.87,96074.8,20.7,0.4,0.05,3.2,146.1,0.03,20.7,7.5,28.2,12.0,0.2,0.02,2.0,90.8,0.02,12.0,4.7,16.7,58.6,1.1,0.12,7.0,431.7,0.03,58.7,19.8,78.5,206.3,4.1,0.44,24.5,1508.7,0.11,206.6,69.5,276.1,12239314.8,256.9,30.6,1873153.1,86453.0,16.1,12255334.5,4453839.4,16709173.9,27.09,21.23,0.0,48.32,29.28,23.85,0.0,53.13,64417868.0,28898224.0,93316100.0,591691840.0,495852600.0,13703187.0,1282286.4,3042835.2,0.0,0.0,1682950.2,26948020.0,2153215.0,0.0,1607381.1,42109404.0,1762469.6,3230472.5,156701660.0,337467940.0,0.0,11460.7,251.7,0.0,0.0,1179.2,12845.0,14004.3,0.0,510.6,5272.0,4085.0,2614.8,83930.7,0.0,109002.1,45842.8,20918.4,0.0
HighNGPrice,MISO_Central,2050,457002940.0,7001931.0,4415963.5,5675106.0,474095970.0,440569792.6,-60199510.0,59184812.0,208257400.0,0.0359,0.054,0.12,126242.59,101147.8,19.3,0.4,0.04,3.0,142.3,0.02,19.4,7.2,26.6,10.9,0.2,0.02,1.9,83.3,0.02,10.9,4.4,15.3,65.7,1.3,0.13,7.8,489.9,0.03,65.8,22.4,88.2,182.1,3.5,0.36,21.5,1363.3,0.08,182.3,62.2,244.5,12050538.1,239.2,26.2,1841593.8,88706.7,14.8,12064822.1,4489094.2,16553916.3,24.4,23.06,0.0,47.45,26.21,25.37,0.0,51.58,92191224.0,50953030.0,143144260.0,623168600.0,534295500.0,5978924.0,1282286.4,2657507.5,0.0,0.0,2735194.0,28573084.0,2256633.8,0.0,1588951.6,42109404.0,863428.6,3562864.5,164217730.0,367342560.0,0.0,4868.5,251.7,0.0,0.0,1905.4,15168.8,25019.3,0.0,510.6,5272.0,3019.2,2614.8,96605.9,0.0,124296.6,19473.9,20918.4,0.0
HighNGPrice,MISO_North,2025,230686300.0,84694.5,0.0,1836516.2,232607520.0,222391650.0,146289180.0,18899094.0,4473194.0,0.0359,0.054,0.12,99581.66,48470.1,328.0,31.7,4.57,17.1,1147.2,0.19,330.2,51.3,381.5,338.4,32.9,4.74,17.4,1168.6,0.19,340.7,52.3,393.0,334.1,25.3,3.61,22.8,1604.5,0.19,335.8,70.7,406.5,778.1,71.8,10.35,40.8,2896.6,0.41,783.1,127.3,910.4,71574049.5,6913.6,996.3,3721565.0,250299.3,40.8,72052059.3,11191637.1,83243696.4,36.0,19.57,0.0,55.57,38.16,21.12,0.0,59.28,18464.2,759.0,19223.3,218181600.0,86318340.0,72226.1,2158853.0,8201271.0,59662220.0,0.0,1366656.1,30617572.0,2628306.5,0.0,4494981.5,22761602.0,1266253.8,0.0,7892353.5,77059330.0,0.0,69.3,351.7,11629.9,0.0,964.6,7633.3,7105.3,0.0,925.4,2849.7,2482.6,0.0,3911.3,0.0,21758.4,277.0,0.0,0.0
HighNGPrice,MISO_North,2030,256627100.0,3035993.2,0.0,2665702.5,262328800.0,247399334.4,97362770.0,20094368.0,17005544.0,0.0359,0.054,0.12,99600.51,51943.2,156.8,16.4,2.38,7.3,431.8,0.1,158.0,20.2,178.2,169.2,17.8,2.57,7.9,462.6,0.1,170.5,21.7,192.2,252.9,22.2,3.18,14.3,914.7,0.13,254.4,41.6,296.0,647.2,65.1,9.4,28.8,1903.8,0.33,651.7,85.6,737.2,40659450.9,4259.4,616.3,1897127.8,111943.4,24.8,40954620.5,5239813.8,46194434.3,27.08,18.22,0.0,45.29,28.86,19.71,0.0,48.57,11385445.0,616905.0,12002350.0,259239980.0,164966030.0,2591842.8,1436489.4,13889829.0,37648244.0,0.0,1875601.8,10501851.0,552627.2,0.0,4645655.5,22761602.0,245805.8,0.0,37290720.0,125799704.0,0.0,2113.0,240.0,10756.9,0.0,1339.7,7633.3,6311.9,0.0,958.4,2849.7,1519.4,0.0,18542.7,0.0,34556.1,8452.0,0.0,0.0
HighNGPrice,MISO_North,2035,290110820.0,3552935.2,0.0,2661159.5,296324930.0,279677526.5,87304120.0,30335012.0,20067864.0,0.036,0.054,0.12,118901.84,58663.2,44.4,0.9,0.09,6.1,329.9,0.04,44.4,16.0,60.4,43.9,0.9,0.09,6.2,326.5,0.04,43.9,15.9,59.8,90.1,1.8,0.19,10.7,657.7,0.05,90.3,30.3,120.6,219.4,4.3,0.46,26.0,1616.0,0.11,219.6,74.2,293.9,12687038.8,246.4,26.0,1759118.8,94373.9,10.9,12701487.0,4574433.9,17275920.9,28.03,23.24,0.23,51.52,29.88,25.18,0.24,55.33,23957664.0,2001050.4,25958714.0,286057760.0,209020800.0,3037368.5,1436489.4,12533706.0,0.0,0.0,2386859.5,29045126.0,3226296.0,0.0,4484177.0,22761602.0,512208.2,0.0,41210520.0,165423420.0,0.0,2862.2,240.0,0.0,0.0,1712.0,12960.2,12450.2,0.0,958.4,2849.7,1445.0,0.0,20793.3,0.0,47739.8,11449.0,0.0,0.0
HighNGPrice,MISO_North,2040,315758500.0,4960007.5,0.0,2784540.2,323503040.0,304403296.0,91843890.0,35849480.0,20939122.0,0.036,0.054,0.12,118008.03,63059.5,40.1,0.8,0.08,5.6,298.7,0.03,40.1,14.5,54.6,27.3,0.5,0.06,3.7,202.2,0.02,27.3,9.8,37.1,65.9,1.3,0.13,7.8,491.3,0.03,65.9,22.4,88.4,208.2,4.1,0.44,24.7,1528.5,0.1,208.5,70.3,278.8,12372149.1,239.8,25.2,1721445.8,92186.3,10.7,12386179.8,4471518.1,16857697.9,27.43,23.3,0.37,51.11,29.28,25.3,0.4,54.99,29205004.0,2682746.2,31887754.0,308592670.0,231659170.0,4239080.0,1436489.4,12277314.0,0.0,0.0,3132796.5,27579708.0,3709953.5,0.0,4466736.0,22761602.0,462648.3,0.0,44687080.0,183839260.0,0.0,3960.6,240.0,0.0,0.0,2248.6,12975.1,15108.4,0.0,958.4,2849.7,1422.8,0.0,22710.5,0.0,52797.3,15842.3,0.0,0.0
HighNGPrice,MISO_North,2045,339224830.0,2685047.2,0.0,2939569.0,344849440.0,327025585.7,100339380.0,43958496.0,19173302.0,0.036,0.054,0.12,118030.55,68416.7,41.2,0.8,0.08,5.7,311.1,0.03,41.2,14.9,56.2,26.0,0.5,0.05,3.6,196.6,0.02,26.0,9.4,35.5,74.8,1.4,0.15,8.8,560.8,0.03,74.9,25.6,100.5,190.8,3.7,0.38,22.6,1424.2,0.09,191.0,65.0,256.1,13181296.7,250.1,25.3,1813796.1,99577.3,10.6,13195662.7,4784101.9,17979764.7,25.55,23.96,0.32,49.84,27.18,25.82,0.34,53.34,29593452.0,3598284.5,33191738.0,320064260.0,244510050.0,2294739.5,1436489.4,11802778.0,0.0,0.0,4132828.0,25770624.0,6909804.0,0.0,4469508.0,22761602.0,108640.8,0.0,50325216.0,190052020.0,0.0,1958.5,240.0,0.0,0.0,2968.3,12815.1,29983.6,0.0,958.4,2849.7,881.9,0.0,25609.6,0.0,54009.2,7834.1,0.0,0.0
HighNGPrice,MISO_North,2050,358360260.0,3518703.5,0.0,3256269.0,365135230.0,345472969.8,96904290.0,50995610.0,18642022.0,0.036,0.054,0.12,125916.67,72478.1,31.9,0.6,0.06,4.4,241.1,0.03,31.9,11.6,43.5,20.9,0.4,0.04,2.8,158.3,0.02,20.9,7.5,28.5,76.7,1.5,0.15,9.1,576.8,0.03,76.8,26.3,103.0,163.5,3.1,0.31,19.3,1231.6,0.07,163.7,56.0,219.8,10600622.1,200.5,20.2,1456611.5,80246.5,8.4,10612104.8,3850261.7,14462366.6,22.12,26.02,0.0,48.15,23.58,28.08,0.0,51.66,28962310.0,15318392.0,44280704.0,332781630.0,268230940.0,3004540.0,1193419.2,10859953.0,0.0,0.0,5360845.0,22363430.0,4616319.0,0.0,4446120.0,18021100.0,45821.3,0.0,75272264.0,187597840.0,0.0,2302.2,207.0,0.0,0.0,3859.7,13979.9,32937.0,0.0,958.4,2256.2,642.1,0.0,42928.4,0.0,52902.6,9208.7,0.0,0.0
HighNGPrice,MISO_South,2025,216510820.0,233752.3,14529.5,892396.9,217651500.0,208727603.9,199967460.0,7879429.0,683471.7,0.0359,0.0539,0.12,99829.09,47820.5,357.0,19.9,2.78,33.1,2202.0,0.25,358.3,98.8,457.1,361.9,20.3,2.84,33.5,2226.7,0.26,363.3,99.9,463.2,418.8,13.3,1.77,46.3,3219.1,0.28,419.7,142.3,562.0,631.8,38.6,5.68,54.8,3166.9,0.52,634.5,149.3,783.8,75128889.0,4188.3,586.0,6968745.0,463426.3,53.2,75413673.8,20793374.0,96207047.8,39.27,20.7,0.0,59.98,41.57,22.37,0.0,63.94,0.0,0.0,0.0,210455550.0,17684054.0,199149.9,1198375.8,0.0,28461158.0,0.0,693538.9,108505650.0,670370.4,0.0,3647090.5,42746000.0,7332001.0,11694.6,9318553.0,7671961.0,0.0,213.9,165.8,6686.9,0.0,454.7,19218.3,3385.5,0.0,1245.2,5351.7,9226.3,30.0,4149.8,0.0,2999.2,855.7,240.0,0.0
HighNGPrice,MISO_South,2030,230936060.0,2551161.2,64310.7,1718544.4,235270100.0,222634121.0,137402260.0,22919474.0,8270739.0,0.0359,0.054,0.12,99813.41,50236.1,172.8,10.9,1.51,15.5,868.1,0.12,173.5,41.4,214.9,180.9,11.9,1.66,15.7,883.1,0.13,181.7,42.0,223.7,201.0,7.9,1.03,20.1,1270.6,0.1,201.5,58.0,259.5,671.2,61.3,8.8,35.5,2311.9,0.34,675.4,104.5,780.0,38121813.0,2404.3,334.1,3411788.6,191511.3,27.5,38284674.1,9126330.6,47411004.7,36.36,18.93,0.0,55.29,38.67,20.64,0.0,59.31,443482.3,436490.8,879973.1,220621340.0,97867820.0,2171813.2,1116615.9,0.0,18035908.0,0.0,1290880.5,53875680.0,135916.9,0.0,3674063.5,42746000.0,945987.0,51547.0,69412160.0,27164784.0,0.0,1673.4,154.7,4544.5,0.0,847.7,21116.6,3328.1,0.0,1257.2,5351.7,7050.8,30.0,31141.9,0.0,9129.6,6693.7,240.0,0.0
HighNGPrice,MISO_South,2035,257431760.0,9270773.0,74153.3,2600927.5,269377600.0,248177131.8,128681200.0,54416480.0,22656770.0,0.0359,0.054,0.12,81224.11,54147.9,66.1,1.3,0.13,9.6,494.2,0.07,66.2,24.3,90.5,63.6,1.2,0.13,9.2,475.4,0.06,63.7,23.3,87.1,101.2,2.1,0.24,12.1,716.9,0.06,101.3,33.5,134.8,243.9,4.8,0.51,28.9,1794.1,0.12,244.2,82.4,326.7,15715237.6,304.2,31.9,2274765.0,117433.7,16.2,15733022.6,5778698.5,21511721.1,34.71,14.59,0.0,49.3,37.41,16.28,0.0,53.68,444653.2,6498812.0,6943465.5,237617890.0,140696420.0,7903525.0,1116615.9,0.0,0.0,0.0,1826665.2,40752100.0,182430.0,0.0,3674063.5,42746000.0,487095.6,59663.3,87340820.0,51528932.0,0.0,5649.9,154.7,0.0,0.0,1211.4,21116.6,3328.1,0.0,1257.2,5351.7,4156.2,30.0,41618.7,0.0,17150.0,22599.5,240.0,0.0
HighNGPrice,MISO_South,2040,281819840.0,11371978.0,78221.4,2843192.8,296113200.0,271688370.9,127827350.0,63514600.0,25723436.0,0.0359,0.054,0.12,92714.41,59492.0,48.1,0.9,0.1,7.3,360.1,0.06,48.1,18.0,66.2,46.5,0.9,0.09,7.0,348.3,0.05,46.6,17.4,64.0,109.0,2.2,0.23,12.9,796.8,0.06,109.1,36.7,145.8,213.9,4.1,0.43,25.3,1587.5,0.1,214.2,72.7,286.8,12418716.6,240.3,25.2,1884175.4,93022.4,14.6,12432760.4,4660222.4,17092982.8,31.5,16.63,0.0,48.13,34.1,18.64,0.0,52.74,959698.9,11813474.0,12773173.0,258322080.0,168285860.0,9692974.0,1116615.9,0.0,0.0,0.0,2010432.2,32212406.0,153806.7,0.0,3672013.2,42746000.0,379448.8,62937.1,100265300.0,66010136.0,0.0,6914.5,154.7,0.0,0.0,1339.8,21116.6,3337.7,0.0,1257.2,5351.7,4156.2,30.0,49289.6,0.0,21992.0,27658.1,240.0,0.0
HighNGPrice,MISO_South,2045,301643940.0,13001656.0,82537.0,3014039.8,317742180.0,290800018.4,140864270.0,74496670.0,26419026.0,0.0359,0.054,0.12,108887.33,64276.2,46.9,0.9,0.09,7.1,353.9,0.05,46.9,17.6,64.6,43.8,0.8,0.09,6.6,330.6,0.05,43.9,16.4,60.3,101.4,1.9,0.2,12.0,760.3,0.05,101.5,34.7,136.2,192.2,3.7,0.38,22.7,1435.7,0.09,192.4,65.6,258.0,12643834.0,241.9,24.9,1909004.6,95422.0,14.4,12657828.1,4756523.8,17414351.9,27.95,19.91,0.0,47.86,30.38,22.39,0.0,52.77,928826.2,13186806.0,14115632.0,269664500.0,176877900.0,11083095.0,1116615.9,0.0,0.0,0.0,2360059.8,33744830.0,140786.9,0.0,3670896.5,42746000.0,218036.2,66364.8,105275944.0,69241890.0,0.0,7846.1,154.7,0.0,0.0,1569.8,24626.1,3390.2,0.0,1257.2,5351.7,3113.4,30.0,51642.2,0.0,22854.2,31384.2,240.0,0.0
HighNGPrice,MISO_South,2050,317827680.0,28146676.0,78090.7,3019079.8,349071520.0,306402301.7,149928800.0,75178730.0,25842210.0,0.0359,0.054,0.12,121279.57,69329.2,34.5,0.7,0.07,5.5,263.7,0.04,34.6,13.3,47.9,33.1,0.6,0.06,5.2,253.1,0.04,33.2,12.8,46.0,103.5,2.0,0.2,12.2,779.6,0.05,103.6,35.5,139.1,174.3,3.3,0.33,20.6,1313.9,0.08,174.5,59.8,234.3,10349293.5,195.1,19.5,1635628.7,79029.0,13.1,10360434.1,3994283.2,14354717.3,23.74,21.72,0.0,45.46,26.57,25.52,0.0,52.1,908229.3,14886146.0,15794374.0,299735000.0,199142740.0,24015800.0,1116615.9,0.0,0.0,0.0,2871284.5,28983296.0,1501.5,0.0,3664170.5,42746000.0,2075.5,62827.2,125265256.0,71006190.0,0.0,18204.3,154.7,0.0,0.0,1915.3,32852.5,3364.5,0.0,1257.2,5351.7,1093.5,30.0,60754.3,0.0,23294.7,72817.4,240.0,0.0
HighNGPrice,NYISO,2025,158741890.0,1218884.4,651943.3,252216.3,160864940.0,153034826.7,131098740.0,3370042.0,522428.2,0.0359,0.054,0.12,21711.51,36512.0,175.3,4.4,0.65,23.5,1259.2,0.21,175.6,61.1,236.7,187.0,4.9,0.72,24.7,1337.4,0.22,187.3,64.7,252.0,233.0,7.4,1.22,28.4,1319.0,0.3,233.5,67.8,301.3,611.2,25.2,3.91,67.4,3380.2,0.68,613.0,168.3,781.3,27699913.0,696.7,102.7,3710395.2,198978.7,32.5,27748725.8,9648840.4,37397566.2,42.51,4.27,6.0,52.78,45.03,4.66,6.34,56.03,0.0,0.0,0.0,158017330.0,29766198.0,1037056.2,1989598.8,10776297.0,0.0,0.0,3560240.8,49355584.0,797622.5,0.0,26503520.0,26688192.0,10583361.0,519893.0,7497981.0,18282764.0,425212.4,1750.0,389.6,0.0,0.0,2561.9,9588.7,2662.1,0.0,4553.7,3341.3,12192.8,1426.8,4151.2,132.0,5486.9,7000.0,11414.4,0.0
HighNGPrice,NYISO,2030,170299340.0,3081881.2,1409630.4,237998.6,175028860.0,164175938.5,105467490.0,4501975.0,4083186.5,0.0359,0.054,0.12,21716.12,38288.7,75.5,1.7,0.22,10.9,505.6,0.09,75.6,26.0,101.7,85.8,2.2,0.28,12.1,564.5,0.1,85.9,28.9,114.9,138.4,4.2,0.64,16.5,750.4,0.15,138.7,38.9,177.6,512.3,23.6,3.33,50.2,2776.8,0.36,513.9,133.1,647.0,13188664.2,294.2,38.1,1911342.2,88282.5,15.3,13207818.7,4546334.5,17754153.2,39.04,3.82,7.39,50.33,41.6,4.2,7.83,53.7,219996.8,27823.5,247820.4,174610060.0,69561370.0,2628336.8,1989598.8,13360079.0,0.0,0.0,4108437.2,28817748.0,172059.8,0.0,27677738.0,26688192.0,2589715.2,1125234.8,22015032.0,29383316.0,14054584.0,2996.7,389.6,0.0,0.0,2959.8,8656.5,267.2,0.0,4745.1,3341.3,8130.0,1426.8,12124.1,3801.0,7945.2,11986.7,11414.4,0.0
HighNGPrice,NYISO,2035,186261310.0,4263776.0,1495851.0,488730.8,192509660.0,179563188.0,105707280.0,12606052.0,9148417.0,0.0359,0.054,0.12,109808.48,41052.1,67.0,1.6,0.22,9.7,424.4,0.09,67.1,22.4,89.5,72.0,1.7,0.23,10.5,462.3,0.09,72.1,24.3,96.4,140.7,3.6,0.55,17.3,806.1,0.14,141.0,41.3,182.3,351.9,7.9,1.02,42.4,2332.4,0.26,352.4,112.0,464.4,12657345.0,299.6,41.5,1840167.8,80228.3,16.3,12677603.6,4235417.3,16913020.9,38.89,19.26,0.0,58.15,41.67,21.26,0.0,62.93,2266329.2,452859.8,2719189.0,189052030.0,86802380.0,3630267.5,1584482.1,12983526.0,0.0,0.0,4311871.0,25549188.0,63064.9,0.0,27160666.0,26688192.0,3388491.5,1201771.1,21827364.0,29493196.0,31169956.0,4077.9,334.6,0.0,0.0,3139.9,8656.5,267.2,0.0,4754.9,3341.3,7494.6,1426.8,12124.1,9000.0,7945.2,16311.7,11414.4,0.0
HighNGPrice,NYISO,2040,203176670.0,10486576.0,1386693.8,814278.2,215864220.0,195869801.4,79626980.0,28061478.0,25089244.0,0.036,0.054,0.12,257832.1,45117.1,0.0,0.0,0.0,1.4,3.0,0.03,0.0,1.5,1.5,0.0,0.0,0.0,0.0,0.0,0.0,0.0,0.0,0.0,0.0,0.0,0.0,0.0,0.0,0.0,0.0,0.0,0.0,293.1,5.8,0.62,34.8,2149.1,0.15,293.4,98.9,392.3,0.0,0.0,0.0,304851.4,643.9,5.6,0.0,325572.8,325572.8,36.32,45.52,5.56,87.46,39.26,51.52,5.97,96.8,5259758.5,2272618.5,7532377.0,212891980.0,136237230.0,8925638.0,1584482.1,11879811.0,0.0,0.0,5133410.0,0.0,0.0,0.0,26460182.0,26688192.0,0.0,1116438.9,33454214.0,66343240.0,31306372.0,10357.7,334.6,0.0,0.0,3720.3,0.0,0.0,0.0,4763.2,3341.3,0.0,1426.8,19484.4,9000.0,19791.0,41431.0,11414.4,0.0
HighNGPrice,NYISO,2045,221352740.0,13736869.0,1509721.2,949209.2,237548510.0,213392241.9,88070840.0,37134130.0,28040548.0,0.0359,0.054,0.12,256422.88,49691.5,0.0,0.0,0.0,1.3,2.8,0.02,0.0,1.4,1.4,0.0,0.0,0.0,0.0,0.0,0.0,0.0,0.0,0.0,0.0,0.0,0.0,0.0,0.0,0.0,0.0,0.0,0.0,290.5,5.8,0.64,34.5,2106.9,0.15,290.8,97.4,388.2,0.0,0.0,0.0,304851.4,643.9,5.6,0.0,325572.8,325572.8,34.02,45.07,8.83,88.01,36.88,51.52,9.49,97.98,4019878.5,2888538.2,6908417.0,228454940.0,149477700.0,11707687.0,1584482.1,11228182.0,0.0,0.0,6483504.0,0.0,0.0,0.0,26559128.0,26688192.0,0.0,1209589.0,43288580.0,67781784.0,31923820.0,12842.4,334.6,0.0,0.0,4705.0,0.0,0.0,0.0,4769.5,3341.3,0.0,1426.8,24980.0,9000.0,20008.2,51369.5,11414.4,0.0
HighNGPrice,NYISO,2050,238796640.0,16706810.0,1715259.8,1068951.9,258287660.0,230209041.6,89445864.0,47407868.0,29590950.0,0.0359,0.054,0.12,220777.68,54235.1,0.0,0.0,0.0,0.9,1.8,0.02,0.0,1.0,1.0,0.0,0.0,0.0,0.0,0.0,0.0,0.0,0.0,0.0,0.0,0.0,0.0,0.0,0.0,0.0,0.0,0.0,0.0,269.4,5.1,0.53,31.9,2017.2,0.12,269.7,92.0,361.7,0.0,0.0,0.0,220387.3,443.0,3.7,0.0,234602.0,234602.0,30.41,38.74,13.87,83.2,33.12,44.69,14.98,92.95,3493102.5,4539892.0,8032994.5,240470750.0,168841810.0,14228062.0,1584482.1,10957082.0,0.0,0.0,7757773.0,0.0,0.0,0.0,26395566.0,17086578.0,0.0,1377177.8,56123416.0,72740510.0,32220100.0,15181.4,334.6,0.0,0.0,5637.9,0.0,0.0,0.0,4769.5,2139.2,0.0,1426.8,32533.4,9000.0,21538.5,60725.6,11414.4,0.0
HighNGPrice,NorthernGrid_East,2025,54637384.0,62885.6,0.0,546090.0,55246360.0,52672853.9,40319690.0,7926822.5,3286590.5,0.0359,0.054,0.12,91767.67,10625.9,247.3,27.2,3.95,9.0,632.8,0.12,249.2,27.9,277.1,215.8,23.6,3.43,8.0,560.3,0.11,217.4,24.8,242.2,778.2,75.4,10.84,36.9,2747.4,0.38,783.4,118.9,902.3,802.2,78.3,11.28,37.6,2760.4,0.4,807.6,120.0,927.6,12517208.1,1377.6,199.8,455989.6,32025.1,6.2,12612807.5,1412024.0,14024831.5,29.77,16.21,0.0,45.99,31.5,17.39,0.0,48.89,654.5,0.0,654.5,50606132.0,14926674.0,52720.0,319198.3,125876.3,11594962.0,0.0,1195637.5,1791202.2,0.0,74468.4,21721030.0,0.0,0.0,0.0,1715400.6,12015635.0,0.0,231.0,47.5,3746.3,0.0,797.7,549.3,789.1,10.0,5581.2,0.0,309.1,0.0,829.0,0.0,3416.2,924.0,0.0,0.0
HighNGPrice,NorthernGrid_East,2030,60358284.0,157264.8,0.0,1086705.0,61602252.0,58188011.4,23728936.0,6302702.0,12835737.0,0.0359,0.054,0.12,91763.95,11750.6,123.5,14.1,2.05,4.1,277.5,0.06,124.5,12.3,136.8,114.2,13.0,1.89,3.8,258.2,0.06,115.1,11.5,126.6,136.7,11.7,1.67,7.9,521.1,0.06,137.6,23.4,161.0,673.4,70.9,10.25,26.8,1837.5,0.33,678.3,81.7,760.0,8415201.4,958.7,139.4,276043.0,18909.9,4.2,8481818.0,840695.8,9322513.8,22.66,15.6,0.0,38.25,24.04,16.81,0.0,40.84,314380.7,6383.0,320773.5,68135300.0,37873320.0,133362.0,233755.5,122898.3,8103133.0,0.0,1337443.9,290118.8,540.9,74118.6,21304046.0,0.0,0.0,0.0,1729137.0,34806740.0,0.0,231.0,35.9,3637.0,0.0,892.7,549.3,387.1,10.0,5753.2,0.0,0.0,0.0,829.0,0.0,8901.2,924.0,0.0,0.0
HighNGPrice,NorthernGrid_East,2035,70286420.0,471855.9,0.0,1589259.0,72347540.0,67759084.7,14072131.0,17311324.0,24837850.0,0.036,0.054,0.12,104725.81,14042.4,1.8,0.0,0.0,0.3,13.6,0.0,1.8,0.7,2.5,2.2,0.0,0.0,0.4,16.9,0.0,2.2,0.9,3.1,61.0,1.2,0.12,7.2,458.0,0.03,61.1,20.9,81.9,178.7,3.4,0.34,21.1,1344.9,0.08,178.9,61.2,240.1,142442.1,2.7,0.3,24221.1,1083.9,0.1,142595.4,56547.9,199143.3,23.65,16.7,0.0,40.35,25.11,18.04,0.0,43.15,2731988.2,273232.4,3005232.2,79874056.0,58275404.0,402130.8,233755.5,116812.8,0.0,0.0,1252475.4,384426.9,0.0,69381.7,20392150.0,0.0,0.0,0.0,6101600.0,50921330.0,0.0,428.5,35.9,0.0,0.0,844.5,549.3,387.8,10.0,5754.5,0.0,0.0,0.0,2942.3,0.0,14151.4,1714.1,0.0,0.0
HighNGPrice,NorthernGrid_East,2040,77372900.0,263923.3,0.0,1824296.2,79461110.0,74590802.7,9216622.0,19321922.0,31127164.0,0.0359,0.054,0.12,118610.06,15445.4,1.2,0.0,0.0,0.2,9.0,0.0,1.2,0.5,1.7,1.5,0.0,0.0,0.3,11.4,0.0,1.5,0.6,2.1,61.6,1.2,0.12,7.3,464.0,0.03,61.6,21.1,82.7,171.3,3.2,0.33,20.3,1288.6,0.08,171.5,58.7,230.2,107583.5,2.0,0.2,20103.3,820.9,0.1,107699.3,44587.1,152286.4,22.19,18.66,0.0,40.84,23.49,20.09,0.0,43.59,5087661.5,402441.4,5490113.0,91266360.0,70244490.0,225408.7,233755.5,112574.5,0.0,0.0,1255780.5,267593.8,15981.2,64325.5,20102228.0,0.0,0.0,0.0,6156353.5,62832360.0,0.0,197.5,35.9,0.0,0.0,851.3,553.8,1347.9,10.0,5754.5,0.0,0.0,0.0,3006.9,0.0,18218.3,790.1,0.0,0.0
HighNGPrice,NorthernGrid_East,2045,84177660.0,286119.0,0.0,2028807.2,86492590.0,81150853.5,7944486.5,20962512.0,33734950.0,0.0359,0.054,0.12,114494.62,17093.6,0.8,0.0,0.0,0.2,6.5,0.0,0.8,0.4,1.2,1.0,0.0,0.0,0.2,7.9,0.0,1.0,0.4,1.5,171.0,3.2,0.32,20.2,1290.2,0.07,171.2,58.7,229.9,169.3,3.2,0.33,20.0,1267.2,0.08,169.5,57.8,227.3,83943.2,1.6,0.2,17310.6,642.5,0.1,84033.5,36475.5,120509.0,20.8,18.34,0.0,39.14,22.01,19.78,0.0,41.79,7202055.0,679256.5,7881325.5,99265030.0,78548104.0,244267.8,233755.5,107103.1,0.0,0.0,1282183.2,203534.1,16993.5,63999.1,19847274.0,0.0,0.0,0.0,7107062.5,70158856.0,0.0,197.5,35.9,0.0,0.0,869.5,593.1,1391.3,10.0,5754.5,0.0,0.0,0.0,3514.0,0.0,20609.0,790.1,0.0,0.0
HighNGPrice,NorthernGrid_East,2050,90001070.0,872888.8,0.0,2424401.8,93298360.0,86764865.2,6004135.5,24258940.0,38200080.0,0.0359,0.054,0.12,111096.84,18575.5,0.6,0.0,0.0,0.1,4.4,0.0,0.6,0.3,0.8,0.7,0.0,0.0,0.2,5.4,0.0,0.7,0.3,1.0,186.8,3.5,0.35,22.1,1408.8,0.08,187.0,64.1,251.1,159.7,3.0,0.3,18.9,1204.7,0.07,159.9,54.8,214.6,61775.0,1.2,0.1,14691.9,475.2,0.1,61841.5,28869.0,90710.5,19.66,18.03,0.0,37.69,20.86,19.59,0.0,40.45,8295795.0,949426.7,9245236.0,107239500.0,87294220.0,745107.6,233755.5,110433.1,0.0,0.0,1324672.9,156926.9,8070.4,64414.4,18626570.0,0.0,0.0,0.0,7717407.0,78252140.0,0.0,689.8,35.9,0.0,0.0,898.7,614.2,1369.4,10.0,5754.5,0.0,0.0,0.0,3843.9,0.0,22753.6,2759.2,0.0,0.0
HighNGPrice,NorthernGrid_South,2025,84253224.0,1753439.2,0.0,261157.8,86267820.0,81224471.6,56400520.0,3966189.5,4448900.0,0.0359,0.054,0.12,97258.97,18952.8,328.1,27.7,3.94,19.4,1463.1,0.16,330.0,63.0,393.0,352.6,30.1,4.29,20.5,1546.8,0.17,354.6,66.6,421.3,456.0,27.5,3.78,36.8,2845.1,0.21,457.9,121.6,579.5,613.4,41.2,5.75,45.8,3491.6,0.29,616.1,149.9,766.1,28464361.1,2405.2,342.1,1678962.6,126924.3,13.5,28629423.0,5464998.8,34094421.8,34.7,18.53,0.0,53.23,36.9,20.33,0.0,57.23,0.0,10459.5,10459.5,86750530.0,29867302.0,1491928.8,322711.6,0.0,19607500.0,0.0,2529275.8,23357868.0,10364.4,5358746.5,6733541.0,0.0,569.0,0.0,25323806.0,2014221.0,0.0,1132.4,50.4,3004.1,0.0,1378.1,8385.4,1872.3,719.6,3518.7,0.0,717.1,0.0,9864.8,0.0,739.7,4529.4,0.0,0.0
HighNGPrice,NorthernGrid_South,2030,94292650.0,1942542.0,0.0,880092.3,97115280.0,90902844.8,49555080.0,20829582.0,16779174.0,0.0359,0.054,0.12,97229.85,21302.4,237.2,21.5,3.08,12.7,840.1,0.11,238.7,37.7,276.5,242.3,22.1,3.16,12.9,852.7,0.12,243.8,38.4,282.2,135.1,6.1,0.81,12.7,819.9,0.06,135.5,37.2,172.6,606.7,50.8,7.22,36.1,2375.9,0.29,610.2,107.0,717.2,22078119.9,2002.6,286.5,1180430.3,78183.4,10.6,22216006.7,3513183.5,25729190.2,33.16,18.74,0.0,51.9,35.44,20.7,0.0,56.14,46378.2,2420540.0,2468722.5,93064870.0,47560204.0,1646248.1,322711.6,0.0,16631934.0,0.0,2872318.2,14416499.0,10532.2,5742586.5,6733541.0,0.0,621.4,0.0,38286364.0,6401520.5,0.0,1153.6,50.4,3004.1,0.0,1591.7,7842.3,1844.6,774.6,3518.7,0.0,491.1,0.0,15342.8,0.0,1996.5,4614.4,0.0,0.0
HighNGPrice,NorthernGrid_South,2035,109382250.0,15673469.0,0.0,1264454.6,126320170.0,105449887.5,52425468.0,34698460.0,20914914.0,0.0359,0.054,0.12,92226.05,24696.6,45.4,0.9,0.09,5.4,342.3,0.02,45.4,15.6,61.0,47.1,0.9,0.09,5.7,355.7,0.02,47.2,16.3,63.5,82.5,1.6,0.16,9.7,621.9,0.04,82.6,28.3,110.9,275.4,5.2,0.53,32.5,2070.5,0.12,275.7,94.3,370.0,5105627.9,96.3,9.6,605979.9,38521.4,2.2,5111126.4,1754525.6,6865652.1,33.33,15.88,0.0,49.22,37.66,19.63,0.0,57.29,409874.5,8917884.0,9330557.0,112536620.0,73894696.0,13338734.0,101738.8,0.0,0.0,0.0,2707977.0,13255791.0,15900.4,5196369.0,6730809.5,0.0,2581.2,0.0,63477400.0,7709313.5,0.0,9656.4,20.4,0.0,0.0,1548.0,8124.1,1748.0,774.6,3518.7,0.0,253.6,0.0,27451.2,0.0,2446.5,38625.7,0.0,0.0
HighNGPrice,NorthernGrid_South,2040,124747050.0,21963126.0,0.0,1532838.6,148243000.0,120262277.7,55764340.0,39589984.0,28855836.0,0.0359,0.054,0.12,103440.4,28653.1,38.8,0.7,0.07,4.6,293.1,0.02,38.9,13.3,52.2,41.3,0.8,0.08,4.9,311.4,0.02,41.3,14.2,55.5,102.6,1.9,0.19,12.1,774.1,0.04,102.7,35.2,137.9,252.9,4.8,0.48,29.9,1903.0,0.11,253.1,86.6,339.7,5341242.2,100.7,10.1,633798.7,40305.1,2.3,5346991.9,1835526.2,7182518.1,30.54,17.59,0.0,48.13,35.25,22.38,0.0,57.63,412850.6,14805843.0,15220890.0,137508860.0,92478670.0,18711434.0,101738.8,0.0,0.0,0.0,2759618.0,14476974.0,1239.0,5012078.0,6725613.0,0.0,1117.8,0.0,80383384.0,9335673.0,0.0,13448.2,20.4,0.0,0.0,1557.6,10647.7,1748.0,759.0,3518.7,0.0,239.6,0.0,36024.5,0.0,2922.1,53792.6,0.0,0.0
HighNGPrice,NorthernGrid_South,2045,138886180.0,22362956.0,0.0,1979043.6,163228180.0,133893102.3,51525444.0,47002504.0,46968250.0,0.0359,0.054,0.12,112041.69,32596.7,48.4,0.9,0.09,5.7,365.4,0.02,48.5,16.6,65.1,46.8,0.9,0.09,5.6,353.1,0.02,46.8,16.1,62.9,117.5,2.2,0.22,13.9,886.3,0.05,117.6,40.3,157.9,237.6,4.5,0.46,28.1,1780.2,0.11,237.9,81.2,319.1,7901320.5,148.9,14.9,936213.4,59627.2,3.4,7909823.8,2714043.5,10623867.2,28.14,19.62,0.0,47.76,32.58,24.67,0.0,57.26,963285.8,21089812.0,22054598.0,163193920.0,111702720.0,19051796.0,101738.8,0.0,0.0,0.0,2823960.5,22141208.0,1921.7,3478578.0,6715725.0,0.0,222.8,0.0,89500216.0,19378550.0,0.0,13466.3,20.4,0.0,0.0,1593.1,16480.5,1730.9,559.6,3518.7,0.0,239.6,0.0,41703.7,0.0,6652.9,53865.0,0.0,0.0
HighNGPrice,NorthernGrid_South,2050,152025470.0,18663736.0,0.0,2206724.5,172895940.0,146560143.7,54254316.0,55191336.0,47713610.0,0.0359,0.0539,0.12,115861.51,36522.6,45.5,0.9,0.09,5.4,343.3,0.02,45.5,15.6,61.2,33.0,0.6,0.06,4.0,249.0,0.02,33.0,11.4,44.4,105.6,2.0,0.2,12.5,796.9,0.05,105.8,36.2,142.0,212.0,4.0,0.4,25.0,1599.2,0.09,212.2,72.7,284.9,7525610.5,141.8,14.2,891829.3,56792.6,3.3,7533709.3,2585142.2,10118851.5,26.45,21.51,0.0,47.95,30.37,26.22,0.0,56.58,1013241.1,30943466.0,31958796.0,165418200.0,118641624.0,15893650.0,101738.8,0.0,0.0,0.0,3009437.8,21194572.0,1368.2,2855998.2,6729145.5,0.0,113.4,0.0,95656800.0,19975390.0,0.0,11278.4,20.4,0.0,0.0,1702.3,18378.2,1167.7,477.7,3518.7,0.0,11.4,0.0,47497.1,0.0,6841.1,45113.6,0.0,0.0
HighNGPrice,NorthernGrid_West,2025,158100640.0,6096.8,174437.6,2286013.8,160567180.0,152414716.7,131866930.0,143292.2,26319864.0,0.036,0.054,0.12,94308.4,33227.5,18.0,0.3,0.03,2.8,169.4,0.02,18.0,7.9,25.9,20.3,0.4,0.04,3.1,190.5,0.02,20.3,8.8,29.1,284.9,14.1,1.89,25.7,2005.8,0.13,285.9,85.5,371.4,425.5,25.4,3.49,34.7,2665.3,0.2,427.2,114.1,541.3,3359433.5,63.3,6.3,525519.2,31637.5,3.5,3363048.7,1469270.7,4832319.4,26.29,16.18,0.0,42.47,27.89,17.38,0.0,45.26,0.0,0.0,0.0,186743760.0,28700262.0,5105.2,1228183.5,8106779.0,0.0,0.0,824964.1,8796947.0,0.0,145213.4,130431510.0,9193461.0,0.0,136294.0,3827532.5,24047764.0,0.0,20.1,205.7,0.0,0.0,658.0,6007.1,1371.8,19.5,30835.3,1151.0,2.5,314.0,1961.8,0.0,7528.0,80.2,2512.0,0.0
HighNGPrice,NorthernGrid_West,2030,174448350.0,14960.9,239613.7,2768264.0,177471180.0,168174908.6,118304400.0,2605648.0,31554300.0,0.036,0.054,0.12,94300.44,35392.0,8.2,0.2,0.02,1.5,63.0,0.01,8.2,3.4,11.6,7.0,0.1,0.01,1.0,52.8,0.01,7.0,2.6,9.6,31.0,1.3,0.17,3.0,192.7,0.01,31.1,8.7,39.9,464.5,40.9,5.84,25.7,1713.2,0.22,467.4,76.8,544.2,1693595.8,31.9,3.2,307708.5,13005.2,2.7,1695418.4,695994.9,2391413.3,23.8,15.75,0.0,39.55,25.22,16.9,0.0,42.12,478956.4,181844.4,660944.2,206419840.0,59166796.0,12558.0,694166.0,6151432.0,0.0,0.0,1188313.4,4443248.0,802.2,141804.2,126425070.0,9193461.0,0.0,190501.1,6606817.5,51371664.0,0.0,20.1,133.2,0.0,0.0,944.5,5675.3,823.8,19.5,31763.1,1151.0,0.0,314.0,3325.4,0.0,14728.9,80.2,2512.0,0.0
HighNGPrice,NorthernGrid_West,2035,194986430.0,21279.8,333518.4,3298216.2,198639460.0,187974581.0,111470824.0,6172438.0,37138828.0,0.036,0.054,0.12,103582.82,39188.2,7.3,0.1,0.01,1.3,55.9,0.01,7.3,3.0,10.3,5.4,0.1,0.01,0.8,40.9,0.0,5.4,2.0,7.4,22.2,0.4,0.04,2.6,166.8,0.01,22.2,7.6,29.8,187.7,3.5,0.35,22.2,1416.5,0.08,188.0,64.4,252.4,1670645.9,31.5,3.1,299503.9,12825.3,2.6,1672443.7,682420.0,2354863.7,25.53,17.26,0.0,42.78,27.06,18.55,0.0,45.61,2046792.6,2134933.8,4181866.5,229605840.0,87168620.0,17971.5,581470.0,5393273.0,0.0,0.0,1520139.9,4360651.0,0.0,132275.9,122493840.0,9193461.0,0.0,264279.8,18199500.0,67448984.0,0.0,19.4,117.9,0.0,0.0,1209.2,5538.3,778.8,19.5,31774.3,1151.0,0.0,314.0,9671.7,0.0,20146.3,77.7,2512.0,0.0
HighNGPrice,NorthernGrid_West,2040,214420690.0,3440.6,432363.6,3426541.5,218283040.0,206710103.9,113830450.0,8261865.0,37148190.0,0.036,0.054,0.12,118877.36,43287.4,6.5,0.1,0.01,1.2,49.7,0.01,6.5,2.7,9.1,4.5,0.1,0.01,0.7,34.5,0.0,4.5,1.7,6.2,17.8,0.3,0.03,2.1,134.1,0.01,17.8,6.1,23.9,178.5,3.4,0.34,21.1,1345.9,0.08,178.7,61.2,239.9,1600381.7,30.2,3.0,291203.5,12295.1,2.6,1602103.9,658310.6,2260414.5,24.95,20.02,0.0,44.97,26.46,21.54,0.0,48.0,3522516.5,3552534.5,7075111.0,247169360.0,104452584.0,2932.2,581470.0,5863930.0,0.0,0.0,1524553.0,4174534.5,0.0,129122.9,122425390.0,9193461.0,0.0,345926.5,25203996.0,77724030.0,0.0,2.5,117.9,0.0,0.0,1216.2,5538.3,778.8,19.5,31774.3,1151.0,0.0,314.0,13582.4,0.0,23379.8,10.0,2512.0,0.0
HighNGPrice,NorthernGrid_West,2045,232522140.0,3640.2,504403.4,4094153.5,237124350.0,224160727.9,115113944.0,12111758.0,44110816.0,0.036,0.054,0.12,120290.13,46963.4,9.3,0.2,0.02,1.5,71.0,0.01,9.3,3.6,12.9,3.0,0.1,0.01,0.5,23.1,0.0,3.0,1.2,4.2,28.7,0.5,0.05,3.4,216.6,0.01,28.7,9.9,38.6,185.4,3.5,0.36,21.9,1393.0,0.08,185.6,63.5,249.1,2504178.3,47.2,4.7,397969.4,19115.3,3.0,2506873.2,968425.6,3475298.8,23.83,20.3,0.0,44.12,25.26,21.89,0.0,47.15,5839525.5,5371928.5,11211454.0,269123400.0,122010390.0,3088.6,581470.0,4947666.5,0.0,0.0,1573287.5,6863417.5,411.7,0.0,125121790.0,9193461.0,0.0,401696.6,29869552.0,90567560.0,0.0,2.5,117.9,0.0,0.0,1256.7,7647.5,1456.7,0.0,31782.4,1151.0,0.0,314.0,16413.1,0.0,27835.8,10.0,2512.0,0.0
HighNGPrice,NorthernGrid_West,2050,249583570.0,3652.0,588291.3,4834751.5,255010260.0,240608726.2,106153940.0,14931480.0,53327068.0,0.036,0.054,0.12,120891.31,50377.6,8.8,0.2,0.02,1.4,67.2,0.01,8.8,3.4,12.2,1.9,0.0,0.0,0.3,14.9,0.0,1.9,0.8,2.7,29.9,0.6,0.06,3.5,225.5,0.01,29.9,10.3,40.2,184.0,3.5,0.35,21.7,1388.2,0.08,184.2,63.1,247.3,2582914.8,48.7,4.9,407270.6,19709.4,3.0,2585694.4,995442.1,3581136.5,23.03,20.37,0.0,43.39,24.44,22.01,0.0,46.45,6971051.0,6694671.0,13665722.0,293405820.0,148856300.0,3108.4,581470.0,5827880.5,0.0,0.0,1685332.6,7189370.5,1321.9,0.0,121285590.0,9193461.0,0.0,467321.6,34244940.0,112926030.0,0.0,2.5,117.9,0.0,0.0,1351.6,8243.0,3563.7,0.0,31782.4,1151.0,0.0,314.0,18935.5,0.0,34868.0,10.0,2512.0,0.0
HighNGPrice,PJM_East,2025,729503100.0,4778508.5,5438852.0,4193840.8,743914300.0,703274032.6,654061300.0,2296457.0,4512975.5,0.0359,0.054,0.12,89840.28,166849.3,363.0,27.3,3.84,26.6,1870.0,0.22,364.9,82.4,447.2,382.4,28.8,4.05,27.9,1966.0,0.23,384.4,86.6,471.0,294.2,7.3,0.83,33.3,2599.2,0.13,294.7,110.8,405.4,625.8,41.5,5.85,48.1,3450.2,0.35,628.6,151.0,779.6,270843944.6,20352.7,2866.2,19830994.2,1395263.5,160.8,272232924.4,61453734.5,333686658.9,36.68,17.96,0.25,54.89,38.9,19.67,0.26,58.83,551.4,0.0,551.4,746130800.0,89853000.0,4078451.2,5811802.5,0.0,172166190.0,0.0,6405400.0,297789730.0,2523161.8,0.0,9139849.0,159425470.0,941612.2,4401538.0,46264416.0,37142052.0,41126.7,3022.9,1143.7,37922.3,0.0,4459.6,55245.4,21618.0,0.0,3160.5,19959.7,9042.1,5203.0,22939.4,12.0,11762.3,13811.5,41624.0,0.0
HighNGPrice,PJM_East,2030,777558700.0,8257615.0,4137490.5,5313412.5,795267200.0,749600225.3,619791550.0,41727144.0,7855071.0,0.0359,0.054,0.12,89836.5,175313.0,349.8,30.4,4.33,21.9,1315.4,0.21,351.9,61.1,413.0,353.5,30.8,4.4,22.0,1322.3,0.21,355.7,61.5,417.1,199.7,8.0,1.04,19.9,1255.4,0.1,200.2,57.3,257.6,564.7,43.6,6.18,37.3,2372.7,0.29,567.7,108.0,675.7,266336507.5,23131.9,3299.1,16638468.7,1001517.5,159.9,267926479.7,46527333.9,314453813.6,38.5,17.24,0.28,56.02,40.82,18.89,0.29,60.0,57935.6,2663.7,60599.4,761395140.0,175475680.0,7048664.0,4394278.0,0.0,191068300.0,0.0,9387455.0,209262140.0,1252830.4,0.0,9468437.0,159425470.0,648970.0,3350375.2,61001384.0,76054424.0,29032416.0,6977.3,951.3,31165.2,0.0,6510.4,56257.9,21128.9,0.0,3282.5,19959.7,7242.9,5203.0,29825.5,7859.9,22002.0,29629.1,41624.0,0.0
HighNGPrice,PJM_East,2035,847548200.0,20550116.0,5869861.0,7120096.0,881088300.0,817071885.0,497698000.0,99139230.0,16921714.0,0.0359,0.054,0.12,107651.53,191851.3,104.0,2.0,0.21,14.3,780.9,0.09,104.2,37.6,141.7,100.8,1.9,0.2,13.9,756.3,0.09,100.9,36.5,137.4,183.4,3.6,0.38,21.7,1353.5,0.09,183.7,62.1,245.8,274.7,5.6,0.65,32.7,1954.4,0.16,275.0,91.0,366.1,83113382.3,1592.7,164.3,11415722.6,623862.2,70.7,83205689.8,30026128.3,113231818.1,40.4,19.42,0.0,59.82,43.2,21.54,0.0,64.74,2317768.2,983471.8,3301240.0,798870800.0,383390340.0,17558178.0,4394278.0,0.0,0.0,0.0,11181665.0,213494660.0,4940612.5,0.0,9463390.0,159425470.0,1443204.1,4760672.5,112562740.0,183223730.0,76422190.0,16601.4,951.3,0.0,0.0,7762.5,61022.3,21447.7,0.0,3286.5,19959.7,5841.7,5203.0,54930.9,20619.9,55464.3,68125.4,41624.0,0.0
HighNGPrice,PJM_East,2040,922462600.0,21659988.0,6612664.5,8941882.0,959677250.0,889291758.9,539739600.0,132342640.0,29360100.0,0.0359,0.054,0.12,121970.52,208910.7,103.8,2.0,0.2,14.1,783.0,0.08,103.9,37.5,141.4,96.2,1.8,0.19,13.2,726.0,0.08,96.4,34.9,131.2,159.0,3.0,0.31,18.8,1194.6,0.07,159.1,54.4,213.6,249.2,4.9,0.51,29.5,1840.7,0.12,249.5,84.4,334.0,88946772.9,1691.6,172.0,12092582.5,670782.7,72.3,89044146.8,32101645.8,121145792.6,38.16,22.21,0.0,60.37,40.83,24.64,0.0,65.47,2774169.0,1051666.9,3825835.5,856694660.0,419937570.0,18495910.0,4341244.5,0.0,0.0,0.0,12584546.0,234698700.0,4161854.8,0.0,9464182.0,159425470.0,807226.5,5362469.5,118760424.0,195263940.0,93328670.0,17058.7,944.1,0.0,0.0,8747.7,73727.0,22446.7,0.0,3286.5,19959.7,5285.7,5203.0,57707.1,25144.9,58343.0,68234.7,41624.0,0.0
HighNGPrice,PJM_East,2045,1000422500.0,33565924.0,6185972.5,10521034.0,1050695360.0,964448675.2,606450500.0,180598270.0,31907132.0,0.0359,0.054,0.12,135091.7,227469.6,101.7,1.9,0.2,13.8,768.6,0.08,101.8,36.7,138.5,91.1,1.7,0.17,12.5,688.5,0.08,91.2,33.0,124.2,165.4,3.1,0.32,19.5,1244.0,0.07,165.6,56.6,222.2,244.6,4.8,0.51,29.0,1804.7,0.12,244.9,82.8,327.7,91766211.4,1740.0,176.0,12422549.5,693288.0,73.1,91866107.2,33102494.8,124968602.0,35.37,24.72,0.02,60.11,37.91,27.71,0.02,65.64,1660401.0,1074793.1,2735194.0,902004200.0,444244900.0,28692796.0,4341244.5,0.0,0.0,0.0,15210554.0,246406050.0,3846425.5,0.0,9469510.0,159425470.0,552304.0,5025599.0,132765520.0,201891180.0,94377600.0,26962.7,944.1,0.0,0.0,10590.7,78260.0,24392.1,0.0,3286.5,19959.7,4705.9,5203.0,63957.3,25144.9,59866.0,107850.8,41624.0,0.0
HighNGPrice,PJM_East,2050,1069901630.0,27823628.0,7096965.0,11440499.0,1116262700.0,1031430594.9,645811800.0,205368800.0,39427480.0,0.0359,0.054,0.12,140136.11,245620.7,99.0,1.9,0.19,13.5,750.6,0.08,99.1,35.9,135.0,85.6,1.6,0.16,11.8,649.8,0.07,85.7,31.2,116.9,157.3,3.0,0.3,18.7,1186.4,0.07,157.4,54.1,211.5,225.9,4.3,0.43,26.7,1700.0,0.1,226.2,77.4,303.6,94051287.1,1773.6,177.6,12829688.7,713337.7,76.6,94152614.8,34108051.5,128260666.4,32.34,26.05,0.52,58.92,34.63,29.04,0.54,64.22,2112646.5,2103705.0,4216351.5,950321340.0,470450940.0,23765498.0,4341244.5,0.0,0.0,0.0,18586784.0,257158300.0,3666144.8,0.0,9470907.0,175665470.0,64223.9,5738640.0,146261140.0,210914370.0,94688640.0,20923.3,944.1,0.0,0.0,12978.7,91640.3,47745.9,0.0,3286.5,21992.9,2200.3,5203.0,70457.4,25144.9,62149.3,83693.0,41624.0,0.0
HighNGPrice,PJM_West,2025,108721384.0,2231294.8,0.0,132750.8,111085420.0,104813044.6,101435820.0,1048611.6,19956000.0,0.0359,0.0539,0.12,90918.47,26283.5,75.9,1.4,0.15,15.4,721.9,0.18,76.0,36.9,112.9,86.6,1.9,0.2,16.6,804.3,0.18,86.7,40.6,127.3,316.2,12.2,1.6,32.1,2417.3,0.16,317.0,104.2,421.1,615.4,39.4,5.5,48.0,3591.1,0.31,618.1,155.1,773.2,9867188.5,186.9,18.9,1998457.8,93838.9,22.9,9877905.7,4801118.0,14679023.7,33.81,20.3,0.0,54.11,36.05,22.46,0.0,58.51,0.0,0.0,0.0,129992820.0,9649597.0,1899189.2,388265.3,0.0,0.0,0.0,176160.6,21257548.0,3337298.8,0.0,178472.8,93222180.0,60270.3,0.0,3173194.2,6300242.0,0.0,2205.0,83.0,0.0,0.0,119.7,6502.8,8146.7,0.0,59.1,11671.2,401.5,0.0,1503.6,0.0,1959.0,8820.0,0.0,0.0
HighNGPrice,PJM_West,2030,117765656.0,2068476.8,0.0,268190.5,120102340.0,113531812.1,85703704.0,7859821.0,31878688.0,0.0359,0.054,0.12,90918.5,27740.6,37.7,0.7,0.07,10.2,297.7,0.15,37.7,19.1,56.9,41.7,1.1,0.12,10.3,312.4,0.14,41.8,19.7,61.5,109.6,6.6,0.91,9.0,562.9,0.06,110.0,25.8,135.8,627.2,56.9,8.16,33.5,2188.4,0.31,631.1,98.8,729.9,5434131.8,102.7,10.3,1474364.8,42899.6,21.0,5440009.9,2758496.6,8198506.6,30.42,19.6,0.0,50.01,32.33,21.58,0.0,53.91,580880.5,114663.4,695543.9,144121200.0,34398630.0,1770448.2,388265.3,0.0,0.0,0.0,272075.2,13222215.0,922328.7,0.0,178472.8,93222180.0,18670.6,0.0,5636975.5,28489580.0,0.0,2292.8,83.0,0.0,0.0,187.8,6502.8,8148.9,0.0,59.1,11671.2,52.7,0.0,2695.6,0.0,8019.5,9171.1,0.0,0.0
HighNGPrice,PJM_West,2035,133569050.0,4210775.5,0.0,416998.1,138196830.0,128766691.1,103681020.0,15242781.0,23998794.0,0.0359,0.054,0.12,129422.58,30031.3,39.7,0.8,0.08,10.4,312.2,0.14,39.7,19.7,59.4,39.6,0.7,0.08,10.2,311.4,0.14,39.7,19.5,59.2,109.4,2.2,0.23,13.0,799.8,0.06,109.5,36.8,146.3,244.9,4.9,0.55,29.1,1768.7,0.13,245.2,81.9,327.1,5832025.3,110.3,11.1,1521423.7,45880.1,21.1,5838340.8,2894422.5,8732763.3,30.22,26.3,0.0,56.51,32.39,29.31,0.0,61.7,4729594.0,230704.2,4960298.0,146952850.0,34515804.0,3600498.0,388265.3,0.0,0.0,0.0,594569.7,13957843.0,1065514.8,0.0,178472.8,93222180.0,24273.5,0.0,5565440.5,28355792.0,0.0,3505.4,83.0,0.0,0.0,413.2,6502.8,8156.1,0.0,59.1,11671.2,52.7,0.0,2695.6,0.0,9101.2,14021.7,0.0,0.0
HighNGPrice,PJM_West,2040,145841920.0,4665544.0,0.0,498718.4,151006180.0,140598110.2,112864020.0,24515094.0,23911672.0,0.0359,0.054,0.12,131975.86,33169.7,37.5,0.7,0.07,10.0,295.4,0.14,37.5,18.8,56.3,32.8,0.6,0.06,8.5,257.6,0.12,32.8,16.3,49.1,84.2,1.6,0.17,10.0,628.8,0.04,84.3,28.7,113.0,228.6,4.5,0.5,27.2,1663.8,0.12,228.8,76.8,305.6,5639368.5,106.6,10.7,1498667.1,44425.5,21.1,5645477.0,2828295.3,8473772.3,30.01,26.65,0.0,56.66,32.17,29.7,0.0,61.87,4350868.5,183516.7,4534385.0,150402750.0,38142176.0,3987632.8,388265.3,0.0,0.0,0.0,1122162.4,13328850.0,1130684.0,0.0,178472.8,93222180.0,24508.5,0.0,5667081.5,31352932.0,0.0,3718.5,83.0,0.0,0.0,773.7,6502.8,8151.7,0.0,59.1,11671.2,52.7,0.0,2695.6,0.0,9703.5,14874.1,0.0,0.0
HighNGPrice,PJM_West,2045,157731800.0,9861790.0,0.0,691851.6,168285460.0,152060434.7,120626130.0,42388056.0,27988324.0,0.0359,0.054,0.12,150726.46,35841.2,9.7,0.2,0.02,6.6,86.3,0.12,9.7,9.2,18.9,10.1,0.2,0.02,5.5,86.1,0.1,10.1,8.1,18.2,66.6,1.3,0.13,7.9,494.9,0.03,66.7,22.6,89.4,204.5,3.9,0.41,24.2,1518.8,0.1,204.8,69.5,274.3,1498566.0,28.2,2.8,1009272.3,13273.6,19.2,1500178.6,1410077.6,2910256.2,27.6,29.16,0.0,56.76,29.89,33.4,0.0,63.3,3220939.2,259233.6,3480172.8,153885730.0,47659320.0,8433075.0,388265.3,0.0,0.0,0.0,2010385.2,3992250.5,12167.6,0.0,178472.8,93222180.0,0.0,0.0,10466297.0,35182640.0,0.0,8279.0,83.0,0.0,0.0,1368.3,2168.8,114.1,0.0,59.1,11671.2,0.0,0.0,4907.0,0.0,10315.0,33116.1,0.0,0.0
HighNGPrice,PJM_West,2050,167146640.0,11759498.0,0.0,725846.4,179631980.0,161136832.2,120082970.0,48535436.0,28342300.0,0.0359,0.054,0.12,129067.24,37883.1,7.6,0.1,0.01,5.7,69.1,0.11,7.7,7.8,15.5,8.5,0.2,0.02,4.8,73.1,0.09,8.5,7.0,15.5,36.3,0.7,0.07,4.3,271.6,0.02,36.4,12.4,48.8,182.7,3.5,0.35,21.6,1375.2,0.08,182.9,62.6,245.5,1218755.1,23.0,2.3,912840.2,11011.4,17.7,1220066.7,1245807.3,2465874.0,24.73,24.36,0.0,49.08,26.99,28.11,0.0,55.1,2555971.0,1047007.1,3602978.0,159438850.0,59549004.0,10047607.0,388265.3,0.0,0.0,0.0,3032139.2,3236542.2,21389.5,0.0,178472.8,86017560.0,0.0,0.0,19843512.0,36673356.0,0.0,8652.4,83.0,0.0,0.0,2062.5,2168.8,231.6,0.0,59.1,10769.2,0.0,0.0,9496.8,0.0,10463.5,34609.5,0.0,0.0
HighNGPrice,SERTP,2025,652517760.0,1970264.8,6286212.0,637046.7,661411260.0,629056647.7,618315900.0,2599857.2,3084275.5,0.0359,0.054,0.12,121084.46,146035.0,361.0,32.9,4.71,22.3,1432.4,0.25,363.2,65.1,428.3,379.7,34.6,4.96,23.5,1505.3,0.26,382.1,68.4,450.5,516.3,30.8,4.27,42.3,3184.2,0.26,518.4,137.2,655.6,638.5,43.1,6.11,48.6,3425.1,0.37,641.4,150.8,792.2,238931502.7,21773.6,3118.2,14792666.7,948097.4,162.4,240431622.8,43090315.9,283521938.6,38.45,24.62,0.0,63.07,40.77,26.86,0.0,67.62,0.0,185.4,185.4,661895700.0,43095348.0,1685635.2,4098943.2,0.0,182044210.0,0.0,2501167.5,156190660.0,2109535.5,0.0,33546214.0,233058610.0,968020.3,5098516.5,39144896.0,1449286.1,0.0,1540.2,631.6,32078.1,0.0,1637.9,40915.4,26815.4,0.0,12077.7,29178.4,5077.2,6475.7,18332.4,0.0,516.1,6160.8,51805.6,0.0
HighNGPrice,SERTP,2030,699584600.0,10948197.0,7072460.0,1028456.2,718633660.0,674431152.7,597930000.0,16805558.0,5213896.5,0.0359,0.054,0.12,121088.28,156064.3,300.7,28.1,4.03,18.3,1025.9,0.21,302.6,49.0,351.6,314.9,29.4,4.22,19.2,1073.1,0.22,316.9,51.2,368.1,282.9,13.9,1.87,25.7,1648.7,0.13,283.8,74.8,358.7,434.3,30.5,4.29,31.3,2001.0,0.21,436.4,91.0,527.3,212616593.7,19851.6,2846.9,12964159.4,725357.1,149.2,213985378.6,34620536.5,248605915.1,39.59,23.48,0.0,63.07,42.1,25.9,0.0,68.01,491.4,6323.8,6815.2,707042000.0,120703656.0,9340724.0,4253917.0,0.0,167927100.0,0.0,5157733.0,129072340.0,1005372.9,0.0,35704030.0,233058610.0,279577.9,5696682.0,101609944.0,13935974.0,0.0,8007.5,652.6,26946.1,0.0,3387.1,46452.7,26871.9,0.0,12728.3,29178.4,4189.2,6475.7,46893.5,0.0,4456.6,32030.0,51805.6,0.0
HighNGPrice,SERTP,2035,784413250.0,28768634.0,13966174.0,4130366.5,831278460.0,756210335.1,421102340.0,50360216.0,48433264.0,0.0359,0.054,0.12,92610.94,172226.5,50.3,1.0,0.1,8.6,383.7,0.08,50.4,20.0,70.4,54.6,1.0,0.11,9.3,416.6,0.09,54.7,21.7,76.4,111.2,2.2,0.24,13.2,809.6,0.06,111.4,37.4,148.7,183.6,3.6,0.39,21.8,1346.9,0.09,183.8,62.0,245.8,41724546.7,792.7,80.5,7125316.0,318247.3,65.6,41770141.1,16626993.3,58397134.5,38.77,16.56,0.0,55.33,41.99,18.77,0.0,60.76,9224000.0,11115957.0,20339956.0,829351500.0,410176100.0,24531906.0,3907726.5,0.0,0.0,0.0,7148525.0,108396696.0,2284951.8,0.0,35370910.0,233058610.0,384509.0,11240066.0,211918450.0,191109140.0,0.0,18588.9,605.6,0.0,0.0,4779.3,46332.7,26252.3,0.0,12728.3,29178.4,3258.9,6475.7,102262.8,0.0,65730.5,74355.7,51805.6,0.0
HighNGPrice,SERTP,2040,867388740.0,47667452.0,15014682.0,4993206.5,935064060.0,836202509.2,412043800.0,58441384.0,64423960.0,0.0359,0.054,0.12,105539.0,192249.8,37.1,0.7,0.07,6.7,284.5,0.07,37.2,15.2,52.4,41.8,0.8,0.08,7.5,319.8,0.07,41.8,17.0,58.8,94.0,1.8,0.18,11.1,707.8,0.04,94.2,32.2,126.4,167.3,3.2,0.33,19.8,1245.6,0.08,167.5,56.9,224.4,34937791.1,662.2,66.9,6321843.8,267728.5,62.4,34975792.4,14317194.9,49292987.3,35.04,18.58,0.0,53.62,38.32,21.42,0.0,59.74,17597406.0,25245476.0,42842884.0,941046660.0,523020220.0,40652480.0,3907726.5,0.0,0.0,0.0,8348971.0,91310160.0,1893327.2,0.0,34905090.0,233058610.0,225869.2,12073120.0,274993700.0,239677570.0,0.0,30794.6,605.6,0.0,0.0,5597.6,47459.9,26341.7,0.0,12728.3,29178.4,2476.7,6475.7,136483.0,0.0,83484.7,123178.3,51805.6,0.0
HighNGPrice,SERTP,2045,949827800.0,55215820.0,16030314.0,5881019.0,1026954940.0,915678345.2,416566800.0,65687080.0,87858536.0,0.0359,0.054,0.12,121492.51,213091.2,37.4,0.7,0.07,6.5,286.6,0.06,37.4,15.0,52.5,42.0,0.8,0.08,7.2,321.5,0.07,42.0,16.8,58.8,110.5,2.1,0.21,13.1,832.2,0.05,110.6,37.9,148.5,140.1,2.7,0.27,16.6,1048.8,0.06,140.2,47.8,188.1,39232886.2,741.1,74.4,6789597.3,300628.7,63.9,39275286.5,15765787.8,55041074.2,30.54,21.43,0.0,51.97,33.63,24.79,0.0,58.42,25540650.0,40652380.0,66193030.0,1049126400.0,610388160.0,47119040.0,3318465.5,0.0,0.0,0.0,10145166.0,106058930.0,1449128.9,0.0,34753364.0,233058610.0,100541.2,12880152.0,329619970.0,270623000.0,0.0,35491.6,525.6,0.0,0.0,6878.6,59962.9,31951.4,0.0,12728.3,29178.4,1865.8,6475.7,166675.6,0.0,95042.8,141966.2,51805.6,0.0
HighNGPrice,SERTP,2050,1024535700.0,65830516.0,15388419.0,6943862.5,1112698400.0,987701206.9,394724640.0,68919980.0,111456140.0,0.0359,0.054,0.12,120039.85,232882.2,30.5,0.6,0.06,5.5,234.4,0.05,30.5,12.5,43.0,34.8,0.7,0.07,6.2,267.4,0.06,34.8,14.2,49.0,109.6,2.1,0.21,13.0,825.7,0.05,109.7,37.6,147.3,125.1,2.4,0.24,14.8,942.5,0.05,125.2,42.9,168.1,35233125.0,664.3,66.5,6315776.4,270797.9,62.1,35271074.1,14402505.0,49673579.1,27.49,21.16,0.0,48.65,30.47,24.58,0.0,55.05,37045812.0,58133516.0,95179330.0,1155234600.0,717973760.0,56144620.0,3305207.2,0.0,0.0,0.0,13222911.0,98296280.0,274250.9,0.0,33794816.0,233058610.0,19636.9,12367385.0,364869150.0,339881660.0,0.0,42543.0,523.8,0.0,0.0,8921.6,74550.5,35761.5,0.0,12728.3,29178.4,560.3,6475.7,189167.1,0.0,123173.4,170171.9,51805.6,0.0
HighNGPrice,SPP_North,2025,57102880.0,2558.7,0.0,680318.5,57785760.0,55049471.5,17552578.0,2371565.2,16555291.0,0.0359,0.054,0.12,23046.84,12809.3,227.3,25.4,3.69,8.5,552.2,0.13,229.0,25.0,254.0,242.6,27.1,3.94,9.2,591.8,0.14,244.5,26.9,271.4,594.6,56.9,8.22,29.2,2079.0,0.31,598.6,91.2,689.8,827.8,81.1,11.72,39.0,2757.6,0.43,833.4,121.3,954.7,16357068.5,1829.4,265.6,608898.5,39743.0,9.3,16484103.3,1795767.5,18279870.8,29.41,4.59,0.0,34.0,31.19,4.97,0.0,36.16,70274.0,1058.8,71332.8,71969490.0,40233180.0,2185.1,50348.1,120869.0,15495493.0,0.0,56527.1,882407.6,392376.2,0.0,8633009.0,6150273.5,9342.7,0.0,580281.0,39596372.0,0.0,1.7,11.0,8315.7,0.0,34.1,678.8,3864.6,0.0,2431.1,770.0,441.2,0.0,275.3,0.0,10960.1,6.8,0.0,0.0
HighNGPrice,SPP_North,2030,64134456.0,2716.1,0.0,909721.6,65046900.0,61828089.0,12702084.0,7872293.5,20227690.0,0.0359,0.054,0.12,23036.42,13374.0,135.7,15.4,2.24,5.1,307.9,0.08,136.8,14.3,151.1,139.7,15.9,2.31,5.3,318.1,0.09,140.8,14.8,155.7,469.4,50.5,7.32,17.8,1209.4,0.23,472.9,53.9,526.8,604.2,62.4,9.02,25.3,1695.9,0.3,608.6,76.0,684.5,10505556.3,1195.0,173.7,392639.5,23828.8,6.4,10588584.3,1104481.2,11693065.5,21.76,4.52,0.0,26.27,23.07,4.87,0.0,27.94,5743151.0,116297.5,5859448.5,77402290.0,52344810.0,2315.8,50348.1,108995.3,10116365.0,0.0,74490.0,234408.3,109979.3,0.0,8283597.5,6150273.5,1199.2,0.0,3057395.0,49212924.0,0.0,1.7,11.0,5928.3,0.0,48.1,678.8,2531.1,0.0,2609.1,770.0,52.1,0.0,1408.4,0.0,13330.9,6.8,0.0,0.0
HighNGPrice,SPP_North,2035,74613520.0,625502.4,0.0,1763654.2,77002680.0,71929850.4,-624243.0,16127274.0,32386362.0,0.036,0.054,0.12,113113.67,14881.9,6.3,0.1,0.01,1.3,48.3,0.02,6.3,2.8,9.0,7.3,0.1,0.01,1.6,56.5,0.02,7.3,3.3,10.6,82.3,1.7,0.19,9.8,589.2,0.05,82.4,27.4,109.8,187.6,3.6,0.39,22.2,1386.3,0.09,187.8,63.6,251.3,583812.0,11.1,1.1,124542.9,4506.9,1.5,584452.4,259254.1,843706.5,22.69,27.71,0.0,50.4,24.08,29.86,0.0,53.94,17624366.0,1294728.5,18919094.0,93261770.0,77626920.0,534978.0,50348.1,98089.8,0.0,0.0,106214.1,714381.4,542789.0,0.0,7536826.5,6150273.5,7156.8,0.0,7285854.5,70234856.0,0.0,480.0,11.0,0.0,0.0,71.4,705.3,3130.6,0.0,2609.1,770.0,51.1,0.0,3657.1,0.0,21383.8,1920.2,0.0,0.0
HighNGPrice,SPP_North,2040,82424530.0,905195.1,0.0,1837983.4,85167704.0,79459978.3,-642963.1,17887514.0,34170210.0,0.036,0.054,0.12,106955.33,16447.5,5.3,0.1,0.01,1.2,40.8,0.01,5.3,2.4,7.7,6.0,0.1,0.01,1.3,46.1,0.02,6.0,2.7,8.7,55.3,1.1,0.11,6.5,412.9,0.03,55.4,18.9,74.2,171.3,3.3,0.35,20.3,1268.1,0.08,171.5,58.1,229.6,534133.7,10.2,1.0,118662.6,4136.7,1.5,534718.6,242335.6,777054.2,21.69,26.3,0.0,47.99,23.02,28.38,0.0,51.4,21163520.0,2041566.8,23205088.0,101450400.0,85810664.0,773478.0,50348.1,97689.5,0.0,0.0,155578.5,656443.8,498231.6,0.0,7407278.5,6150273.5,5988.0,0.0,8849536.0,76805550.0,0.0,693.8,11.0,0.0,0.0,103.3,710.3,3272.7,0.0,2609.1,770.0,51.1,0.0,4583.3,0.0,23354.1,2775.4,0.0,0.0
HighNGPrice,SPP_North,2045,89300220.0,940737.6,0.0,1923978.6,92164936.0,86088517.8,-3272452.8,17773868.0,36303736.0,0.036,0.054,0.12,97462.47,18039.1,4.0,0.1,0.01,1.0,31.1,0.01,4.0,1.9,5.9,4.5,0.1,0.01,1.1,35.4,0.01,4.5,2.2,6.7,55.9,1.1,0.11,6.6,419.2,0.03,56.0,19.1,75.1,151.0,2.9,0.3,17.9,1123.6,0.07,151.2,51.4,202.6,441019.6,8.4,0.9,107647.7,3440.1,1.4,441501.8,210550.9,652052.8,19.36,23.0,0.0,42.36,20.53,24.78,0.0,45.31,26696518.0,3246673.2,29943190.0,110694810.0,95437390.0,804212.8,50348.1,94950.8,0.0,0.0,244300.8,605281.1,370371.4,0.0,7177497.0,6150273.5,4480.4,0.0,12188840.0,83004250.0,0.0,693.8,11.0,0.0,0.0,161.6,710.3,3332.4,0.0,2609.1,770.0,51.1,0.0,6408.7,0.0,25973.8,2775.4,0.0,0.0
HighNGPrice,SPP_North,2050,94898470.0,1037101.0,0.0,2104050.8,98039624.0,91485609.3,-18383322.0,16117414.0,49025090.0,0.036,0.054,0.12,94967.29,19488.0,1.8,0.0,0.0,0.6,14.9,0.01,1.8,1.1,2.9,1.1,0.0,0.0,0.1,8.4,0.0,1.1,0.4,1.5,28.2,0.5,0.05,3.3,212.1,0.01,28.3,9.7,37.9,118.6,2.2,0.23,14.0,892.9,0.05,118.8,40.6,159.4,241815.9,4.6,0.5,84082.5,1950.0,1.3,242078.3,142557.1,384635.4,14.83,22.15,0.0,36.98,15.66,23.84,0.0,39.5,42924540.0,14452331.0,57376870.0,130947304.0,116422936.0,886165.8,50348.1,87931.8,0.0,0.0,356856.1,410468.8,154763.8,0.0,6783060.0,6150273.5,1338.3,0.0,24507226.0,91558860.0,0.0,755.0,11.0,0.0,0.0,247.5,737.1,3326.3,0.0,2609.1,770.0,24.1,0.0,15995.4,0.0,31796.3,3019.8,0.0,0.0
HighNGPrice,SPP_South,2025,221456690.0,466079.4,928700.9,1936483.0,224787940.0,213495237.1,85895760.0,5434205.5,12037799.0,0.0359,0.0539,0.12,41017.54,51933.8,258.4,23.7,3.42,14.2,950.0,0.15,260.0,42.6,302.6,280.8,25.8,3.73,15.4,1028.2,0.16,282.6,46.1,328.7,534.6,42.2,6.1,35.6,2332.3,0.34,537.5,105.2,642.7,715.3,62.3,9.01,41.9,2776.8,0.43,719.6,124.7,844.3,59781666.4,5480.2,792.1,3290175.2,219816.8,35.2,60161219.1,9850319.3,70011538.4,31.5,8.79,0.0,40.29,33.51,9.59,0.0,43.1,6843020.0,489514.1,7332534.5,231391540.0,138892200.0,396477.8,117173.8,0.0,43686080.0,0.0,433493.6,30082692.0,1215697.4,0.0,3390220.5,9784525.0,3088128.2,738357.2,9831505.0,128627180.0,0.0,311.1,25.6,13966.8,0.0,258.6,11232.1,8892.1,0.0,1513.3,1225.0,9668.7,444.0,3886.7,0.0,36705.1,1244.4,3552.0,0.0
HighNGPrice,SPP_South,2030,240584910.0,616338.4,910999.9,2761278.5,244873520.0,231935137.4,41642370.0,14722957.0,23098678.0,0.0359,0.054,0.12,41284.33,54938.9,118.2,12.1,1.74,5.4,339.8,0.07,119.0,15.6,134.6,133.1,13.7,1.97,6.1,379.6,0.08,134.1,17.4,151.5,335.0,31.9,4.6,16.7,1064.0,0.18,337.2,48.5,385.7,537.6,53.1,7.67,24.8,1626.3,0.27,541.3,73.3,614.6,29929079.7,3057.0,441.9,1372067.0,86042.4,16.9,30140812.9,3940738.0,34081550.8,24.01,7.56,0.0,31.57,25.56,8.2,0.0,33.77,22103770.0,5898847.0,28002618.0,253249250.0,203231150.0,524127.8,117173.8,0.0,25466994.0,0.0,755566.1,9626697.0,209219.6,0.0,3268577.8,9784525.0,290890.9,729884.2,51821724.0,150653870.0,0.0,407.1,25.6,8928.2,0.0,454.6,10710.3,4124.8,0.0,1513.3,1225.0,7213.6,444.0,22447.2,0.0,41229.3,1628.2,3552.0,0.0
HighNGPrice,SPP_South,2035,273278560.0,2259630.0,864777.4,4126500.5,280529470.0,263452549.0,-4439983.0,42322300.0,73836696.0,0.0359,0.054,0.12,66445.04,59694.8,14.9,0.3,0.03,2.1,108.0,0.01,14.9,5.3,20.2,17.5,0.3,0.04,2.4,127.9,0.02,17.5,6.3,23.8,69.0,1.5,0.18,8.3,475.5,0.04,69.1,22.5,91.6,184.0,3.6,0.38,21.8,1358.6,0.09,184.2,62.3,246.5,4638011.6,93.2,10.4,640353.7,33708.6,4.5,4643627.1,1646087.0,6289714.0,24.06,10.04,0.0,34.1,25.63,10.84,0.0,36.48,45035676.0,12635896.0,57671572.0,312043840.0,284969440.0,1928739.8,117173.8,0.0,0.0,0.0,1166251.9,10602587.0,403471.9,0.0,3217749.0,9784525.0,324150.7,696014.6,71858584.0,211944600.0,0.0,1519.5,25.6,0.0,0.0,708.4,10428.3,4318.4,0.0,1540.3,1225.0,6293.5,444.0,32722.5,0.0,61168.1,6077.9,3552.0,0.0
HighNGPrice,SPP_South,2040,304100580.0,2255985.0,847963.1,4486500.5,311691040.0,293166245.7,-13926210.0,47652148.0,86580250.0,0.0359,0.054,0.12,68555.09,65583.7,10.9,0.2,0.02,1.5,80.0,0.01,10.9,3.9,14.8,12.9,0.3,0.03,1.9,95.5,0.01,13.0,4.7,17.7,55.0,1.1,0.12,6.5,399.4,0.03,55.0,18.4,73.5,160.8,3.1,0.33,19.1,1189.7,0.08,161.0,54.5,215.5,3812724.8,75.4,8.2,541403.5,28060.4,3.9,3817210.7,1378669.9,5195880.6,21.84,10.13,0.0,31.97,23.23,10.9,0.0,34.14,68188910.0,18472390.0,86661304.0,350619140.0,325617250.0,1923503.6,117173.8,0.0,0.0,0.0,1517351.6,8773624.0,389750.6,0.0,3131493.2,9784525.0,199889.9,681929.2,81869730.0,242230180.0,0.0,1571.8,25.6,0.0,0.0,926.7,10428.3,4316.0,0.0,1540.3,1225.0,5193.1,444.0,38894.4,0.0,72695.0,6287.2,3552.0,0.0
HighNGPrice,SPP_South,2045,330939680.0,3427635.5,878288.9,5189691.5,340435300.0,319040388.2,-32621276.0,47637280.0,104546560.0,0.0359,0.054,0.12,89596.73,72361.4,7.9,0.2,0.02,1.2,58.0,0.01,7.9,2.9,10.8,9.6,0.2,0.02,1.4,70.9,0.01,9.6,3.5,13.1,67.8,1.3,0.14,8.0,503.5,0.03,67.9,23.0,90.9,136.5,2.7,0.28,16.2,1009.8,0.07,136.7,46.3,183.0,3126883.0,61.8,6.7,459979.2,23046.0,3.6,3130563.8,1147721.7,4278285.5,18.47,13.28,0.0,31.74,19.65,14.32,0.0,33.97,92125850.0,30489104.0,122614950.0,397344580.0,373056580.0,2919399.5,117173.8,0.0,0.0,0.0,2192249.8,7249093.0,287513.8,0.0,3060614.5,9784525.0,162045.5,707634.2,101830770.0,269033540.0,0.0,2239.0,25.6,0.0,0.0,1337.1,10397.2,4367.3,0.0,1540.3,1225.0,3939.5,444.0,50774.1,0.0,83742.2,8956.1,3552.0,0.0
HighNGPrice,SPP_South,2050,352964900.0,15096299.0,845650.9,5784709.5,374691550.0,340274028.7,-39180100.0,44717304.0,114602030.0,0.0359,0.054,0.12,109943.42,78983.6,3.7,0.1,0.01,0.6,28.4,0.01,3.7,1.5,5.2,5.0,0.1,0.01,0.9,37.9,0.01,5.0,2.0,7.0,75.1,1.4,0.15,8.9,562.7,0.03,75.1,25.7,100.8,115.2,2.2,0.22,13.6,868.5,0.05,115.4,39.5,154.9,1657153.0,31.5,3.2,284616.6,12647.5,2.7,1658963.6,662248.9,2321212.5,14.69,15.79,0.0,30.48,15.87,17.57,0.0,33.44,110864910.0,61725524.0,172590430.0,444576320.0,413871650.0,12858133.0,117173.8,0.0,0.0,0.0,3095826.8,4244797.5,36636.1,0.0,2967431.2,9784525.0,14232.2,681700.5,129445040.0,281330780.0,0.0,10839.1,25.6,0.0,0.0,1893.6,10845.8,4620.9,0.0,1540.3,1225.0,1510.6,444.0,72506.7,0.0,89732.4,43356.4,3552.0,0.0
HighNGPrice,WestConnect_North,2025,74641430.0,459100.7,550283.8,396323.6,76047140.0,71956873.4,27311488.0,1056573.9,4401693.0,0.036,0.054,0.12,22811.53,14495.2,303.2,33.0,4.78,11.2,806.2,0.15,305.5,35.3,340.8,327.2,35.5,5.15,12.1,872.4,0.16,329.7,38.2,367.9,673.3,66.9,9.64,30.5,2247.0,0.33,677.9,97.6,775.5,905.5,93.8,13.57,37.6,2716.2,0.45,912.0,118.6,1030.7,24071762.1,2616.4,379.2,889392.0,64007.8,11.8,24253247.7,2800039.9,27053287.6,30.72,3.84,0.0,34.56,32.6,4.16,0.0,36.75,36915.0,256.0,37171.0,79392260.0,48735652.0,392767.6,193828.7,0.0,22807110.0,0.0,1756016.8,4247237.5,556.3,0.0,2570388.8,0.0,0.0,444718.4,8524890.0,38454744.0,0.0,411.5,28.7,6596.5,0.0,1004.0,3247.6,3177.5,0.0,940.9,0.0,520.4,580.8,3348.0,0.0,10756.4,1645.9,4646.4,0.0
HighNGPrice,WestConnect_North,2030,84926330.0,611081.8,996213.0,780719.2,87314340.0,81871591.5,12265491.0,5323638.0,9791643.0,0.036,0.054,0.12,22814.63,16640.8,121.2,13.1,1.9,4.6,311.0,0.06,122.1,13.8,135.9,137.2,14.9,2.15,5.1,351.2,0.07,138.2,15.6,153.8,125.6,10.1,1.44,7.8,514.3,0.06,126.3,23.1,149.4,684.0,68.8,9.92,30.2,2042.2,0.33,688.8,91.1,779.9,11121173.3,1203.3,174.3,418260.2,28540.6,5.4,11204622.3,1270258.4,12474880.7,26.61,3.65,0.0,30.26,28.38,3.96,0.0,32.33,3045689.5,20891.6,3066581.2,91782344.0,75048850.0,522094.7,158473.1,0.0,10701001.0,0.0,2513573.5,2066283.6,0.0,0.0,2488787.5,0.0,43.9,796813.0,9083551.0,63451724.0,0.0,411.5,23.9,3617.7,0.0,1442.6,2744.7,0.0,0.0,940.9,0.0,5.4,580.8,3529.7,0.0,16262.9,1645.9,4646.4,0.0
HighNGPrice,WestConnect_North,2035,104410870.0,1436145.1,1162841.5,1207276.4,108217140.0,100654980.2,-2064140.2,16037910.0,25495388.0,0.036,0.054,0.12,106696.18,20780.1,9.0,0.2,0.02,1.1,67.7,0.0,9.0,3.1,12.1,10.7,0.2,0.02,1.3,80.4,0.01,10.7,3.7,14.4,46.6,0.9,0.09,5.5,348.5,0.02,46.7,15.9,62.6,189.1,3.6,0.37,22.4,1418.6,0.08,189.4,64.7,254.0,1054255.4,19.9,2.0,129934.8,7961.3,0.5,1055390.4,367312.0,1422702.4,25.8,15.98,0.0,41.78,27.63,17.38,0.0,45.01,15672546.0,1061756.6,16734302.0,117674610.0,110281260.0,1225514.1,158473.1,0.0,0.0,0.0,2874975.8,2673741.0,0.0,0.0,2399360.5,0.0,205.3,936042.0,17003950.0,90402344.0,0.0,906.9,23.9,0.0,0.0,1662.8,2744.7,0.0,0.0,940.9,0.0,5.4,580.8,6949.9,0.0,25836.8,3627.6,4646.4,0.0
HighNGPrice,WestConnect_North,2040,113585420.0,1379112.6,1266338.1,1311691.8,117542570.0,109499614.0,-4764257.0,17110886.0,28389316.0,0.036,0.054,0.12,115209.66,23231.2,5.5,0.1,0.01,0.7,41.4,0.0,5.5,1.9,7.4,6.8,0.1,0.01,0.9,51.4,0.0,6.8,2.4,9.2,51.7,1.0,0.1,6.1,388.6,0.02,51.8,17.7,69.5,149.7,2.9,0.29,17.7,1121.9,0.07,149.9,51.2,201.1,705672.3,13.3,1.3,88755.4,5331.3,0.3,706431.9,247716.9,954148.9,21.66,17.77,0.0,39.43,23.2,19.3,0.0,42.5,21979890.0,1312149.6,23292040.0,128821010.0,122306830.0,1178226.6,158473.1,0.0,0.0,0.0,2914078.0,1797093.6,855.9,0.0,2359079.2,0.0,102.7,1020338.9,17176118.0,102216630.0,0.0,872.4,23.9,0.0,0.0,1691.0,2744.7,19.3,0.0,940.9,0.0,5.4,580.8,7138.7,0.0,29976.5,3489.7,4646.4,0.0
HighNGPrice,WestConnect_North,2045,125035816.0,2136891.0,1281943.0,1575334.0,130029976.0,120538042.9,-4180576.8,20884324.0,31625958.0,0.036,0.054,0.12,115694.35,26037.1,3.4,0.1,0.01,0.4,25.5,0.0,3.4,1.2,4.6,4.1,0.1,0.01,0.5,31.3,0.0,4.1,1.5,5.6,108.2,2.0,0.21,12.8,815.4,0.05,108.3,37.1,145.4,133.2,2.6,0.27,15.8,992.4,0.06,133.3,45.4,178.7,474176.9,8.9,0.9,59876.0,3582.8,0.2,474687.2,166703.6,641390.8,19.06,17.95,0.0,37.0,20.47,19.59,0.0,40.05,27151462.0,1040264.6,28191724.0,140771620.0,134210560.0,1823667.0,121644.3,0.0,0.0,0.0,3283355.8,1212760.1,748.6,0.0,2370150.8,0.0,35.7,1032053.1,20029064.0,110898150.0,0.0,1365.0,18.9,0.0,0.0,1900.8,2744.7,49.8,0.0,940.9,0.0,5.4,580.8,8117.6,0.0,32913.0,5459.9,4646.4,0.0
HighNGPrice,WestConnect_North,2050,135514500.0,2100124.5,1361885.2,1801162.8,140777660.0,130639832.3,-7990639.0,22967924.0,36830732.0,0.036,0.054,0.12,98373.1,28457.4,1.7,0.0,0.0,0.2,12.9,0.0,1.7,0.6,2.3,2.2,0.0,0.0,0.3,16.8,0.0,2.2,0.8,3.0,102.7,1.9,0.19,12.1,774.1,0.04,102.8,35.2,138.0,119.6,2.3,0.23,14.1,901.7,0.05,119.7,41.0,160.7,264581.2,5.0,0.5,35116.0,2001.3,0.1,264865.9,94790.5,359656.4,16.21,15.4,0.0,31.61,17.44,16.76,0.0,34.2,35458540.0,1863754.2,37322296.0,154640480.0,148768300.0,1792746.0,121644.3,0.0,0.0,0.0,3875535.2,682249.6,44.0,0.0,2176282.0,0.0,0.0,1099202.5,24746490.0,120146290.0,0.0,1389.6,18.9,0.0,0.0,2245.2,2614.5,49.8,0.0,940.9,0.0,0.0,580.8,10355.0,0.0,37167.9,5558.2,4646.4,0.0
HighNGPrice,WestConnect_South,2025,126094270.0,3139553.8,262607.0,579086.0,130075500.0,121562745.3,96842424.0,3602530.5,3496934.5,0.0359,0.0539,0.12,93957.15,30909.6,281.2,25.2,3.6,17.4,1150.6,0.18,283.0,51.7,334.7,292.2,26.0,3.72,18.2,1207.9,0.19,294.0,54.3,348.2,464.5,26.8,3.68,38.7,2952.9,0.23,466.3,126.8,593.1,638.6,44.0,6.18,46.8,3514.5,0.32,641.6,151.7,793.3,36551440.9,3274.7,468.1,2260863.1,149541.8,23.8,36776826.1,6723701.7,43500527.8,35.68,19.51,0.0,55.19,38.01,21.68,0.0,59.68,5314.0,4076.1,9390.1,129969920.0,33233092.0,2679520.5,240248.2,0.0,26854486.0,0.0,5171597.5,23379338.0,1650055.9,63911.2,10164722.0,31446268.0,48003.6,210273.1,17404448.0,10657047.0,0.0,2160.2,36.1,4501.1,0.0,2708.4,13182.5,4544.1,8.6,2803.6,3937.0,1545.0,216.3,6296.5,0.0,3262.5,8640.9,1730.4,0.0
HighNGPrice,WestConnect_South,2030,139696700.0,4258742.5,575874.8,1578540.0,146109870.0,134676374.5,59182016.0,3547631.5,22290536.0,0.0359,0.0539,0.12,93974.14,34696.4,142.0,13.7,1.97,8.5,462.5,0.11,142.9,22.4,165.3,153.6,14.5,2.09,9.4,513.8,0.11,154.6,24.7,179.3,137.9,7.0,0.94,12.3,790.6,0.06,138.3,35.9,174.2,574.0,46.9,6.66,35.2,2313.7,0.27,577.3,104.2,681.4,23409904.1,2254.2,324.0,1407819.5,76243.2,17.5,23565524.7,3684658.1,27250182.9,29.99,19.2,0.0,49.19,32.22,21.61,0.0,53.83,2115057.5,1920963.8,4036036.8,164852770.0,86927850.0,3619018.0,240248.2,0.0,18729422.0,713624.4,6412130.0,11759360.0,314847.6,58631.9,11291707.0,31446268.0,5430.4,459987.6,39252964.0,40549132.0,0.0,2521.2,36.1,4120.1,163.4,3388.5,12676.5,3339.6,8.6,3200.6,3937.0,842.1,216.3,14627.4,0.0,11085.4,10084.7,1730.4,0.0
HighNGPrice,WestConnect_South,2035,158624220.0,13118779.0,651385.8,1661112.1,174055500.0,152923650.1,54367736.0,8737942.0,22731014.0,0.0359,0.0539,0.12,76328.72,39541.9,27.9,0.5,0.05,4.8,214.3,0.05,28.0,11.2,39.2,33.2,0.6,0.06,5.6,254.4,0.05,33.3,13.2,46.4,90.5,1.7,0.17,10.7,678.8,0.04,90.6,30.9,121.5,264.9,5.0,0.5,31.3,1994.5,0.12,265.2,90.8,356.0,5253384.3,99.1,9.9,905967.1,40294.4,8.6,5259044.7,2109081.2,7368125.9,31.07,14.94,0.0,46.02,34.43,17.64,0.0,52.07,5714669.0,9650992.0,15365706.0,188048580.0,119687770.0,11168686.0,224043.6,0.0,0.0,583121.8,6297050.5,13604318.0,202424.6,51612.9,11138840.0,31446268.0,3688.0,520933.5,62564040.0,50243560.0,0.0,7755.6,33.9,0.0,163.4,3389.5,12332.5,3339.6,8.6,3200.6,3937.0,356.0,216.3,25487.9,0.0,15134.4,31022.5,1730.4,0.0
HighNGPrice,WestConnect_South,2040,179909140.0,18848978.0,755671.4,1837644.8,201351420.0,173443577.5,59646228.0,10674821.0,23492898.0,0.0359,0.0539,0.12,80465.86,44639.7,23.1,0.4,0.04,4.1,177.3,0.04,23.1,9.4,32.5,28.2,0.5,0.05,4.8,215.9,0.04,28.2,11.3,39.4,59.3,1.1,0.11,7.0,446.5,0.03,59.3,20.3,79.7,239.8,4.5,0.46,28.3,1802.7,0.11,240.0,82.1,322.1,4944089.0,93.2,9.3,869418.8,37964.9,8.4,4949414.8,2003074.7,6952489.5,29.32,15.65,0.0,44.98,33.19,18.86,0.0,52.06,7588345.5,18738950.0,26327328.0,214169500.0,141705180.0,16034781.0,224043.6,0.0,0.0,505533.9,6223703.0,12850602.0,158517.4,47992.5,11095110.0,31446268.0,2748.1,604246.4,79841740.0,55134216.0,0.0,11050.0,33.9,0.0,163.4,3410.8,12332.5,3339.6,8.6,3200.6,3937.0,175.0,239.6,34773.6,0.0,16712.5,44199.8,1916.7,0.0
HighNGPrice,WestConnect_South,2045,197644900.0,21321952.0,784062.6,2254905.8,222005810.0,190542136.2,45992116.0,14109672.0,43750100.0,0.0359,0.0539,0.12,98069.88,50651.1,20.6,0.4,0.04,3.6,158.0,0.03,20.6,8.3,28.9,25.4,0.5,0.05,4.3,195.0,0.04,25.4,10.2,35.6,145.3,2.7,0.27,17.2,1096.2,0.06,145.5,49.8,195.3,220.1,4.2,0.43,26.0,1651.2,0.1,220.3,75.3,295.5,5181328.9,97.7,9.8,897417.9,39765.5,8.5,5186905.7,2084760.2,7271665.9,26.69,19.62,0.0,46.31,30.48,23.73,0.0,54.21,9282497.0,36612908.0,45895436.0,251646260.0,176013700.0,18138030.0,224043.6,0.0,0.0,431991.6,6408215.5,13940976.0,117337.8,38084.3,11098926.0,31446268.0,478.9,628401.6,95983704.0,73189790.0,0.0,12408.8,33.9,0.0,163.4,3469.7,15329.7,3299.1,7.0,3200.6,3937.0,175.0,239.6,46457.1,0.0,23319.3,49635.1,1916.7,0.0
HighNGPrice,WestConnect_South,2050,214279490.0,32932870.0,770082.3,3072692.0,251055140.0,206579170.9,55442636.0,24525830.0,49935520.0,0.0359,0.0539,0.12,105708.19,56677.9,12.7,0.2,0.02,2.5,97.9,0.03,12.7,5.4,18.1,16.2,0.3,0.03,3.1,125.3,0.03,16.3,6.8,23.1,162.4,3.1,0.31,19.2,1225.2,0.07,162.6,55.7,218.3,197.3,3.7,0.37,23.3,1488.5,0.09,197.6,67.7,265.2,3498586.9,65.9,6.6,697731.7,27068.3,7.8,3502351.9,1506498.1,5008850.0,23.8,20.96,0.0,44.76,28.03,26.44,0.0,54.47,8066978.5,40094776.0,48161756.0,276464830.0,195612500.0,27988460.0,205629.2,0.0,0.0,397407.9,6726180.0,9526310.0,70702.5,0.0,10997558.0,31446268.0,0.0,617399.1,113442664.0,75046260.0,0.0,18957.5,31.4,0.0,163.4,3623.6,16259.4,3299.1,0.0,3200.6,3937.0,175.0,239.6,53480.4,0.0,23471.4,77091.4,1916.7,0.0
LowRECost_HighNGPrice,CAISO,2025,302088420.0,19584626.0,3049646.2,1165438.1,325888130.0,291230391.5,213944300.0,25571750.0,437998.4,0.0359,0.0539,0.12,135056.56,69792.5,134.3,2.5,0.26,17.0,1250.4,0.07,134.4,54.3,188.7,143.4,3.1,0.33,17.9,1311.3,0.08,143.6,57.0,200.6,208.9,6.1,0.74,23.0,1747.2,0.11,209.2,75.1,284.4,506.7,19.5,2.52,51.1,3941.2,0.24,508.0,168.6,676.6,40381561.8,766.3,77.6,5117081.7,376073.7,22.3,40425586.0,16330175.8,56755761.9,39.63,25.06,0.0,64.68,42.39,29.02,0.0,71.41,0.0,0.0,0.0,300754370.0,111943830.0,16632154.0,4835026.0,0.0,0.0,0.0,24144778.0,98440540.0,3971636.5,14791661.0,29476804.0,17891704.0,336977.6,2434046.2,66507304.0,21291748.0,0.0,13651.7,749.1,0.0,0.0,14330.4,19797.0,11040.1,1986.3,10220.7,2240.0,1033.5,3911.9,25268.8,0.0,7218.8,54606.8,31295.2,0.0
LowRECost_HighNGPrice,CAISO,2030,338845600.0,27665082.0,10900691.0,2144080.8,379555420.0,326665887.5,218295340.0,64512696.0,752871.5,0.0359,0.0539,0.12,135014.75,77478.1,79.6,1.5,0.15,10.0,600.2,0.04,79.7,27.9,107.6,87.9,2.6,0.32,10.2,608.5,0.04,88.0,28.4,116.4,116.1,2.5,0.27,13.4,857.4,0.05,116.2,39.0,155.2,552.6,40.3,5.66,38.2,2504.0,0.26,555.4,112.9,668.2,25142688.4,475.4,47.8,3149109.2,189542.8,11.8,25169914.5,8800712.0,33970626.5,36.85,24.43,0.0,61.28,40.36,29.37,0.0,69.73,4086.3,428842.9,434920.0,315795620.0,161260100.0,23530410.0,4655301.5,0.0,0.0,0.0,29065708.0,64631144.0,828749.8,21296922.0,30795258.0,0.0,102593.4,8695136.0,91630630.0,40418810.0,144945.4,17617.3,724.7,0.0,0.0,17252.1,20599.9,10927.5,2878.3,10705.1,0.0,614.6,5111.9,34807.9,60.0,12957.3,70469.1,40895.2,0.0
LowRECost_HighNGPrice,CAISO,2035,403000160.0,39650690.0,13251192.0,2450992.8,458353060.0,388514547.3,238294500.0,66389370.0,2104676.0,0.0359,0.0539,0.12,70634.23,89524.5,56.1,1.1,0.11,6.8,422.6,0.03,56.1,19.4,75.6,58.1,1.1,0.11,7.2,438.2,0.03,58.2,20.2,78.4,55.1,1.1,0.11,6.5,411.3,0.03,55.2,18.8,73.9,294.7,5.6,0.57,34.8,2210.8,0.13,295.0,100.8,395.8,22098105.8,417.6,42.0,2690172.1,166550.9,10.0,22122012.2,7656127.1,29778139.3,37.5,12.47,0.0,49.97,41.96,15.2,0.0,57.17,128841.3,2324250.0,2473002.8,394068320.0,220058530.0,33697210.0,2293102.8,0.0,0.0,0.0,30467782.0,56669450.0,834602.8,37800844.0,32043466.0,0.0,77486.6,10593650.0,131683730.0,40459070.0,17447946.0,24715.1,404.0,0.0,0.0,18161.8,20489.9,10531.6,5308.5,11134.8,0.0,614.6,5111.9,49380.8,3683.0,12473.1,98860.6,40895.2,0.0
LowRECost_HighNGPrice,CAISO,2040,459452320.0,59111430.0,13460779.0,2826961.2,534851500.0,442936919.5,264108900.0,77278050.0,2420128.0,0.0359,0.0539,0.12,127027.37,104375.7,45.4,0.9,0.09,5.5,342.3,0.02,45.4,15.7,61.2,43.3,0.8,0.08,5.3,326.9,0.02,43.4,15.1,58.5,36.3,0.7,0.07,4.3,273.6,0.02,36.3,12.4,48.8,265.3,5.0,0.5,31.3,2001.8,0.11,265.6,91.0,356.6,20880571.5,394.2,39.6,2532404.0,157461.1,9.4,20903119.9,7227310.8,28130430.7,35.08,22.4,0.0,57.48,39.73,27.98,0.0,67.71,411688.1,4164300.5,4590567.0,459993540.0,270742560.0,50239092.0,1946912.2,0.0,0.0,0.0,30874524.0,54385270.0,644442.4,39190548.0,32044948.0,0.0,48571.3,10751199.0,161698530.0,44069372.0,34100132.0,37112.7,357.0,0.0,0.0,18388.4,22176.7,10183.1,5468.9,11135.5,0.0,169.2,5111.9,61540.4,7602.0,13149.0,148450.7,40895.2,0.0
LowRECost_HighNGPrice,CAISO,2045,519194720.0,76033100.0,13309295.0,3599328.0,612136450.0,500531791.5,314430300.0,113243390.0,2160828.8,0.0359,0.0539,0.12,140310.09,119229.3,40.4,0.8,0.08,4.9,304.9,0.02,40.5,14.0,54.5,21.7,0.4,0.04,2.7,164.0,0.01,21.8,7.6,29.3,17.8,0.3,0.03,2.1,134.5,0.01,17.9,6.1,24.0,238.5,4.5,0.46,28.2,1790.2,0.11,238.8,81.6,320.3,20255926.6,382.3,38.3,2458506.7,152790.2,9.1,20277784.9,7014143.7,27291928.6,31.47,24.9,0.0,56.37,35.98,31.52,0.0,67.5,223137.8,3322799.5,3554966.0,501053900.0,297706180.0,64655670.0,1946912.2,0.0,0.0,0.0,31737620.0,53688884.0,495506.4,39850990.0,32045178.0,0.0,37464.4,10627127.0,192743000.0,38620060.0,34605484.0,47813.9,357.0,0.0,0.0,18868.0,23849.9,9419.5,5498.4,11135.5,0.0,166.4,5111.9,71707.8,7602.0,12617.2,191255.6,40895.2,0.0
LowRECost_HighNGPrice,CAISO,2050,571970240.0,83220780.0,12589736.0,3775315.5,671556030.0,551410387.5,339602850.0,129045520.0,2587174.5,0.0359,0.0539,0.12,143613.65,132836.7,38.9,0.7,0.07,4.7,293.8,0.02,39.0,13.5,52.4,21.2,0.4,0.04,2.6,160.0,0.01,21.2,7.4,28.6,16.8,0.3,0.03,2.0,126.3,0.01,16.8,5.7,22.5,220.1,4.2,0.42,26.0,1660.2,0.1,220.4,75.5,295.9,21219598.4,400.1,40.0,2572105.5,160157.6,9.5,21242454.1,7347397.0,28589851.1,29.29,25.94,0.0,55.23,33.57,32.74,0.0,66.3,206811.8,4010802.5,4221617.5,545097700.0,331953180.0,70758140.0,1946912.2,0.0,0.0,0.0,32962086.0,58261964.0,73001.9,39961724.0,32045306.0,0.0,12702.8,10084768.0,211227540.0,52968864.0,34794700.0,52742.7,357.0,0.0,0.0,19600.5,29635.0,9484.3,5475.2,11135.5,0.0,166.4,5111.9,77899.2,7602.0,15637.5,210970.8,40895.2,0.0
LowRECost_HighNGPrice,ERCOT,2025,425158500.0,8142399.0,3511.1,4278968.0,437583360.0,409876110.5,224013780.0,445317.2,1169951.1,0.0359,0.0539,0.12,67938.29,98005.9,238.5,17.5,2.47,17.3,1245.7,0.13,239.7,54.5,294.1,253.1,18.6,2.62,18.4,1322.5,0.14,254.4,57.8,312.2,497.8,27.6,3.79,42.7,3222.5,0.25,499.6,138.8,638.4,597.8,37.1,5.22,48.5,3442.5,0.34,600.4,151.2,751.5,104530648.2,7677.3,1081.3,7582253.2,545982.2,58.9,105054638.0,23868605.1,128923243.1,33.43,13.16,0.0,46.59,35.55,14.51,0.0,50.07,501153.7,460800.6,961954.2,438308000.0,213569600.0,6895477.0,599889.2,0.0,59541750.0,0.0,4753160.0,114526060.0,1291071.0,0.0,656955.2,39777090.0,1447271.6,2824.5,81574550.0,127241896.0,0.0,7608.7,100.6,14254.2,0.0,3073.2,36466.1,8767.2,0.0,562.7,4980.0,9669.0,5.0,34348.9,0.0,37044.2,30434.8,40.0,0.0
LowRECost_HighNGPrice,ERCOT,2030,464481470.0,14674830.0,6422.5,5167035.5,484329800.0,447784900.3,137054130.0,826444.0,2434478.0,0.0359,0.0539,0.12,67921.53,104592.7,121.2,10.7,1.53,7.4,443.7,0.07,121.9,20.7,142.6,130.6,11.6,1.65,8.0,478.5,0.08,131.4,22.3,153.7,159.3,11.1,1.56,11.5,743.5,0.08,160.0,33.7,193.7,449.2,32.3,4.53,31.6,2042.8,0.22,451.4,92.6,544.0,58894916.1,5219.4,745.7,3605130.8,215587.8,36.3,59254030.5,10039550.8,69293581.3,26.54,12.35,0.0,38.89,28.59,13.75,0.0,42.34,28935172.0,21491398.0,50426570.0,485937820.0,347275650.0,12397584.0,599889.2,0.0,42798268.0,0.0,11923781.0,41571652.0,734555.5,0.0,608169.6,39777090.0,169864.7,5084.8,116154090.0,219197800.0,0.0,11486.2,100.6,11350.2,0.0,7759.3,35351.1,8435.7,0.0,562.7,4980.0,7439.0,5.0,55708.6,0.0,62465.0,45944.6,40.0,0.0
LowRECost_HighNGPrice,ERCOT,2035,525790900.0,26972608.0,835370.6,5278922.5,558877800.0,506890120.2,104199140.0,6525328.5,17552432.0,0.0359,0.0539,0.12,110801.19,116447.0,33.4,0.6,0.06,4.6,252.9,0.03,33.5,12.1,45.6,37.5,0.7,0.07,5.1,283.5,0.03,37.5,13.6,51.1,77.2,1.5,0.16,9.2,572.2,0.04,77.3,26.2,103.5,222.2,4.2,0.44,26.3,1661.7,0.1,222.5,75.8,298.3,19056801.8,361.2,36.5,2621288.5,144138.6,16.4,19077527.3,6921102.3,25998629.6,26.61,19.06,0.0,45.67,28.98,21.57,0.0,50.55,46065160.0,41656016.0,87721176.0,569904900.0,454678700.0,22827340.0,599889.2,0.0,0.0,0.0,20021886.0,50117770.0,516250.0,0.0,606899.8,39777090.0,114041.1,666957.2,164139550.0,270517250.0,0.0,18910.5,100.6,0.0,0.0,13163.9,38180.3,8925.2,0.0,562.7,4980.0,6789.0,562.1,83769.0,0.0,78048.5,80773.1,4496.7,0.0
LowRECost_HighNGPrice,ERCOT,2040,587657340.0,38632604.0,843495.1,5363069.0,632496500.0,566531916.7,110245864.0,9409549.0,19484886.0,0.0359,0.0539,0.12,110303.37,130783.0,26.9,0.5,0.05,3.8,203.9,0.02,26.9,9.8,36.8,30.4,0.6,0.06,4.2,230.5,0.03,30.5,11.1,41.6,64.6,1.2,0.13,7.6,484.1,0.03,64.6,22.1,86.7,197.3,3.7,0.38,23.3,1480.5,0.09,197.5,67.5,265.0,17288256.1,327.0,32.9,2411814.0,131013.5,15.6,17306986.4,6320271.2,23627257.6,24.57,18.75,0.0,43.32,26.95,21.49,0.0,48.44,65403224.0,68877690.0,134280910.0,642571840.0,522250660.0,32729636.0,599889.2,0.0,0.0,0.0,22054438.0,45099190.0,778067.8,0.0,594560.0,39777090.0,66549.3,676212.0,199335360.0,300860830.0,0.0,25501.6,100.6,0.0,0.0,14532.9,38123.4,14776.9,0.0,562.7,4980.0,5521.0,562.1,108314.1,0.0,87197.3,128775.9,4496.7,0.0
LowRECost_HighNGPrice,ERCOT,2045,636448800.0,32400714.0,733844.4,4679667.5,674263000.0,613569898.9,107547760.0,11454671.0,15963702.0,0.0359,0.0539,0.12,50538.69,143357.6,24.2,0.5,0.05,3.4,183.2,0.02,24.3,8.9,33.1,26.8,0.5,0.05,3.8,202.9,0.02,26.9,9.8,36.7,34.3,0.7,0.07,4.1,255.1,0.02,34.3,11.7,46.0,160.5,3.1,0.31,19.0,1200.2,0.07,160.7,54.8,215.5,16448304.3,312.4,31.7,2313393.4,124356.0,15.3,16466263.7,6023384.7,22489648.3,20.52,8.72,0.0,29.25,22.4,9.86,0.0,32.26,112294260.0,102950180.0,215244450.0,678772030.0,566715200.0,27459430.0,599889.2,0.0,0.0,0.0,23928470.0,41547450.0,1386729.9,0.0,568999.6,39777090.0,131170.4,586043.6,203004600.0,339782140.0,0.0,21624.1,100.6,0.0,0.0,15705.8,36520.0,13085.1,0.0,562.7,4980.0,3228.2,562.1,121419.4,0.0,105647.4,113266.0,4496.7,0.0
LowRECost_HighNGPrice,ERCOT,2050,681297860.0,34041404.0,661663.5,4913239.0,720914200.0,656807586.1,112224920.0,14220157.0,13947302.0,0.0359,0.0539,0.12,106998.18,158003.7,22.1,0.4,0.04,3.1,167.8,0.02,22.1,8.1,30.3,24.3,0.5,0.05,3.4,184.3,0.02,24.3,8.9,33.2,55.5,1.0,0.11,6.6,417.8,0.02,55.5,19.0,74.5,150.0,2.8,0.29,17.7,1127.9,0.07,150.2,51.4,201.5,15931469.9,301.0,30.2,2251236.6,120894.1,15.0,15948690.5,5857962.1,21806652.7,19.59,19.05,0.0,38.64,21.28,21.52,0.0,42.8,136639220.0,111864980.0,248504160.0,720641340.0,608689300.0,28908612.0,599889.2,0.0,0.0,0.0,25698088.0,39404096.0,2132783.0,0.0,565638.1,39777090.0,40642.6,523325.8,211621710.0,371369440.0,0.0,24622.8,100.6,0.0,0.0,16850.3,36514.1,28735.6,0.0,562.7,4980.0,1214.2,562.1,127191.7,0.0,118921.4,120129.5,4496.7,0.0
LowRECost_HighNGPrice,FRCC,2025,271088480.0,813863.7,0.0,43811.5,271946140.0,261346536.3,247934420.0,1315013.5,148553.7,0.0359,0.0539,0.12,120560.72,65740.5,354.8,16.1,2.13,35.1,2603.6,0.19,355.8,112.7,468.5,369.0,16.8,2.23,36.4,2703.1,0.2,370.1,117.0,487.2,383.8,7.8,0.81,44.9,3535.6,0.17,384.3,150.3,534.6,448.6,10.7,1.27,52.0,3854.0,0.25,449.3,166.9,616.2,96061561.0,4367.2,577.2,9498146.0,704996.5,50.8,96349289.7,30520922.9,126870212.6,42.67,24.85,0.0,67.52,45.2,26.83,0.0,72.03,0.0,0.0,0.0,270779680.0,24011746.0,693476.0,3635373.5,0.0,26695728.0,0.0,2838984.8,184044100.0,1573396.6,0.0,216437.4,29281690.0,627751.4,0.0,21172762.0,0.0,0.0,900.2,672.4,3764.2,0.0,1795.2,38277.6,8691.8,0.0,54.5,3666.0,4583.5,0.0,9294.3,0.0,0.0,3600.9,0.0,0.0
LowRECost_HighNGPrice,FRCC,2030,295049900.0,10937488.0,0.0,91773.2,306079140.0,284446937.9,225968980.0,991727.2,498441.3,0.0359,0.0539,0.12,120558.48,69467.1,272.4,13.2,1.76,26.3,1607.3,0.14,273.3,74.3,347.5,292.7,14.2,1.9,28.3,1725.6,0.16,293.6,79.7,373.3,306.8,7.2,0.79,35.0,2237.9,0.13,307.2,101.7,408.9,452.8,18.0,2.32,45.0,2880.8,0.21,454.0,130.9,584.8,83234567.4,4040.6,538.4,8043889.8,491159.4,44.3,83501962.2,22692529.0,106194491.2,42.72,23.41,0.0,66.12,45.47,26.1,0.0,71.57,0.0,474.8,474.8,305585860.0,80110170.0,9316566.0,3694621.5,0.0,25922946.0,0.0,5931602.0,156842850.0,185898.6,0.0,229464.0,29281690.0,1661.2,0.0,73249960.0,928600.4,0.0,8061.3,680.4,3764.2,0.0,3748.2,41330.3,8517.8,0.0,57.5,3666.0,4161.5,0.0,31436.2,0.0,430.0,32245.0,0.0,0.0
LowRECost_HighNGPrice,FRCC,2035,330842620.0,28505862.0,0.0,538184.7,359886660.0,318953400.5,186273120.0,7751727.0,5936554.5,0.0359,0.0539,0.12,57370.63,77729.2,130.4,2.5,0.25,16.7,985.9,0.08,130.5,46.1,176.6,144.9,2.7,0.27,18.6,1096.2,0.09,145.1,51.3,196.4,103.7,2.0,0.22,12.3,765.0,0.05,103.8,35.1,139.0,307.1,5.8,0.59,36.3,2304.4,0.14,307.4,105.0,412.4,46676223.1,880.0,88.0,5966475.3,353005.4,26.9,46726483.3,16493393.2,63219876.4,40.61,10.72,0.0,51.33,44.59,12.52,0.0,57.11,105137.4,9196083.0,9301220.0,358071500.0,173613540.0,24264796.0,3694621.5,0.0,0.0,0.0,12190546.0,126696150.0,276246.2,0.0,229139.4,29281690.0,15313.2,0.0,134205656.0,27217332.0,0.0,18037.8,680.4,0.0,0.0,7810.5,41158.3,8420.8,0.0,57.5,3666.0,3929.5,0.0,60556.6,0.0,11520.0,72151.0,0.0,0.0
LowRECost_HighNGPrice,FRCC,2040,372987650.0,46327664.0,0.0,898828.7,420214140.0,359583936.5,189256200.0,11726492.0,7837645.0,0.0359,0.0539,0.12,77046.49,88067.4,99.5,1.9,0.19,12.8,753.1,0.06,99.6,35.3,135.0,113.9,2.1,0.21,14.8,862.1,0.07,114.0,40.5,154.5,110.8,2.1,0.21,13.4,832.2,0.05,111.0,38.2,149.2,279.6,5.3,0.54,33.1,2093.8,0.13,279.9,95.5,375.4,41441281.3,781.1,78.1,5348014.1,313545.5,24.7,41485889.7,14698403.4,56184293.1,36.89,14.05,0.0,50.94,41.47,16.99,0.0,58.46,170790.0,19974174.0,20144964.0,416325300.0,230957950.0,39457816.0,3696275.5,0.0,0.0,0.0,14524720.0,112463080.0,233770.7,0.0,228692.5,29281690.0,6031.5,0.0,170152460.0,46280770.0,0.0,29076.3,680.7,0.0,0.0,9331.1,41158.3,8408.8,0.0,57.5,3666.0,3744.2,0.0,80257.7,0.0,18900.0,116305.0,0.0,0.0
LowRECost_HighNGPrice,FRCC,2045,414660220.0,68670260.0,0.0,1039971.2,484370430.0,399759023.0,201192980.0,14535987.0,7176465.5,0.0359,0.0539,0.12,103200.46,98629.6,79.1,1.5,0.15,10.2,598.4,0.05,79.2,28.0,107.2,93.1,1.8,0.18,12.1,704.9,0.06,93.2,33.1,126.4,99.7,1.9,0.19,11.8,747.9,0.04,99.8,34.1,133.9,269.4,5.1,0.52,31.8,2025.1,0.12,269.7,92.2,361.9,37723113.5,711.0,71.1,4858092.8,285433.3,22.8,37763717.5,13370235.1,51133952.5,32.79,18.28,0.0,51.07,37.51,22.94,0.0,60.45,229824.4,26306774.0,26536598.0,477010880.0,283177470.0,58506452.0,3180673.0,0.0,0.0,0.0,15463027.0,102553544.0,81207.5,0.0,225417.8,29281690.0,4469.6,0.0,208051800.0,59662636.0,0.0,44181.0,610.7,0.0,0.0,9997.8,41102.3,8334.8,0.0,57.5,3666.0,3272.2,0.0,97455.2,0.0,23748.0,176724.0,0.0,0.0
LowRECost_HighNGPrice,FRCC,2050,456684600.0,85899380.0,0.0,1253940.8,543837900.0,440273340.2,213262000.0,17314250.0,6811527.0,0.0359,0.0539,0.12,110557.46,109670.4,65.8,1.2,0.12,8.5,498.3,0.04,65.9,23.4,89.3,78.7,1.5,0.15,10.3,596.0,0.05,78.8,28.1,106.9,126.2,2.4,0.24,14.9,951.1,0.06,126.3,43.3,169.6,258.5,4.9,0.49,30.5,1949.3,0.11,258.8,88.7,347.5,35115769.6,661.8,66.2,4550034.5,265778.3,21.7,35153559.1,12476148.9,47629708.1,30.48,19.34,0.0,49.81,35.26,24.76,0.0,60.02,367272.0,30938996.0,31306266.0,533335140.0,330575870.0,73172056.0,3180673.0,0.0,0.0,0.0,16738048.0,96904690.0,918.6,0.0,219245.9,29281690.0,10.7,0.0,240936780.0,72901064.0,0.0,57999.5,610.7,0.0,0.0,10698.5,45175.8,7441.8,0.0,57.5,3666.0,2267.1,0.0,112078.7,0.0,28794.8,231998.0,0.0,0.0
LowRECost_HighNGPrice,ISONE,2025,129221030.0,325893.4,1486973.4,670924.6,131704820.0,124575026.4,106736750.0,185975.5,301022.5,0.0359,0.054,0.12,29362.97,31551.0,150.7,2.9,0.3,21.5,1390.2,0.12,150.8,63.0,213.8,158.8,3.1,0.32,22.7,1464.5,0.13,159.0,66.4,225.3,228.0,4.9,0.59,27.2,1944.6,0.14,228.3,85.2,313.5,429.6,10.2,1.3,50.7,3529.0,0.29,430.3,155.9,586.2,19859127.3,383.4,40.1,2836266.0,183252.5,15.7,19881486.9,8301478.9,28182965.8,37.4,6.0,0.0,43.4,39.62,6.58,0.0,46.2,494099.7,802600.7,1296700.4,131819880.0,24968068.0,277068.4,5986378.0,15071390.0,0.0,0.0,5736958.5,50336840.0,428718.1,0.0,6943945.5,26081950.0,538642.1,1186866.0,4945408.5,7089317.0,7196385.0,246.2,979.2,486.0,0.0,4384.8,13615.9,2132.7,0.0,1959.1,3265.4,5115.3,1830.4,3030.0,1782.0,2254.2,984.7,14643.2,0.0
LowRECost_HighNGPrice,ISONE,2030,141726900.0,484527.1,2127890.0,607281.1,144946600.0,136630937.2,88168570.0,1187166.0,2234017.5,0.0359,0.054,0.12,29363.3,34348.6,87.7,1.7,0.17,13.5,661.5,0.08,87.8,33.2,121.0,92.6,1.8,0.18,14.3,698.5,0.09,92.8,35.1,127.9,158.8,3.3,0.37,18.8,1144.9,0.09,159.0,53.0,212.0,387.8,12.6,1.6,41.7,2544.1,0.21,388.7,117.6,506.2,12799260.1,244.4,25.1,1971284.6,96569.6,12.0,12813383.7,4852341.5,17665725.2,32.95,5.62,0.0,38.57,35.05,6.16,0.0,41.21,2012910.6,944142.1,2957052.8,145993440.0,56778024.0,410895.5,5308728.0,15656336.0,0.0,0.0,8067885.0,32741818.0,374958.0,0.0,6746481.0,26081950.0,197264.9,1696991.4,6637484.5,11539566.0,30533084.0,384.7,887.2,0.0,0.0,6100.6,12347.0,1804.7,0.0,1963.8,3265.4,1283.4,1801.0,3906.4,7502.0,3535.0,1539.0,14408.0,0.0
LowRECost_HighNGPrice,ISONE,2035,158269380.0,1282721.9,2341482.2,603521.9,162497100.0,152578320.4,83384400.0,3263368.2,6189030.0,0.0359,0.054,0.12,81808.34,38390.1,72.6,1.4,0.14,10.8,546.3,0.07,72.7,27.1,99.8,67.6,1.3,0.14,10.2,507.4,0.07,67.7,25.3,93.0,106.7,2.3,0.28,12.8,729.8,0.07,106.9,34.6,141.4,344.4,7.1,0.82,41.1,2440.6,0.2,344.9,113.9,458.7,12017140.3,230.4,23.8,1789614.8,90372.3,11.3,12030499.6,4485806.6,16516306.2,36.69,15.39,0.0,52.08,39.3,16.92,0.0,56.22,2510701.2,366039.8,2876741.0,165422770.0,79112700.0,1085278.5,3461395.5,15616998.0,0.0,0.0,10379177.0,30294444.0,450923.0,0.0,7208094.5,26081950.0,237100.5,1873873.6,7045038.5,24091980.0,37596508.0,1276.3,636.4,0.0,0.0,7554.0,12250.9,1804.7,0.0,1978.8,3265.4,1138.4,1801.0,3906.4,9186.0,6821.2,5105.4,14408.0,0.0
LowRECost_HighNGPrice,ISONE,2040,176392830.0,1079881.0,2293007.2,677109.4,180442830.0,170049926.7,88129736.0,7734465.5,16339978.0,0.0359,0.054,0.12,131000.36,42712.1,85.7,1.6,0.17,12.0,644.6,0.07,85.8,31.2,117.0,45.0,0.9,0.09,6.3,339.4,0.03,45.1,16.4,61.5,57.1,1.1,0.11,6.8,427.2,0.03,57.2,19.5,76.7,298.6,6.0,0.67,35.5,2154.6,0.16,299.0,99.8,398.7,16199951.5,309.4,31.7,2263202.6,121863.8,13.1,16217831.9,5898314.1,22116146.0,33.28,24.61,5.17,63.32,35.62,26.99,5.53,68.4,7784337.0,461734.0,8246071.0,189048340.0,92313090.0,912164.4,2924431.8,15549938.0,0.0,0.0,10552935.0,39860068.0,2307445.8,0.0,7023726.5,26081950.0,247843.6,1827684.8,7024717.0,29788020.0,44947416.0,1168.9,563.5,0.0,0.0,7724.8,16618.8,7069.7,0.0,1978.8,3265.4,1138.4,1801.0,3903.0,12030.0,8398.2,4675.6,14408.0,0.0
LowRECost_HighNGPrice,ISONE,2045,193680260.0,1118891.1,2383978.0,738005.3,197921140.0,186715710.8,89675176.0,11037384.0,17563166.0,0.0359,0.054,0.12,129550.6,47032.9,80.9,1.5,0.16,11.3,609.2,0.06,81.0,29.4,110.4,31.2,0.6,0.06,4.4,235.9,0.03,31.3,11.5,42.7,35.7,0.7,0.07,4.2,265.8,0.02,35.7,12.2,47.9,282.7,5.7,0.63,33.6,2042.7,0.15,283.1,94.5,377.6,16535132.9,315.2,32.2,2302412.6,124546.1,13.2,16553310.2,6017483.9,22570794.2,30.96,24.14,9.69,65.18,33.14,26.43,10.34,70.31,11991573.0,382121.0,12373694.0,204446910.0,108245950.0,944272.9,2924431.8,14469955.0,0.0,0.0,10887101.0,38928216.0,3672652.5,0.0,7055174.5,26081950.0,215404.1,1908900.4,6312834.5,45616264.0,45429756.0,1168.9,563.5,0.0,0.0,7913.7,16652.4,11188.1,0.0,1978.8,3265.4,1138.4,1801.0,3462.7,12030.0,13566.4,4675.6,14408.0,0.0
LowRECost_HighNGPrice,ISONE,2050,208983650.0,792079.0,2531997.0,829571.8,213137300.0,201468902.0,77621340.0,9561027.0,25190354.0,0.0359,0.054,0.12,125744.47,51041.3,68.5,1.3,0.13,9.6,517.6,0.06,68.6,25.1,93.7,15.5,0.3,0.03,2.3,117.4,0.01,15.5,5.8,21.3,22.8,0.4,0.04,2.7,171.1,0.01,22.8,7.8,30.6,259.5,5.1,0.55,30.8,1901.2,0.13,259.8,87.5,347.3,15679137.3,297.8,30.2,2200504.1,118400.2,12.7,15696262.8,5732299.2,21428562.0,29.0,22.87,13.49,65.8,31.01,24.94,14.38,70.77,21892422.0,2217509.0,24109932.0,228766620.0,135515950.0,669591.4,2924431.8,14088086.0,0.0,0.0,11308646.0,35585470.0,4689322.0,0.0,7043843.0,26081950.0,152094.2,2015878.8,13391756.0,66041576.0,44773980.0,691.3,563.5,0.0,0.0,8177.1,15465.6,15288.5,0.0,1978.8,3265.4,593.2,1801.0,8377.4,12030.0,21056.7,2765.2,14408.0,0.0
LowRECost_HighNGPrice,MISO_Central,2025,317955460.0,36369.2,1977638.2,1994419.6,321963870.0,306524478.9,249113300.0,24266498.0,7031245.0,0.0359,0.054,0.12,74168.88,70641.3,496.1,51.1,7.39,22.4,1502.7,0.28,499.6,67.3,566.9,482.4,49.3,7.14,22.5,1486.6,0.28,485.9,66.9,552.8,368.4,26.0,3.7,27.1,1878.8,0.22,370.2,83.2,453.4,776.4,68.2,9.82,44.2,3087.3,0.43,781.1,136.3,917.4,151175031.4,15566.6,2252.5,6825589.6,457916.7,84.9,152253838.8,20494670.6,172748509.4,35.72,14.9,0.0,50.62,37.87,16.2,0.0,54.06,529.7,0.0,529.7,304728640.0,72850590.0,31095.5,2190484.5,3054153.0,132054960.0,0.0,517641.7,44869772.0,1805567.2,0.0,1715114.6,42109404.0,2437514.2,1609976.1,14537920.0,57795028.0,0.0,29.1,375.0,30561.8,0.0,356.3,11721.7,11720.3,0.0,489.6,5272.0,3817.1,2614.8,7228.9,0.0,17746.4,116.4,20918.4,0.0
LowRECost_HighNGPrice,MISO_Central,2030,339330270.0,2493607.2,2462997.8,3401838.5,347688700.0,327129702.1,121999090.0,47269720.0,65715404.0,0.0359,0.054,0.12,74163.62,73782.1,194.0,19.9,2.89,9.5,538.8,0.13,195.4,25.6,221.0,203.7,20.3,2.94,11.1,600.9,0.14,205.2,29.0,234.2,239.9,18.2,2.58,16.1,1023.4,0.12,241.1,46.6,287.8,649.6,59.0,8.48,34.9,2226.1,0.34,653.7,101.3,755.0,71022758.4,7301.1,1059.0,3483183.7,197261.4,46.1,71529430.9,9374159.1,80903590.0,32.92,13.27,0.0,46.18,35.1,14.51,0.0,49.6,1337463.9,522642.2,1860106.2,366134400.0,225689630.0,2128627.8,2190484.5,5118014.0,62174516.0,0.0,746106.0,19770256.0,652828.1,0.0,1766797.0,42109404.0,2546118.8,1987735.8,69585810.0,155357700.0,0.0,1626.6,375.0,20428.7,0.0,509.8,11521.5,11454.2,0.0,510.6,5272.0,4416.2,2614.8,34148.0,0.0,42231.5,6506.4,20918.4,0.0
LowRECost_HighNGPrice,MISO_Central,2035,371663940.0,17726034.0,3556452.0,3980850.5,396927300.0,358299814.0,33555910.0,47122844.0,109867820.0,0.0359,0.054,0.12,89226.76,81310.8,26.7,0.6,0.08,4.2,176.2,0.04,26.7,9.4,36.1,37.1,0.8,0.11,5.8,248.4,0.05,37.1,13.2,50.3,73.8,1.7,0.23,8.9,479.2,0.06,73.9,23.2,97.1,247.6,5.1,0.59,29.5,1753.8,0.14,247.9,81.8,329.8,12251600.0,278.5,36.8,1909818.0,80993.3,18.0,12269957.1,4328329.9,16598287.0,30.96,15.59,0.0,46.55,33.56,17.69,0.0,51.25,30556048.0,12377639.0,42933690.0,459672260.0,363371360.0,15148403.0,1819986.8,4633030.5,0.0,0.0,1448836.9,22658668.0,2245044.2,0.0,1648536.8,42109404.0,3162850.8,2874974.8,113735960.0,248186580.0,0.0,13585.5,324.7,0.0,0.0,1002.1,11522.6,11190.8,0.0,510.6,5272.0,4285.9,2614.8,60332.6,0.0,75679.4,54341.9,20918.4,0.0
LowRECost_HighNGPrice,MISO_Central,2040,402937660.0,19919220.0,3489219.5,4406108.0,430752200.0,388448450.8,1255171.6,49024332.0,139558910.0,0.0359,0.054,0.12,107959.93,89385.4,19.5,0.4,0.06,3.1,129.0,0.03,19.5,7.0,26.5,12.7,0.2,0.03,2.2,96.5,0.02,12.8,5.1,17.8,39.3,0.8,0.1,4.7,275.5,0.02,39.4,12.9,52.3,210.9,4.3,0.5,25.2,1497.9,0.12,211.2,69.8,281.0,10164097.6,231.3,30.7,1636927.2,67249.2,16.3,10179360.6,3645411.6,13824772.2,27.07,19.35,0.0,46.42,29.32,21.93,0.0,51.25,69869150.0,23437502.0,93306660.0,521286750.0,429497020.0,17029352.0,1282286.4,3686752.5,0.0,0.0,2332413.8,18681506.0,1937060.4,0.0,1584851.9,42109404.0,2651709.5,2826832.5,130743630.0,296421020.0,0.0,16084.7,251.7,0.0,0.0,1621.2,11584.4,11903.8,0.0,510.6,5272.0,4235.6,2614.8,72768.9,0.0,96554.6,64338.9,20918.4,0.0
LowRECost_HighNGPrice,MISO_Central,2045,432634940.0,18687998.0,3467851.2,4972220.0,459763000.0,417077727.5,-46725616.0,50927436.0,185516200.0,0.0359,0.054,0.12,112716.88,96074.8,15.2,0.3,0.04,2.5,102.5,0.03,15.3,5.6,20.9,8.8,0.2,0.02,1.6,66.9,0.02,8.8,3.6,12.5,51.6,1.1,0.12,6.1,367.4,0.03,51.6,17.1,68.7,183.5,3.7,0.43,21.9,1310.2,0.1,183.7,60.9,244.7,9060618.9,202.9,26.4,1501594.6,60899.9,15.2,9073870.5,3320561.4,12394431.9,22.84,20.35,0.0,43.2,24.67,22.89,0.0,47.56,130102320.0,37400596.0,167502910.0,594351740.0,506488640.0,15975893.0,1282286.4,2763345.2,0.0,0.0,4234838.0,17383102.0,1913799.6,0.0,1491500.0,42109404.0,2134277.5,2809540.2,144213230.0,358040540.0,0.0,15675.0,251.7,0.0,0.0,2914.9,9901.1,10326.7,0.0,510.6,5272.0,4082.7,2614.8,84241.5,0.0,126682.4,62699.8,20918.4,0.0
LowRECost_HighNGPrice,MISO_Central,2050,456997820.0,17350646.0,3467114.5,5412749.5,483228350.0,440564858.0,-62432310.0,55219464.0,201651500.0,0.0359,0.054,0.12,107668.36,101147.8,12.7,0.3,0.04,2.2,86.5,0.02,12.8,4.8,17.5,7.4,0.1,0.01,1.4,57.2,0.02,7.4,3.1,10.6,43.0,0.9,0.1,5.1,309.4,0.02,43.0,14.4,57.4,162.9,3.4,0.39,19.4,1153.7,0.1,163.1,53.8,216.9,8016826.7,177.7,22.8,1374648.1,54470.5,14.3,8028352.0,3001766.7,11030118.7,20.73,19.48,0.0,40.21,22.35,21.78,0.0,44.14,178371550.0,49897356.0,228268900.0,629660400.0,545660700.0,14839958.0,1282286.4,2350081.2,0.0,0.0,6293041.0,15548522.0,1803460.8,0.0,1450304.8,42109404.0,1810011.8,2805695.8,149304430.0,390063230.0,0.0,15077.6,251.7,0.0,0.0,4278.0,9778.0,10991.1,0.0,510.6,5272.0,2999.4,2614.8,91386.9,0.0,145153.1,60310.5,20918.4,0.0
LowRECost_HighNGPrice,MISO_North,2025,230686300.0,84020.4,0.0,1840331.2,232610660.0,222391650.0,146476050.0,19021834.0,4487630.0,0.0359,0.054,0.12,74182.55,48470.1,328.5,31.7,4.57,17.1,1149.0,0.19,330.7,51.4,382.0,338.7,32.9,4.75,17.4,1169.9,0.19,341.0,52.3,393.3,362.3,27.1,3.86,25.2,1762.7,0.21,364.2,77.7,441.9,781.9,72.6,10.45,40.6,2890.6,0.41,786.9,126.8,913.7,71631958.0,6917.3,996.8,3726422.7,250577.7,40.9,72110227.7,11204802.0,83315029.7,35.98,14.58,0.0,50.56,38.14,15.74,0.0,53.88,21901.3,572.3,22473.5,218076460.0,86134616.0,71709.2,2158853.0,8201252.0,59685280.0,0.0,1361327.8,30634422.0,2651859.2,0.0,4494981.5,22761602.0,1281886.2,0.0,7720943.0,77052344.0,0.0,69.3,351.7,11629.9,0.0,960.2,7633.3,7105.3,0.0,925.4,2849.7,2482.6,0.0,4019.5,0.0,21757.4,277.0,0.0,0.0
LowRECost_HighNGPrice,MISO_North,2030,256627100.0,4435444.0,0.0,2710787.2,263773340.0,247399334.4,97595816.0,21036878.0,16392482.0,0.0359,0.054,0.12,74192.77,51943.2,149.7,15.7,2.27,7.1,413.4,0.09,150.8,19.4,170.2,161.4,16.9,2.45,7.6,442.0,0.1,162.5,20.8,183.3,204.8,17.8,2.56,11.7,744.5,0.11,206.0,33.9,239.9,616.0,61.1,8.82,28.1,1864.0,0.31,620.3,83.7,704.0,38800294.3,4059.3,587.3,1827084.1,107135.7,23.9,39081581.1,5026253.0,44107834.1,26.15,13.51,0.0,39.66,27.94,14.71,0.0,42.65,14083472.0,536353.2,14619826.0,259128930.0,166177520.0,3789846.5,1436489.4,13611738.0,35879764.0,0.0,1894000.4,10169308.0,523242.2,0.0,4538603.5,22761602.0,240826.1,0.0,32161434.0,132122090.0,0.0,3294.7,240.0,10756.9,0.0,1349.9,7633.3,6289.4,0.0,937.4,2849.7,1519.4,0.0,16542.4,0.0,36468.1,13178.6,0.0,0.0
LowRECost_HighNGPrice,MISO_North,2035,290110820.0,4876294.5,0.0,2650315.5,297637440.0,279677526.5,84902930.0,31437620.0,19171172.0,0.036,0.054,0.12,117543.98,58663.2,38.8,0.8,0.08,5.5,287.4,0.04,38.9,14.1,53.0,39.9,0.8,0.08,5.8,295.8,0.04,40.0,14.6,54.5,94.4,1.8,0.2,11.2,695.8,0.05,94.5,31.9,126.5,217.2,4.3,0.47,25.8,1587.7,0.11,217.5,73.1,290.6,11083190.7,217.1,23.3,1570266.8,82028.2,10.3,11096014.2,4017510.8,15113525.0,27.44,22.96,0.14,50.54,29.31,24.97,0.15,54.44,27300988.0,2549913.0,29850902.0,285370980.0,212734510.0,4168100.5,1436489.4,12220399.0,0.0,0.0,2646306.2,23061980.0,4019918.5,0.0,4392241.0,22761602.0,575750.3,0.0,41089052.0,168999150.0,0.0,4116.0,240.0,0.0,0.0,1893.5,10510.8,13840.3,0.0,939.4,2849.7,1445.0,0.0,21599.0,0.0,48599.6,16464.2,0.0,0.0
LowRECost_HighNGPrice,MISO_North,2040,315758500.0,5637744.0,0.0,2765681.8,324161920.0,304403296.0,88036190.0,37029348.0,18966440.0,0.036,0.054,0.12,117771.56,63059.5,32.7,0.6,0.07,4.7,242.5,0.03,32.7,11.9,44.6,22.7,0.4,0.05,3.2,167.8,0.02,22.8,8.2,31.0,56.7,1.1,0.12,6.7,415.0,0.03,56.8,19.1,75.9,190.5,3.8,0.41,22.6,1391.3,0.1,190.7,64.1,254.8,9994619.2,195.0,20.8,1440619.4,74232.3,9.7,10006096.7,3655381.2,13661477.9,24.99,23.17,0.24,48.4,26.68,25.2,0.26,52.15,37533132.0,3291904.2,40825036.0,306099000.0,236125730.0,4820354.0,1436489.4,11854131.0,0.0,0.0,3746320.8,20104300.0,4185268.5,0.0,4344337.5,22761602.0,466799.0,0.0,44732260.0,187647140.0,0.0,4675.5,240.0,0.0,0.0,2683.0,10510.8,16812.9,0.0,939.4,2849.7,1422.8,0.0,23641.6,0.0,53792.3,18701.8,0.0,0.0
LowRECost_HighNGPrice,MISO_North,2045,339224830.0,1872045.8,0.0,2829581.2,343926460.0,327025585.7,93918824.0,45319476.0,17466844.0,0.036,0.054,0.12,116326.61,68416.7,32.6,0.6,0.06,4.7,246.3,0.03,32.6,12.0,44.6,20.2,0.4,0.04,2.9,152.8,0.02,20.2,7.4,27.7,57.1,1.1,0.12,6.8,424.5,0.03,57.2,19.4,76.6,161.7,3.1,0.33,19.1,1200.6,0.08,161.9,54.9,216.8,10304309.5,195.9,19.9,1473964.6,77855.9,9.4,10315584.2,3796632.2,14112216.4,21.8,23.62,0.05,45.48,23.15,25.37,0.05,48.58,49348484.0,4258229.0,53606710.0,316073820.0,250007630.0,1599204.9,1436489.4,11317937.0,0.0,0.0,5249465.0,17584620.0,6937206.5,0.0,4317972.0,22761602.0,111158.7,0.0,45774096.0,198984060.0,0.0,1453.7,240.0,0.0,0.0,3760.3,10350.8,31753.0,0.0,939.4,2849.7,881.9,0.0,24254.3,0.0,58284.2,5814.6,0.0,0.0
LowRECost_HighNGPrice,MISO_North,2050,358360260.0,1433440.5,0.0,2886813.2,362680500.0,345472969.8,85505110.0,48179390.0,20142294.0,0.036,0.054,0.12,112996.2,72478.1,27.9,0.5,0.05,3.9,210.9,0.02,27.9,10.2,38.1,17.3,0.3,0.03,2.4,130.7,0.01,17.3,6.3,23.6,56.2,1.1,0.11,6.7,418.4,0.03,56.2,19.1,75.3,142.4,2.7,0.28,16.8,1062.3,0.07,142.5,48.5,191.1,9333831.9,177.1,17.9,1307265.3,70567.9,7.9,9344001.1,3412351.5,12756352.6,19.77,23.2,0.0,42.97,20.98,24.86,0.0,45.84,74417390.0,5025218.0,79442610.0,334643420.0,277175400.0,1224677.0,1193419.2,10467784.0,0.0,0.0,7107297.0,15789690.0,6428709.5,0.0,4268571.5,18021100.0,74066.6,0.0,44449650.0,225618460.0,0.0,1135.6,207.0,0.0,0.0,5093.3,10299.8,32602.3,0.0,939.4,2256.2,642.1,0.0,23635.2,0.0,69675.9,4542.2,0.0,0.0
LowRECost_HighNGPrice,MISO_South,2025,216510820.0,236531.8,14918.0,895194.9,217657470.0,208727603.9,200393400.0,8220814.5,716927.4,0.0359,0.0539,0.12,73727.89,47820.5,357.5,19.9,2.78,33.2,2207.7,0.25,358.9,99.1,457.9,362.3,20.3,2.83,33.5,2230.2,0.26,363.7,100.1,463.8,457.8,17.3,2.38,48.2,3275.7,0.31,459.0,145.9,604.9,639.8,39.6,5.84,55.1,3151.0,0.53,642.6,149.1,791.7,75132048.3,4177.1,584.4,6981359.4,463947.2,53.3,75416071.6,20821539.9,96237611.4,39.28,15.31,0.0,54.58,41.57,16.54,0.0,58.11,0.0,0.0,0.0,210153580.0,17264068.0,201022.8,1198375.8,0.0,28323812.0,0.0,752540.3,108685490.0,673491.4,0.0,3647090.5,42746000.0,7402358.5,11883.3,8839567.0,7671961.0,0.0,213.9,165.8,6686.9,0.0,493.5,19218.3,3385.5,0.0,1245.2,5351.7,9226.3,30.0,4139.9,0.0,2999.2,855.7,240.0,0.0
LowRECost_HighNGPrice,MISO_South,2030,230936060.0,3274860.5,60109.9,1674383.2,235945420.0,222634121.0,136796000.0,25268988.0,7695923.0,0.0359,0.054,0.12,73707.58,50236.1,168.9,11.1,1.54,14.8,825.6,0.12,169.7,39.4,209.1,174.9,11.9,1.66,14.8,832.3,0.13,175.7,39.7,215.4,199.3,11.4,1.58,16.9,1042.3,0.11,200.0,47.9,248.0,689.2,63.5,9.12,35.9,2342.3,0.35,693.6,105.8,799.4,36885849.3,2417.0,337.3,3232292.5,180285.4,26.9,37049952.3,8612150.1,45662102.4,36.35,13.93,0.0,50.28,38.69,15.23,0.0,53.92,374751.3,536440.1,911191.4,218372350.0,99149416.0,2788026.5,1116615.9,0.0,18422082.0,0.0,1748157.6,49381144.0,131448.0,0.0,3674063.5,42746000.0,915389.9,48176.0,67167680.0,30233578.0,0.0,2121.0,154.7,4544.5,0.0,1145.8,20051.0,3323.6,0.0,1257.2,5351.7,7050.8,30.0,31491.9,0.0,9972.9,8484.1,240.0,0.0
LowRECost_HighNGPrice,MISO_South,2035,257431760.0,11507620.0,72550.0,2354237.8,271366180.0,248177131.8,123290030.0,50826450.0,21403184.0,0.0359,0.054,0.12,52719.67,54147.9,57.4,1.1,0.12,8.5,429.3,0.06,57.4,21.3,78.7,56.0,1.1,0.11,8.3,419.3,0.06,56.1,20.8,76.9,100.9,2.1,0.25,12.1,703.5,0.06,101.0,33.0,134.0,237.3,4.6,0.49,28.1,1756.7,0.11,237.6,80.5,318.1,13879848.7,268.5,28.2,2057233.7,103868.0,15.3,13895540.0,5156666.7,19052206.7,33.09,9.37,0.0,42.46,35.8,10.54,0.0,46.34,907844.7,6692866.5,7600711.0,241942910.0,148076130.0,9809707.0,1116615.9,0.0,0.0,0.0,2731260.8,35889664.0,154054.0,0.0,3668980.8,42746000.0,423357.6,58400.0,86020990.0,59323880.0,0.0,7170.8,154.7,0.0,0.0,1817.5,20051.0,3323.6,0.0,1257.2,5351.7,4156.2,30.0,42692.4,0.0,19446.8,28683.1,240.0,0.0
LowRECost_HighNGPrice,MISO_South,2040,281819840.0,15061267.0,73410.4,2639563.0,299594080.0,271688370.9,120328320.0,56122188.0,23707882.0,0.0359,0.054,0.12,76037.9,59492.0,39.1,0.8,0.08,6.2,294.0,0.05,39.2,15.0,54.1,38.8,0.7,0.08,6.1,292.0,0.05,38.9,14.8,53.7,75.9,1.5,0.17,9.0,553.0,0.04,76.0,25.5,101.5,203.3,3.9,0.41,24.1,1507.5,0.1,203.5,69.0,272.5,10448891.9,201.7,21.1,1650487.7,78551.7,13.6,10460651.7,3995038.2,14455689.9,28.95,13.42,0.0,42.37,31.52,15.21,0.0,46.73,2120465.0,12446335.0,14566800.0,267179740.0,179265740.0,12849035.0,1116615.9,0.0,0.0,0.0,3475571.5,27092820.0,113572.9,0.0,3646447.2,42746000.0,290452.2,59075.1,99399384.0,76390790.0,0.0,9541.7,154.7,0.0,0.0,2322.5,20051.0,3323.6,0.0,1257.2,5351.7,4156.2,30.0,50760.1,0.0,24750.9,38166.9,240.0,0.0
LowRECost_HighNGPrice,MISO_South,2045,301643940.0,19299444.0,68423.7,2904180.2,323915970.0,290800018.4,117039250.0,56801300.0,24754548.0,0.0359,0.054,0.12,102888.48,64276.2,27.3,0.5,0.05,4.7,206.8,0.04,27.4,10.8,38.2,27.5,0.5,0.05,4.6,207.8,0.04,27.5,10.8,38.3,59.8,1.2,0.13,7.1,435.5,0.03,59.9,20.1,80.0,167.6,3.2,0.34,19.8,1244.8,0.08,167.8,57.0,224.7,7978582.2,153.4,15.9,1357552.2,60353.9,12.4,7987498.8,3159478.7,11146977.5,23.23,18.23,0.0,41.46,25.4,20.88,0.0,46.28,7565710.5,14856965.0,22422676.0,291869220.0,206876740.0,16472586.0,1116615.9,0.0,0.0,0.0,4128146.5,20696880.0,107804.7,0.0,3608560.0,42746000.0,188812.6,55243.8,105306080.0,97442504.0,0.0,13262.8,154.7,0.0,0.0,2761.1,20051.0,3330.0,0.0,1257.2,5351.7,3113.4,30.0,53712.3,0.0,32525.2,53051.4,240.0,0.0
LowRECost_HighNGPrice,MISO_South,2050,317827680.0,24824512.0,59841.3,2691573.5,345403620.0,306402301.7,112277360.0,53707050.0,26441098.0,0.0359,0.054,0.12,106263.34,69329.2,19.4,0.4,0.04,3.6,148.7,0.04,19.5,8.0,27.5,20.2,0.4,0.04,3.7,154.5,0.04,20.2,8.3,28.5,53.4,1.0,0.1,6.3,399.1,0.02,53.4,18.2,71.7,141.5,2.7,0.27,16.7,1060.4,0.06,141.6,48.3,190.0,6181759.7,117.5,11.9,1143968.3,47321.0,11.4,6188523.4,2557253.8,8745777.2,20.32,18.9,0.0,39.22,22.33,21.93,0.0,44.25,13124575.0,17859322.0,30983898.0,318137660.0,233126240.0,21200552.0,1116615.9,0.0,0.0,0.0,4867617.0,16234429.0,63595.7,0.0,3534542.8,42746000.0,67309.0,48377.8,111591570.0,116667060.0,0.0,18427.9,154.7,0.0,0.0,3241.9,20051.0,3267.6,0.0,1257.2,5351.7,1093.5,30.0,57350.0,0.0,39950.4,73711.5,240.0,0.0
LowRECost_HighNGPrice,NYISO,2025,158741890.0,1217472.6,593295.8,252671.9,160805330.0,153034826.7,131386690.0,3419888.5,510672.3,0.0359,0.054,0.12,34179.15,36512.0,176.3,4.4,0.65,23.6,1265.6,0.21,176.6,61.4,238.0,188.0,5.0,0.73,24.9,1344.0,0.22,188.4,65.0,253.3,231.4,7.3,1.2,28.4,1304.4,0.3,232.0,67.4,299.3,616.8,26.1,4.06,67.3,3362.9,0.69,618.7,167.7,786.4,27837414.8,700.6,103.4,3727444.9,199838.4,32.7,27886509.1,9691555.5,37578064.6,42.61,6.74,2.7,52.05,45.14,7.35,2.85,55.35,0.0,0.0,0.0,157896110.0,29418644.0,1038418.5,1989598.8,10776737.0,0.0,0.0,3570584.5,49532310.0,808309.3,0.0,26503520.0,26688192.0,10660106.0,480280.2,7142989.0,18275934.0,429137.0,1745.6,389.6,0.0,0.0,2568.9,9588.7,2662.1,0.0,4553.7,3341.3,12192.8,1426.8,4151.2,132.0,5485.0,6982.5,11414.4,0.0
LowRECost_HighNGPrice,NYISO,2030,170298820.0,2955379.2,1376205.5,241270.8,174871680.0,164175433.1,106207864.0,4979055.5,3988261.2,0.0359,0.054,0.12,34175.61,38288.7,76.7,1.7,0.22,11.1,511.9,0.09,76.8,26.4,103.2,87.1,2.2,0.29,12.2,571.0,0.1,87.2,29.3,116.5,145.5,4.6,0.71,17.3,766.7,0.16,145.8,40.2,186.0,507.4,23.0,3.23,50.2,2772.2,0.36,509.0,132.9,641.9,13337060.4,298.5,38.8,1929861.1,89009.5,15.5,13356538.3,4586570.4,17943108.7,39.02,6.02,3.29,48.37,41.57,6.62,3.49,51.71,327622.0,21585.4,349207.4,173880880.0,68663816.0,2521215.2,1989598.8,13349844.0,0.0,0.0,4285654.5,29027228.0,171305.8,0.0,27693900.0,26688192.0,2674649.5,1101136.1,20258720.0,29794886.0,14324554.0,3000.0,389.6,0.0,0.0,3088.0,8656.5,258.7,0.0,4745.1,3341.3,7985.8,1426.8,11597.5,3801.0,7937.0,12000.0,11414.4,0.0
LowRECost_HighNGPrice,NYISO,2035,186261310.0,4706514.0,1442210.4,424347.3,192834380.0,179563188.0,106074904.0,11880591.0,8491582.0,0.0359,0.054,0.12,87868.57,41052.1,67.0,1.6,0.22,9.7,426.7,0.09,67.1,22.5,89.6,72.4,1.7,0.23,10.5,466.0,0.09,72.5,24.4,96.9,150.9,4.1,0.66,18.7,802.1,0.17,151.2,42.6,193.8,351.9,8.0,1.06,42.5,2293.2,0.27,352.4,110.9,463.3,12699089.8,299.2,41.3,1844365.6,80834.8,16.2,12719271.9,4257666.1,16976938.0,38.31,15.47,0.0,53.78,41.07,17.11,0.0,58.18,2564231.0,556649.8,3120880.8,189445380.0,86759480.0,4014424.8,1584482.1,12956612.0,0.0,0.0,4982120.5,25757636.0,85235.8,0.0,27104676.0,26688192.0,3339787.5,1154845.2,20098354.0,30040880.0,31638124.0,4574.2,334.6,0.0,0.0,3640.8,8656.5,258.7,0.0,4752.2,3341.3,6974.1,1426.8,11597.5,9000.0,7937.0,18296.8,11414.4,0.0
LowRECost_HighNGPrice,NYISO,2040,203176670.0,12228478.0,1316421.2,759725.3,217481300.0,195869801.4,81049070.0,25204752.0,21815860.0,0.036,0.054,0.12,251457.94,45117.1,0.0,0.0,0.0,1.4,3.0,0.03,0.0,1.5,1.5,0.0,0.0,0.0,0.0,0.0,0.0,0.0,0.0,0.0,0.0,0.0,0.0,0.0,0.0,0.0,0.0,0.0,0.0,299.9,6.2,0.71,35.8,2131.6,0.17,300.3,99.3,399.6,0.0,0.0,0.0,304851.4,643.9,5.6,0.0,325572.8,325572.8,34.94,43.98,3.26,82.22,37.85,50.18,3.5,91.58,6038952.5,2689947.8,8728900.0,214092400.0,136432220.0,10425880.0,1584482.1,11786323.0,0.0,0.0,6578658.5,0.0,0.0,0.0,26114852.0,26688192.0,0.0,1060450.1,34505496.0,57514696.0,37833372.0,12463.7,334.6,0.0,0.0,4819.8,0.0,0.0,0.0,4763.2,3341.3,0.0,1426.8,20917.3,10733.2,16343.6,49855.0,11414.4,0.0
LowRECost_HighNGPrice,NYISO,2045,221359070.0,14128266.0,1422488.4,871133.6,237780960.0,213398366.3,78229350.0,28253658.0,28095530.0,0.0359,0.054,0.12,251352.45,49691.5,0.0,0.0,0.0,1.3,2.7,0.02,0.0,1.4,1.4,0.0,0.0,0.0,0.0,0.0,0.0,0.0,0.0,0.0,0.0,0.0,0.0,0.0,0.0,0.0,0.0,0.0,0.0,284.1,5.8,0.67,33.9,2025.0,0.16,284.4,94.2,378.7,0.0,0.0,0.0,304851.4,643.9,5.6,0.0,325572.8,325572.8,31.23,44.27,4.52,80.09,33.91,50.69,4.87,89.54,8651545.0,4273133.5,12924679.0,237622830.0,159551620.0,12038052.0,1584482.1,10938643.0,0.0,0.0,9163931.0,0.0,0.0,0.0,25682728.0,26688192.0,0.0,1139122.5,40737444.0,69479770.0,40170480.0,13894.1,334.6,0.0,0.0,6672.4,0.0,0.0,0.0,4769.0,3341.3,0.0,1426.8,24980.0,11461.8,19960.8,55576.5,11414.4,0.0
LowRECost_HighNGPrice,NYISO,2050,238796640.0,16881726.0,1435401.4,1004800.7,258118580.0,230209041.6,83806280.0,40802320.0,27702908.0,0.0359,0.054,0.12,249990.45,54235.1,0.0,0.0,0.0,0.9,1.8,0.02,0.0,1.0,1.0,0.0,0.0,0.0,0.0,0.0,0.0,0.0,0.0,0.0,0.0,0.0,0.0,0.0,0.0,0.0,0.0,0.0,0.0,263.1,5.2,0.57,31.3,1915.1,0.14,263.4,88.4,351.8,0.0,0.0,0.0,220387.3,443.0,3.7,0.0,234602.0,234602.0,29.7,43.98,8.42,82.26,32.33,50.67,9.09,92.26,8500046.0,4476676.5,12976722.0,245019170.0,174312300.0,14409867.0,1584482.1,10781866.0,0.0,0.0,11900153.0,0.0,0.0,0.0,25683064.0,17086578.0,0.0,1161013.2,42553940.0,79116460.0,40741744.0,17089.1,334.6,0.0,0.0,8637.7,0.0,0.0,0.0,4769.0,2139.2,0.0,1426.8,25871.9,11461.8,22829.2,68356.6,11414.4,0.0
LowRECost_HighNGPrice,NorthernGrid_East,2025,54637384.0,63775.7,0.0,547459.4,55248620.0,52672853.9,40407696.0,7815526.5,3242016.5,0.0359,0.054,0.12,78541.75,10625.9,249.9,27.5,3.99,9.1,638.6,0.12,251.8,28.2,279.9,218.3,23.9,3.47,8.1,566.3,0.11,220.0,25.0,245.0,776.4,73.1,10.49,38.8,2893.4,0.38,781.5,125.1,906.6,743.4,72.9,10.51,34.5,2539.0,0.37,748.4,110.3,858.7,12662597.9,1394.1,202.2,460707.0,32361.2,6.2,12759342.2,1426776.8,14186119.0,29.91,13.89,0.0,43.8,31.65,14.89,0.0,46.54,491.8,0.0,491.8,50675110.0,14840923.0,53835.3,319198.3,125881.4,11734360.0,0.0,1192630.8,1798589.6,0.0,74468.4,21727854.0,0.0,0.0,0.0,1632495.1,12015797.0,0.0,231.0,47.5,3746.3,0.0,797.2,549.3,789.1,10.0,5581.2,0.0,309.1,0.0,829.0,0.0,3416.2,924.0,0.0,0.0
LowRECost_HighNGPrice,NorthernGrid_East,2030,60358284.0,160256.6,0.0,1072202.4,61590744.0,58188011.4,20763784.0,5706491.5,13625437.0,0.0359,0.054,0.12,78538.7,11740.0,104.2,11.9,1.72,3.4,234.2,0.05,105.0,10.4,115.4,98.0,11.1,1.62,3.3,221.7,0.05,98.8,9.9,108.7,131.9,12.3,1.76,6.7,448.2,0.06,132.8,20.1,152.8,605.4,63.7,9.21,24.1,1653.0,0.29,609.8,73.4,683.3,7241013.7,824.9,119.9,238667.6,16279.4,3.6,7298326.5,724773.0,8023099.5,21.26,13.29,0.0,34.55,22.55,14.31,0.0,36.86,712576.3,15116.3,727694.1,69509700.0,40826964.0,136664.0,233755.5,118586.9,6977449.5,0.0,1345933.1,253846.3,0.0,73599.8,20888828.0,0.0,0.0,0.0,1652092.2,37828936.0,0.0,231.0,35.9,3559.9,0.0,901.6,549.3,0.0,10.0,5739.2,0.0,0.0,0.0,829.0,0.0,9664.6,924.0,0.0,0.0
LowRECost_HighNGPrice,NorthernGrid_East,2035,70286420.0,275243.7,0.0,1721310.6,72282980.0,67759084.7,19365608.0,18216018.0,20954284.0,0.036,0.054,0.12,115074.59,14042.4,1.6,0.0,0.0,0.3,12.4,0.0,1.6,0.7,2.3,2.0,0.0,0.0,0.3,15.1,0.0,2.0,0.8,2.8,58.2,1.1,0.11,6.9,437.8,0.03,58.3,19.9,78.2,179.0,3.4,0.35,21.2,1342.7,0.08,179.2,61.2,240.4,121728.3,2.3,0.2,21774.2,927.6,0.1,121859.3,49440.5,171299.8,23.22,18.61,0.0,41.83,24.65,20.12,0.0,44.77,1761784.8,1137463.1,2899248.0,75021240.0,52917364.0,234369.2,233755.5,119662.6,0.0,0.0,1340265.4,305582.6,15875.0,73618.3,21121012.0,0.0,0.0,0.0,9970830.0,41606268.0,0.0,231.0,35.9,0.0,0.0,902.4,549.3,1028.2,10.0,5739.2,0.0,0.0,0.0,5119.6,0.0,10621.9,924.0,0.0,0.0
LowRECost_HighNGPrice,NorthernGrid_East,2040,77372900.0,359793.4,0.0,1773550.2,79506240.0,74590802.7,5709813.5,15559917.0,30033980.0,0.0359,0.054,0.12,95513.38,15445.4,0.8,0.0,0.0,0.2,6.2,0.0,0.8,0.4,1.2,1.1,0.0,0.0,0.2,8.2,0.0,1.1,0.5,1.5,78.5,1.5,0.15,9.3,591.2,0.03,78.5,26.9,105.4,153.1,2.9,0.3,18.1,1148.9,0.07,153.3,52.4,205.6,75714.9,1.4,0.1,16338.6,580.4,0.1,75796.4,33652.1,109448.5,19.78,14.73,0.0,34.51,20.93,15.88,0.0,36.8,7360193.5,1856014.8,9216211.0,93980300.0,73796424.0,305779.3,233755.5,103538.5,0.0,0.0,1368491.4,199023.6,3606.4,64238.8,19273938.0,0.0,0.0,0.0,9408077.0,63019852.0,0.0,231.1,35.9,0.0,0.0,932.8,549.3,1028.2,10.0,5739.2,0.0,0.0,0.0,5119.6,0.0,18188.0,924.3,0.0,0.0
LowRECost_HighNGPrice,NorthernGrid_East,2045,84177660.0,332519.4,0.0,1968065.4,86478250.0,81150853.5,3409074.5,16158870.0,31957884.0,0.0359,0.054,0.12,111574.94,17093.6,0.7,0.0,0.0,0.2,5.3,0.0,0.7,0.3,1.0,0.9,0.0,0.0,0.2,6.6,0.0,0.9,0.4,1.2,134.0,2.5,0.25,15.8,1010.9,0.06,134.2,46.0,180.2,134.8,2.6,0.27,16.0,1003.8,0.06,135.0,45.9,180.9,70632.5,1.3,0.1,15738.2,542.0,0.1,70708.5,31908.2,102616.7,17.23,17.65,0.0,34.88,18.19,19.01,0.0,37.19,13395852.0,2150607.8,15546461.0,102277260.0,83069176.0,284375.7,233755.5,92373.5,0.0,0.0,1421151.2,185290.0,4562.2,61819.0,18345914.0,0.0,0.0,0.0,9285651.0,72362370.0,0.0,231.1,35.9,0.0,0.0,968.0,589.3,1117.4,10.0,5739.2,0.0,0.0,0.0,5119.6,0.0,21653.8,924.3,0.0,0.0
LowRECost_HighNGPrice,NorthernGrid_East,2050,90001070.0,315991.7,0.0,2208197.8,92525256.0,86764865.2,-1520337.4,16209482.0,34592976.0,0.0359,0.054,0.12,113095.02,18575.5,0.5,0.0,0.0,0.1,4.0,0.0,0.5,0.2,0.8,0.6,0.0,0.0,0.1,4.9,0.0,0.6,0.3,0.9,116.3,2.2,0.22,13.7,876.7,0.05,116.4,39.9,156.3,121.2,2.3,0.23,14.3,912.5,0.05,121.4,41.5,162.9,58123.6,1.1,0.1,14260.6,447.6,0.1,58186.1,27616.1,85802.2,15.36,18.26,0.0,33.62,16.2,19.66,0.0,35.86,19985812.0,3171558.2,23157380.0,110908750.0,94045600.0,268681.2,233755.5,84671.8,0.0,0.0,1476359.5,150378.8,5207.4,60543.2,16059922.0,0.0,0.0,0.0,10810708.0,81758530.0,0.0,231.1,35.9,0.0,0.0,1007.8,589.3,1117.4,10.0,5739.2,0.0,0.0,0.0,6144.2,0.0,25065.7,924.3,0.0,0.0
LowRECost_HighNGPrice,NorthernGrid_South,2025,84253224.0,1741091.4,0.0,250053.2,86244370.0,81224471.6,57571276.0,3921708.8,3972218.5,0.0359,0.054,0.12,82865.2,18952.8,334.6,28.2,4.01,19.8,1498.8,0.16,336.6,64.5,401.1,357.6,30.5,4.34,20.9,1575.6,0.17,359.7,67.9,427.6,454.0,25.7,3.52,38.2,2938.4,0.22,455.8,125.8,581.6,593.5,38.3,5.31,45.6,3509.6,0.28,596.0,150.3,746.3,28875917.3,2432.1,345.8,1710190.6,129342.5,13.7,29042801.8,5568340.4,34611142.2,35.05,15.79,0.0,50.84,37.26,17.33,0.0,54.58,0.0,571.2,571.2,86294880.0,28673092.0,1483145.0,322711.6,0.0,19807912.0,0.0,2536210.8,23903804.0,11360.0,5358746.5,6733541.0,0.0,569.0,0.0,24122660.0,2014221.0,0.0,1132.4,50.4,3004.1,0.0,1379.6,8385.4,1872.3,719.6,3518.7,0.0,717.1,0.0,9864.8,0.0,739.7,4529.4,0.0,0.0
LowRECost_HighNGPrice,NorthernGrid_South,2030,94292650.0,1914734.6,0.0,985187.2,97192570.0,90902844.8,44947612.0,21643384.0,21322880.0,0.0359,0.054,0.12,82842.48,21302.4,215.3,19.7,2.82,11.4,753.2,0.1,216.6,33.8,250.5,222.6,20.3,2.91,11.8,780.7,0.11,224.0,35.1,259.2,100.7,6.6,0.91,7.7,499.4,0.05,101.2,22.6,123.7,599.4,50.3,7.15,35.5,2349.1,0.28,602.9,105.5,708.4,20855251.2,1907.7,273.1,1101137.6,72962.9,10.0,20986650.8,3278163.5,24264814.4,32.25,15.95,0.0,48.2,34.46,17.63,0.0,52.09,59187.7,2763986.0,2827651.8,96872060.0,52244960.0,1629040.5,322711.6,0.0,15876427.0,0.0,3002706.2,13210046.0,6952.8,6847992.0,6733541.0,0.0,396.9,0.0,42884376.0,6357877.5,0.0,1132.4,50.4,3004.1,0.0,1658.9,7842.3,1545.4,954.2,3518.7,0.0,437.9,0.0,17961.5,0.0,1951.7,4529.4,0.0,0.0
LowRECost_HighNGPrice,NorthernGrid_South,2035,109382250.0,12853663.0,0.0,1299617.8,123535510.0,105449887.5,47040092.0,30057098.0,24982114.0,0.0359,0.054,0.12,81917.21,24696.6,56.4,1.1,0.11,6.7,425.6,0.02,56.5,19.4,75.8,59.8,1.1,0.11,7.2,451.8,0.03,59.9,20.6,80.5,97.9,1.8,0.19,11.6,738.1,0.04,98.0,33.6,131.6,271.7,5.2,0.52,32.1,2039.5,0.12,272.0,92.9,365.0,6680496.0,125.9,12.6,792000.9,50413.1,2.9,6687686.2,2295104.8,8982791.0,32.33,14.39,0.0,46.72,36.39,17.36,0.0,53.75,414034.2,12110969.0,12527797.0,118460540.0,76495430.0,10953179.0,101738.8,0.0,0.0,0.0,3094069.5,17811936.0,647.8,6367869.5,6729075.0,0.0,664.2,0.0,65590900.0,7810463.0,0.0,7911.8,20.4,0.0,0.0,1795.3,10397.0,1429.3,954.2,3518.7,0.0,253.6,0.0,30778.2,0.0,2417.2,31647.0,0.0,0.0
LowRECost_HighNGPrice,NorthernGrid_South,2040,124747050.0,27883004.0,0.0,1635182.4,154265230.0,120262277.7,52457716.0,37258388.0,32464884.0,0.0359,0.054,0.12,77418.78,28653.1,27.4,0.5,0.05,3.3,207.1,0.01,27.5,9.4,36.9,30.5,0.6,0.06,3.7,230.1,0.01,30.5,10.5,41.0,76.1,1.4,0.14,9.0,573.5,0.03,76.2,26.1,102.3,231.6,4.4,0.44,27.4,1742.5,0.1,231.9,79.3,311.2,4101409.8,77.3,7.7,487331.0,30951.4,1.8,4105824.3,1410171.8,5515996.1,27.49,12.64,0.0,40.13,32.53,16.73,0.0,49.26,697278.4,17275744.0,17975536.0,149471730.0,101807520.0,23720370.0,101738.8,0.0,0.0,0.0,3226492.2,11060325.0,375.0,6070636.0,6710251.0,0.0,518.4,0.0,85183890.0,13397141.0,0.0,15950.7,20.4,0.0,0.0,1842.6,10324.0,1429.3,938.6,3518.7,0.0,239.6,0.0,39971.1,0.0,4086.1,68594.4,0.0,0.0
LowRECost_HighNGPrice,NorthernGrid_South,2045,138886180.0,30040620.0,0.0,1937866.2,170864660.0,133893102.3,47433476.0,41997920.0,44955400.0,0.0359,0.054,0.12,101864.46,32596.7,28.3,0.5,0.05,3.4,213.6,0.01,28.3,9.7,38.1,30.6,0.6,0.06,3.7,231.0,0.01,30.6,10.6,41.2,112.1,2.1,0.21,13.2,845.9,0.05,112.3,38.5,150.7,200.4,3.8,0.38,23.7,1506.9,0.09,200.6,68.6,269.2,4919471.6,92.7,9.3,583965.4,37126.0,2.1,4924765.9,1690906.8,6615672.7,23.71,17.0,0.0,40.71,28.4,22.35,0.0,50.75,1836362.2,26730522.0,28568628.0,173822130.0,123431180.0,25522328.0,101738.8,0.0,0.0,0.0,3462800.0,13641955.0,556.6,4453331.5,6670898.0,0.0,149.1,0.0,95813070.0,24155308.0,0.0,17172.2,20.4,0.0,0.0,1975.6,13474.7,1412.2,739.2,3518.7,0.0,239.6,0.0,47312.6,0.0,8055.1,73480.6,0.0,0.0
LowRECost_HighNGPrice,NorthernGrid_South,2050,152025470.0,34336972.0,0.0,2144299.0,188506750.0,146560143.7,51315604.0,46189480.0,47072360.0,0.0359,0.0539,0.12,112024.56,36522.6,23.4,0.4,0.04,2.8,176.6,0.01,23.4,8.0,31.5,24.9,0.5,0.05,3.0,188.3,0.01,25.0,8.6,33.6,83.2,1.6,0.16,9.8,627.2,0.04,83.3,28.5,111.8,181.8,3.4,0.34,21.5,1370.5,0.08,182.0,62.3,244.3,4432235.4,83.5,8.4,526406.6,33449.8,1.9,4437005.1,1523739.7,5960744.9,21.57,18.98,0.0,40.55,26.26,25.18,0.0,51.44,1554352.0,35899828.0,37456216.0,189389630.0,137191150.0,29240876.0,101738.8,0.0,0.0,0.0,3821997.5,12392118.0,162.2,3781284.8,6682294.5,0.0,8.1,0.0,105654450.0,27714698.0,0.0,20173.9,20.4,0.0,0.0,2154.4,14994.3,1114.2,657.3,3518.7,0.0,11.4,0.0,54308.9,0.0,9085.6,85487.2,0.0,0.0
LowRECost_HighNGPrice,NorthernGrid_West,2025,158100640.0,6216.8,176212.9,2291281.8,160574350.0,152414716.7,132030480.0,100067.2,26390682.0,0.036,0.054,0.12,80611.13,33227.5,18.3,0.3,0.03,2.8,172.0,0.02,18.3,8.0,26.3,20.6,0.4,0.04,3.1,193.0,0.02,20.6,8.9,29.5,281.3,13.6,1.81,25.8,2001.7,0.13,282.2,85.5,367.7,397.2,23.7,3.25,32.3,2498.5,0.18,398.8,106.8,505.5,3412468.6,64.3,6.4,531784.2,32133.0,3.5,3416140.8,1490307.9,4906448.8,26.39,13.83,0.0,40.22,28.0,14.86,0.0,42.86,0.0,0.0,0.0,186864980.0,28543876.0,5282.9,1228183.5,8107109.5,0.0,0.0,853512.5,8928101.0,0.0,145213.4,130574030.0,9193461.0,0.0,139720.4,3642598.5,24047764.0,0.0,20.1,205.7,0.0,0.0,682.1,6007.1,1371.8,19.5,30835.3,1151.0,2.5,314.0,1961.8,0.0,7528.0,80.2,2512.0,0.0
LowRECost_HighNGPrice,NorthernGrid_West,2030,174448350.0,15441.1,258312.0,2758940.2,177481040.0,168174908.6,113817830.0,2353785.8,33507212.0,0.036,0.054,0.12,80604.25,35392.0,7.4,0.1,0.01,1.4,56.7,0.01,7.4,3.1,10.4,6.4,0.1,0.01,0.9,48.0,0.01,6.4,2.4,8.7,34.5,1.6,0.22,3.2,205.0,0.02,34.6,9.3,43.9,408.0,36.3,5.18,22.3,1486.2,0.19,410.5,66.6,477.1,1536475.3,29.0,2.9,289147.8,11819.5,2.6,1538128.7,642083.0,2180211.7,22.88,13.42,0.0,36.3,24.25,14.39,0.0,38.64,952095.5,114039.0,1066292.6,208634480.0,63663220.0,13080.3,694166.0,6138839.5,0.0,0.0,1561202.4,4034968.5,983.0,141872.6,124545490.0,9193461.0,0.0,208400.0,6224172.5,55877836.0,0.0,20.1,133.2,0.0,0.0,1239.4,5675.3,793.6,19.5,31715.2,1151.0,0.0,314.0,3251.4,0.0,15927.1,80.2,2512.0,0.0
LowRECost_HighNGPrice,NorthernGrid_West,2035,194986430.0,23126.0,420712.1,3283103.2,198713380.0,187974581.0,104039144.0,4901291.5,40557504.0,0.036,0.054,0.12,106829.71,39188.2,6.1,0.1,0.01,1.2,46.8,0.01,6.1,2.6,8.6,4.4,0.1,0.01,0.7,33.6,0.0,4.4,1.7,6.1,18.4,0.3,0.04,2.2,138.4,0.01,18.4,6.3,24.7,191.1,3.7,0.38,22.6,1426.2,0.09,191.3,65.1,256.4,1424905.2,26.9,2.7,270474.4,10970.9,2.5,1426438.6,598100.3,2024538.9,24.09,17.79,0.0,41.89,25.54,19.12,0.0,44.66,3774466.5,2673062.8,6447740.5,234369580.0,94674230.0,19581.5,581470.0,5351195.5,0.0,0.0,2130272.2,3722230.5,0.0,130050.0,120362264.0,9193461.0,0.0,335094.7,21062036.0,71481930.0,0.0,19.4,117.9,0.0,0.0,1720.8,5538.3,748.6,19.5,31726.4,1151.0,0.0,314.0,11777.3,0.0,21291.5,77.7,2512.0,0.0
LowRECost_HighNGPrice,NorthernGrid_West,2040,214420690.0,3447.8,474889.2,3389924.8,218288940.0,206710103.9,108979950.0,7809025.0,38138184.0,0.036,0.054,0.12,101041.74,43287.4,5.7,0.1,0.01,1.1,43.9,0.01,5.7,2.4,8.1,3.9,0.1,0.01,0.6,29.8,0.0,3.9,1.5,5.4,17.1,0.3,0.03,2.0,129.2,0.01,17.2,5.9,23.0,160.9,3.0,0.3,19.0,1213.1,0.07,161.0,55.2,216.2,1415806.8,26.7,2.7,269399.6,10902.2,2.5,1417330.4,594978.4,2012308.8,22.82,17.0,0.0,39.83,24.18,18.29,0.0,42.47,6134627.5,4138980.5,10273756.0,248618110.0,109308990.0,2937.1,581470.0,5737001.5,0.0,0.0,2214890.0,3694372.0,0.0,126382.9,119597490.0,9193461.0,0.0,375989.6,26010086.0,81084020.0,0.0,2.5,117.9,0.0,0.0,1787.1,5538.3,748.6,19.5,31726.4,1151.0,0.0,314.0,14752.3,0.0,24153.9,10.0,2512.0,0.0
LowRECost_HighNGPrice,NorthernGrid_West,2045,232522140.0,3605.9,522884.2,4172705.2,237221340.0,224160727.9,101293850.0,11505822.0,48511410.0,0.036,0.054,0.12,119228.43,46963.4,4.7,0.1,0.01,0.9,36.0,0.01,4.7,2.0,6.7,3.2,0.1,0.01,0.5,24.2,0.0,3.2,1.2,4.4,20.0,0.4,0.04,2.4,150.9,0.01,20.0,6.9,26.9,150.6,2.9,0.3,17.8,1125.7,0.07,150.8,51.4,202.2,1279325.3,24.1,2.4,253277.0,9872.3,2.5,1280702.0,548148.3,1828850.3,20.79,19.99,0.0,40.78,22.03,21.55,0.0,43.58,12407488.0,6454830.5,18862318.0,274226940.0,135927490.0,3059.8,581470.0,4790137.5,0.0,0.0,2311722.8,3338053.0,2098.8,0.0,119977430.0,9193461.0,0.0,413723.6,29275872.0,104339900.0,0.0,2.5,117.9,0.0,0.0,1869.0,5061.3,2578.3,0.0,31726.4,1151.0,0.0,314.0,17142.0,0.0,32677.1,10.0,2512.0,0.0
LowRECost_HighNGPrice,NorthernGrid_West,2050,249583570.0,151256.1,569079.2,4915078.5,255218980.0,240608726.2,88650830.0,13440155.0,56885388.0,0.036,0.054,0.12,120095.91,50377.6,3.1,0.1,0.01,0.7,24.3,0.01,3.1,1.4,4.6,2.3,0.0,0.0,0.4,17.7,0.0,2.3,0.9,3.2,19.4,0.4,0.04,2.3,146.5,0.01,19.4,6.7,26.1,141.3,2.7,0.27,16.7,1065.4,0.06,141.5,48.5,189.9,930897.3,17.5,1.8,212117.1,7243.0,2.3,931899.0,428594.0,1360493.0,18.72,20.03,0.0,38.75,19.88,21.64,0.0,41.52,16937542.0,8173563.0,25111106.0,298664200.0,166568130.0,128175.2,581470.0,5594499.0,0.0,0.0,2459926.2,2441186.0,9626.4,0.0,113692750.0,9193461.0,0.0,454908.1,33926696.0,130181500.0,0.0,122.1,117.9,0.0,0.0,1979.5,4370.0,3975.0,0.0,31726.4,1151.0,0.0,314.0,19982.4,0.0,40912.2,488.4,2512.0,0.0
LowRECost_HighNGPrice,PJM_East,2025,729503100.0,5090516.0,5293846.5,4213715.5,744101200.0,703274033.5,655672450.0,2403243.2,4550572.5,0.0359,0.054,0.12,57059.25,166849.3,364.7,27.5,3.87,26.6,1874.7,0.22,366.5,82.6,449.1,384.2,29.0,4.08,28.0,1971.3,0.23,386.2,86.8,473.1,292.8,6.7,0.74,33.7,2626.7,0.13,293.2,112.0,405.2,624.4,41.3,5.82,48.1,3453.2,0.35,627.3,151.1,778.4,272121346.0,20487.0,2885.6,19882021.7,1398980.9,161.4,273519633.7,61615711.5,335135345.3,36.72,11.43,0.11,48.26,38.94,12.52,0.11,51.57,587.0,0.4,587.4,746248500.0,88428700.0,4342630.0,5811802.5,0.0,173320100.0,0.0,6581960.0,297931680.0,2615478.8,0.0,9139849.0,159425470.0,942571.9,4290225.5,44656384.0,37148876.0,41483.0,3015.4,1143.7,37922.3,0.0,4582.2,55100.1,21617.7,0.0,3160.5,19959.7,9042.1,5203.0,23248.2,12.0,11764.8,16160.2,41624.0,0.0
LowRECost_HighNGPrice,PJM_East,2030,777558660.0,7986630.5,4218302.5,5385315.5,795148900.0,749600215.4,609783740.0,41554940.0,8162558.5,0.0359,0.054,0.12,57055.8,175313.0,344.0,30.1,4.29,21.4,1283.2,0.21,346.1,59.7,405.7,348.3,30.6,4.36,21.5,1291.5,0.21,350.4,60.1,410.5,152.3,7.9,1.08,13.7,837.3,0.08,152.8,38.7,191.5,560.8,43.7,6.2,36.6,2340.5,0.28,563.8,106.4,670.2,262058202.6,22901.0,3267.9,16269983.2,977516.8,158.0,263632778.6,45443106.7,309075885.3,38.53,10.94,0.11,49.58,40.86,11.98,0.12,52.96,36798.4,1780.5,38578.9,761756540.0,185365180.0,6830473.0,4394278.0,0.0,189510140.0,0.0,11029851.0,201354510.0,1396257.5,0.0,9388861.0,159425470.0,670919.8,3420445.5,59671210.0,79350776.0,35313356.0,6665.4,951.3,30915.0,0.0,7642.3,54823.5,20937.2,0.0,3227.5,19959.7,7206.1,5203.0,30373.8,9305.5,22784.0,30760.3,41624.0,0.0
LowRECost_HighNGPrice,PJM_East,2035,847549400.0,28597274.0,6112119.5,7117689.5,889376450.0,817072975.2,478177120.0,98247064.0,16968370.0,0.0359,0.054,0.12,80688.56,191851.3,91.7,1.8,0.18,12.8,688.6,0.08,91.8,33.4,125.2,90.5,1.7,0.18,12.7,679.0,0.08,90.6,33.0,123.6,121.9,2.7,0.34,14.6,824.2,0.08,122.1,39.2,161.3,273.6,5.6,0.65,32.6,1941.7,0.16,274.0,90.5,364.5,74120200.1,1421.4,146.8,10352144.2,556478.8,66.7,74202629.4,26953417.2,101156046.6,39.52,14.33,0.0,53.85,42.41,16.04,0.0,58.45,3524482.8,1635902.0,5160385.0,808097700.0,411199330.0,24430916.0,4394278.0,0.0,0.0,0.0,15082373.0,187854770.0,5081410.0,0.0,9405458.0,159425470.0,1348449.5,4957700.0,135847650.0,176953300.0,83316000.0,22391.9,951.3,0.0,0.0,10461.9,54733.5,20937.2,0.0,3251.5,19959.7,5749.7,5203.0,69728.4,21775.5,53156.1,93666.3,41624.0,0.0
LowRECost_HighNGPrice,PJM_East,2040,922466300.0,31392022.0,6194954.0,8131162.5,968184450.0,889295306.7,500494500.0,129867880.0,23388576.0,0.0359,0.054,0.12,116280.96,208910.7,83.1,1.6,0.16,11.7,624.5,0.08,83.2,30.3,113.4,78.9,1.5,0.16,11.2,593.2,0.07,79.0,28.9,107.8,150.1,2.9,0.3,17.8,1121.3,0.07,150.3,51.2,201.5,251.0,5.1,0.58,29.9,1797.4,0.14,251.4,83.5,334.9,71573710.6,1370.0,141.0,10044159.4,538147.5,65.3,71653028.3,26098773.5,97751801.8,36.67,20.96,0.0,57.63,39.36,23.44,0.0,62.8,5924800.0,2370095.5,8294895.0,861705100.0,467689920.0,26832968.0,4341244.5,0.0,0.0,0.0,18096764.0,183147620.0,4732498.0,0.0,9396000.0,159425470.0,1116225.0,5023185.5,138542060.0,209930900.0,101120216.0,26320.2,944.1,0.0,0.0,12605.8,60473.5,21607.9,0.0,3251.5,19959.7,5166.7,5203.0,70987.9,26300.5,61563.0,105280.7,41624.0,0.0
LowRECost_HighNGPrice,PJM_East,2045,1000420000.0,40735348.0,5354366.5,9756459.0,1056266100.0,964446256.3,558446850.0,182756690.0,25333626.0,0.0359,0.054,0.12,128442.96,227469.6,78.2,1.5,0.15,11.0,589.6,0.07,78.3,28.6,106.9,70.8,1.4,0.14,10.1,533.5,0.07,70.9,26.0,96.8,143.8,2.8,0.29,17.0,1066.6,0.07,144.0,48.8,192.8,238.0,4.8,0.53,28.3,1724.9,0.13,238.3,79.7,318.1,70334287.0,1342.1,137.3,9894733.3,529991.3,64.3,70411772.3,25706041.9,96117814.2,32.69,23.27,0.0,55.96,35.11,26.2,0.0,61.32,4148686.0,2347842.2,6496528.5,898843000.0,497819300.0,34821616.0,4341244.5,0.0,0.0,0.0,21578374.0,183036050.0,4773432.5,0.0,9400105.0,159425470.0,865792.8,4360079.0,147839700.0,225267250.0,103133944.0,37161.3,944.1,0.0,0.0,15023.9,63187.1,21067.3,0.0,3251.5,19959.7,4705.9,5203.0,74486.0,26300.5,65223.3,148645.1,41624.0,0.0
LowRECost_HighNGPrice,PJM_East,2050,1069897100.0,41542176.0,5184050.5,10589569.0,1127212900.0,1031426236.9,602187260.0,215172820.0,30243436.0,0.0359,0.054,0.12,127442.71,245620.7,74.1,1.4,0.14,10.6,562.1,0.07,74.2,27.3,101.6,64.7,1.2,0.12,9.4,490.4,0.06,64.7,24.0,88.7,113.1,2.2,0.22,13.5,848.2,0.05,113.2,38.8,152.0,212.6,4.2,0.44,25.2,1565.7,0.1,212.9,71.9,284.8,69867179.0,1322.3,133.3,9962551.3,529642.6,66.2,69942967.2,25763961.9,95706929.1,30.22,23.36,0.15,53.74,32.46,26.3,0.16,58.92,4461764.0,2426523.5,6888287.0,942283600.0,525025630.0,35545716.0,4341244.5,0.0,0.0,0.0,23305422.0,183279760.0,6007748.0,0.0,9396270.0,174171310.0,305275.4,4210542.5,152295410.0,245894430.0,103530380.0,39075.2,944.1,0.0,0.0,16227.7,67078.9,27852.4,0.0,3251.5,21805.8,2200.3,5203.0,75949.3,26300.5,70086.7,156300.7,41624.0,0.0
LowRECost_HighNGPrice,PJM_West,2025,108721384.0,2254623.2,0.0,133084.1,111109096.0,104813044.6,101618936.0,1095724.0,19936332.0,0.0359,0.0539,0.12,57901.2,26283.5,76.2,1.4,0.15,15.4,724.9,0.18,76.3,37.1,113.4,86.9,1.9,0.2,16.6,807.5,0.18,87.0,40.7,127.8,375.7,18.1,2.44,34.8,2624.7,0.19,376.9,113.1,490.0,613.2,39.0,5.43,48.1,3593.4,0.31,615.8,155.3,771.1,9905243.3,187.6,18.9,2002953.0,94194.5,23.0,9916001.5,4816215.4,14732216.9,33.85,12.92,0.0,46.77,36.09,14.3,0.0,50.4,0.0,0.0,0.0,129949700.0,9490151.0,1918597.8,388265.3,0.0,0.0,0.0,171747.5,21353034.0,3338893.8,0.0,178472.8,93222180.0,60108.9,0.0,3018161.5,6300242.0,0.0,2205.0,83.0,0.0,0.0,116.6,6502.8,8146.7,0.0,59.1,11671.2,401.5,0.0,1503.6,0.0,1959.0,8840.0,0.0,0.0
LowRECost_HighNGPrice,PJM_West,2030,117765656.0,1955124.0,0.0,288908.5,120009704.0,113531812.1,84852910.0,8937321.0,33537936.0,0.0359,0.054,0.12,57901.23,27740.6,37.2,0.7,0.07,10.1,293.4,0.14,37.2,18.9,56.1,41.2,1.0,0.12,10.2,308.8,0.14,41.3,19.5,60.7,107.3,6.0,0.83,9.1,573.0,0.05,107.7,26.2,134.0,595.3,53.1,7.61,32.6,2125.3,0.3,599.0,96.0,695.0,5372466.2,101.5,10.2,1467081.3,42433.9,20.9,5378278.1,2737325.7,8115603.8,30.01,12.43,0.0,42.44,31.91,13.67,0.0,45.58,469005.5,156434.3,625439.8,144610320.0,35156788.0,1672038.0,388265.3,0.0,0.0,0.0,335169.0,13044408.0,929385.2,0.0,178472.8,93222180.0,18785.9,0.0,6613816.5,28207802.0,0.0,2205.0,83.0,0.0,0.0,231.8,6502.8,8145.1,0.0,59.1,11671.2,52.7,0.0,3312.5,0.0,7783.4,8840.0,0.0,0.0
LowRECost_HighNGPrice,PJM_West,2035,133569050.0,3862444.5,0.0,438162.8,137869660.0,128766691.1,103547100.0,17245736.0,26633872.0,0.0359,0.054,0.12,113262.21,30031.3,41.8,0.8,0.08,10.6,328.4,0.14,41.9,20.4,62.3,40.4,0.8,0.08,10.2,316.9,0.14,40.4,19.7,60.1,113.3,2.3,0.26,13.5,809.1,0.06,113.4,37.6,151.0,247.6,5.0,0.56,29.5,1787.6,0.13,247.9,82.8,330.7,6162362.1,116.5,11.7,1560472.3,48362.6,21.3,6169037.3,3007490.9,9176528.2,29.99,22.99,0.0,52.98,32.11,25.52,0.0,57.62,4704485.0,427019.6,5131504.5,147257800.0,34322556.0,3303223.2,388265.3,0.0,0.0,0.0,759581.2,14618046.0,1198118.5,0.0,178472.8,93222180.0,26946.0,0.0,6434040.5,27128934.0,0.0,3348.6,83.0,0.0,0.0,531.8,6502.8,8145.1,0.0,59.1,11671.2,52.7,0.0,3312.5,0.0,8535.0,13414.6,0.0,0.0
LowRECost_HighNGPrice,PJM_West,2040,145841920.0,3756596.5,0.0,512065.0,150110580.0,140598110.2,111435950.0,25724160.0,25257998.0,0.0359,0.054,0.12,127411.88,33169.7,36.4,0.7,0.07,9.9,287.4,0.14,36.5,18.5,54.9,30.5,0.6,0.06,8.3,240.7,0.12,30.6,15.5,46.1,78.0,1.6,0.17,9.3,566.9,0.04,78.1,26.2,104.2,210.4,4.2,0.48,25.0,1515.5,0.11,210.7,70.2,280.9,5451618.4,103.1,10.4,1476501.7,43003.3,21.0,5457527.1,2763727.1,8221254.2,27.45,25.75,0.0,53.2,29.37,28.51,0.0,57.88,5935011.5,318340.1,6253351.5,149644420.0,38674628.0,3211151.2,388265.3,0.0,0.0,0.0,1610016.1,12815193.0,1128608.8,0.0,178472.8,93222180.0,25931.2,0.0,6672193.5,30392420.0,0.0,3119.9,83.0,0.0,0.0,1126.6,6502.8,8151.2,0.0,59.1,11671.2,52.7,0.0,3312.5,0.0,9467.4,12479.7,0.0,0.0
LowRECost_HighNGPrice,PJM_West,2045,157731800.0,10336010.0,0.0,639972.2,168707790.0,152060434.7,118684840.0,39237364.0,26919014.0,0.0359,0.054,0.12,148771.59,35841.2,8.9,0.2,0.02,6.4,80.1,0.12,9.0,8.8,17.8,8.1,0.2,0.02,5.3,71.2,0.1,8.1,7.5,15.5,64.2,1.3,0.14,7.6,466.4,0.03,64.3,21.5,85.9,178.8,3.5,0.39,21.2,1304.3,0.09,179.0,60.1,239.1,1399139.6,26.4,2.6,997527.0,12523.4,19.2,1400645.3,1375961.9,2776607.2,23.57,28.29,0.0,51.86,25.52,32.49,0.0,58.01,4787448.0,728565.0,5516013.0,156389440.0,50022956.0,8843871.0,388265.3,0.0,0.0,0.0,2988806.0,3716897.5,16811.3,0.0,178472.8,93222180.0,0.0,0.0,12266202.0,34767948.0,0.0,10302.3,83.0,0.0,0.0,2036.7,2168.8,129.3,0.0,59.1,11671.2,0.0,0.0,6100.2,0.0,10078.9,41209.3,0.0,0.0
LowRECost_HighNGPrice,PJM_West,2050,167146640.0,11182235.0,0.0,743791.0,179072670.0,161136832.2,122734610.0,50747708.0,27623076.0,0.0359,0.054,0.12,141502.43,37883.1,8.3,0.2,0.02,5.9,74.2,0.11,8.3,8.2,16.5,7.1,0.1,0.01,4.6,62.2,0.09,7.1,6.5,13.6,39.8,0.8,0.09,4.7,289.8,0.02,39.9,13.4,53.3,156.4,3.1,0.33,18.6,1147.5,0.08,156.6,52.8,209.4,1293238.4,24.4,2.4,921639.0,11573.5,17.7,1294630.1,1271364.4,2565994.5,21.72,27.21,0.0,48.93,23.51,31.32,0.0,54.83,3755287.5,352446.5,4107734.0,155948030.0,56338060.0,9575348.0,388265.3,0.0,0.0,0.0,4501713.5,3432583.2,17738.9,0.0,178472.8,86017560.0,0.0,0.0,12673309.0,39163044.0,0.0,11893.0,83.0,0.0,0.0,3054.6,2168.8,129.3,0.0,59.1,10769.2,0.0,0.0,6061.4,0.0,10809.4,47572.0,0.0,0.0
LowRECost_HighNGPrice,SERTP,2025,652517760.0,2297455.8,6307702.0,637445.5,661760400.0,629056647.7,620731100.0,2656226.0,3188557.2,0.0359,0.054,0.12,91566.74,146035.0,362.8,33.0,4.73,22.5,1441.3,0.25,365.1,65.5,430.6,381.8,34.8,4.98,23.6,1515.2,0.26,384.2,68.8,453.0,523.6,31.4,4.35,42.9,3195.8,0.27,525.7,138.2,663.9,642.4,43.4,6.16,49.0,3423.9,0.38,645.3,151.1,796.5,240289990.0,21880.8,3133.4,14880078.5,954558.6,163.1,241797464.2,43370458.5,285167922.7,38.48,18.62,0.0,57.1,40.8,20.33,0.0,61.12,0.0,20.8,20.8,662292700.0,41029270.0,1962686.2,4098943.2,0.0,182874220.0,0.0,2403856.0,157487540.0,2120865.0,0.0,33546214.0,233058610.0,1002892.8,5111448.5,37176132.0,1449286.1,0.0,1774.0,631.6,32078.1,0.0,1574.2,40962.4,26531.6,0.0,12077.7,29178.4,5077.2,6475.7,18332.4,0.0,516.1,7096.0,51805.6,0.0
LowRECost_HighNGPrice,SERTP,2030,699584600.0,13528626.0,7418278.5,997126.3,721528600.0,674431152.7,590921340.0,16612378.0,5173909.0,0.0359,0.054,0.12,91533.42,156064.3,292.7,27.5,3.95,17.8,988.4,0.21,294.6,47.3,341.8,307.6,28.9,4.15,18.7,1037.7,0.22,309.6,49.6,359.2,279.4,14.6,1.98,24.6,1576.0,0.13,280.3,71.6,352.0,446.5,32.8,4.63,30.9,1975.8,0.22,448.7,89.8,538.6,207833071.9,19533.4,2802.8,12606589.2,701863.6,147.0,209180326.0,33562268.0,242742594.0,39.12,17.62,0.0,56.74,41.63,19.52,0.0,61.15,23.2,6415.8,6439.0,710090100.0,130607230.0,11533464.0,4253624.0,0.0,165414850.0,0.0,5455806.0,122525720.0,800344.3,0.0,35616892.0,233058610.0,312220.9,5967137.0,110551440.0,14599994.0,0.0,9730.6,652.6,26946.1,0.0,3582.6,45142.4,26285.7,0.0,12703.3,29178.4,4189.2,6475.7,53437.9,0.0,4588.2,38922.2,51805.6,0.0
LowRECost_HighNGPrice,SERTP,2035,784413250.0,33400330.0,14735427.0,3999150.8,836548160.0,756210335.1,413532100.0,46321380.0,49790068.0,0.0359,0.054,0.12,62077.93,172226.5,46.8,0.9,0.09,8.1,356.8,0.08,46.8,18.8,65.6,51.1,1.0,0.1,8.9,390.2,0.08,51.2,20.5,71.7,72.5,1.5,0.17,8.6,514.2,0.04,72.6,24.0,96.5,182.1,3.6,0.38,21.6,1340.8,0.09,182.3,61.6,243.9,39273626.4,746.6,75.9,6835820.4,299735.5,64.5,39316590.3,15785555.0,55102145.3,37.53,11.01,0.0,48.54,40.8,12.56,0.0,53.36,8628509.0,15676398.0,24304908.0,840016900.0,423016100.0,28485338.0,3907433.5,0.0,0.0,0.0,10551577.0,102073176.0,1974900.4,0.0,35249770.0,233058610.0,389382.6,11862153.0,225245150.0,187219360.0,0.0,21507.8,605.6,0.0,0.0,7068.7,45022.4,25666.1,0.0,12703.3,29178.4,2959.9,6475.7,114839.2,0.0,63442.0,86031.2,51805.6,0.0
LowRECost_HighNGPrice,SERTP,2040,867388740.0,51215868.0,14382302.0,4972354.0,937959230.0,836202509.2,393587650.0,52230644.0,66759544.0,0.0359,0.054,0.12,81777.92,192249.8,32.3,0.6,0.06,6.1,247.9,0.06,32.3,13.5,45.9,36.3,0.7,0.07,6.8,278.5,0.07,36.3,15.1,51.5,72.2,1.4,0.14,8.5,537.1,0.03,72.2,24.6,96.8,155.1,3.0,0.33,18.4,1140.2,0.08,155.3,52.4,207.6,30758381.0,583.5,59.1,5828193.5,236160.2,60.6,30791897.0,12882317.1,43674214.1,32.83,14.28,0.0,47.12,35.94,16.5,0.0,52.45,27213700.0,30820880.0,58034580.0,952488100.0,544371600.0,43698160.0,3907433.5,0.0,0.0,0.0,13730731.0,79839350.0,1752085.4,0.0,34043348.0,233058610.0,234156.7,11583393.0,266256670.0,264384210.0,0.0,34005.3,605.6,0.0,0.0,9270.8,45022.4,25666.1,0.0,12703.3,29178.4,2177.7,6475.7,139251.9,0.0,91981.1,136021.4,51805.6,0.0
LowRECost_HighNGPrice,SERTP,2045,949827800.0,75395720.0,13737418.0,6113087.5,1045074050.0,915678345.2,366295070.0,53106244.0,96048880.0,0.0359,0.054,0.12,108549.64,213091.2,22.2,0.4,0.04,4.6,171.7,0.05,22.3,9.7,32.0,25.8,0.5,0.05,5.3,199.2,0.06,25.8,11.2,37.1,54.3,1.1,0.11,6.4,400.3,0.03,54.4,18.4,72.7,134.3,2.6,0.28,15.9,991.6,0.07,134.4,45.5,179.9,24187907.3,458.8,46.4,5013130.1,186774.0,57.5,24214251.5,10594699.5,34808951.1,26.4,18.49,0.0,44.88,29.14,21.73,0.0,50.87,65185270.0,53032150.0,118217420.0,1088016600.0,678778940.0,64356890.0,3318172.8,0.0,0.0,0.0,16076989.0,62678904.0,1473166.9,0.0,33103148.0,233058610.0,177701.1,11071117.0,328407740.0,334294200.0,0.0,53067.0,525.6,0.0,0.0,10841.4,44132.4,25735.3,0.0,12703.3,29178.4,1865.8,6475.7,176185.9,0.0,123935.1,212268.0,51805.6,0.0
LowRECost_HighNGPrice,SERTP,2050,1024535700.0,84412270.0,11279644.0,6932665.5,1127160200.0,987701206.9,325566140.0,48457716.0,126256880.0,0.0359,0.054,0.12,112529.7,232882.2,17.1,0.3,0.03,3.8,133.0,0.05,17.1,7.8,24.9,20.2,0.4,0.04,4.4,157.0,0.05,20.2,9.1,29.4,57.7,1.1,0.11,6.9,433.1,0.03,57.8,19.8,77.6,113.2,2.2,0.22,13.4,844.1,0.05,113.3,38.6,151.9,20603512.0,389.3,39.1,4588013.1,160222.0,55.8,20625791.8,9377864.3,30003656.2,22.9,19.06,0.0,41.96,25.24,22.39,0.0,47.63,106088340.0,76502340.0,182590670.0,1204959400.0,801594050.0,72095224.0,3304914.2,0.0,0.0,0.0,19229290.0,54602264.0,885561.5,0.0,30241766.0,233058610.0,63287.7,9113682.0,362662300.0,419702430.0,0.0,63432.1,523.8,0.0,0.0,12844.6,47396.8,25048.6,0.0,12703.3,29178.4,560.3,6475.7,201017.2,0.0,162263.5,253728.3,51805.6,0.0
LowRECost_HighNGPrice,SPP_North,2025,57102880.0,2539.2,0.0,682364.7,57787784.0,55049471.5,17606332.0,2433345.5,16590493.0,0.0359,0.054,0.12,23354.1,12809.3,227.7,25.5,3.7,8.5,553.6,0.13,229.5,25.0,254.5,243.2,27.2,3.94,9.2,593.2,0.14,245.0,26.9,272.0,613.8,59.0,8.52,29.9,2124.4,0.32,617.9,93.3,711.3,831.4,82.0,11.85,38.6,2739.1,0.43,837.1,120.4,957.4,16382367.3,1831.9,266.0,610078.0,39827.4,9.3,16509574.3,1799466.3,18309040.6,29.37,4.65,0.0,34.02,31.15,5.04,0.0,36.18,85606.5,1326.0,86932.5,71944936.0,40181452.0,2167.9,50348.1,120850.0,15517570.0,0.0,56061.2,891160.2,393341.5,0.0,8627935.0,6150273.5,9832.6,0.0,544351.4,39581040.0,0.0,1.7,11.0,8315.7,0.0,33.9,678.8,3864.6,0.0,2431.1,770.0,441.2,0.0,271.9,0.0,10960.1,6.8,0.0,0.0
LowRECost_HighNGPrice,SPP_North,2030,64134456.0,2602.3,0.0,919962.8,65057016.0,61828089.0,9738471.0,7542319.0,21304456.0,0.0359,0.054,0.12,23348.64,13374.0,117.9,13.4,1.95,4.5,267.8,0.07,118.8,12.5,131.3,121.4,13.8,2.0,4.7,277.3,0.08,122.4,13.0,135.4,398.7,43.0,6.24,15.0,1019.1,0.2,401.7,45.4,447.1,560.6,57.0,8.23,24.3,1625.2,0.28,564.6,72.8,637.4,9292174.7,1056.7,153.6,353948.9,21105.2,5.8,9365594.3,984466.8,10350061.1,20.38,4.65,0.0,25.03,21.6,5.01,0.0,26.61,9041843.0,166445.1,9208288.0,78819160.0,55318550.0,2217.7,50348.1,102814.4,8936733.0,0.0,78326.6,197352.4,111597.1,0.0,7947880.0,6150273.5,1391.3,0.0,3326315.2,51913908.0,0.0,1.7,11.0,5830.6,0.0,52.0,486.0,2418.2,0.0,2583.1,770.0,52.1,0.0,1608.8,0.0,14556.8,6.8,0.0,0.0
LowRECost_HighNGPrice,SPP_North,2035,74613520.0,522095.2,0.0,1899029.6,77034650.0,71929850.4,-1497390.9,18565568.0,35247696.0,0.036,0.054,0.12,101688.24,14881.9,4.8,0.1,0.01,1.2,37.2,0.02,4.8,2.3,7.1,5.4,0.1,0.01,1.3,41.8,0.02,5.4,2.6,7.9,72.5,1.5,0.17,8.6,520.2,0.04,72.5,24.1,96.7,178.8,3.5,0.37,21.2,1320.3,0.09,179.0,60.6,239.5,447639.8,8.5,0.9,108445.5,3483.8,1.4,448131.8,212652.5,660784.3,21.5,25.48,0.0,46.98,22.76,27.22,0.0,49.98,18800674.0,1146946.9,19947620.0,93716776.0,78532040.0,447787.7,50348.1,95792.5,0.0,0.0,157296.7,561371.6,413199.7,0.0,7459963.0,6150273.5,6002.2,0.0,6896193.0,71478550.0,0.0,401.4,11.0,0.0,0.0,103.8,500.1,2725.1,0.0,2609.1,770.0,51.1,0.0,3597.1,0.0,21474.2,1605.6,0.0,0.0
LowRECost_HighNGPrice,SPP_North,2040,82424530.0,606778.8,0.0,1881203.6,84912504.0,79459978.3,-660555.8,19479556.0,34826908.0,0.036,0.054,0.12,108749.86,16447.5,3.8,0.1,0.01,1.0,29.6,0.01,3.8,1.9,5.7,4.0,0.1,0.01,1.1,31.6,0.02,4.0,2.0,6.1,40.9,0.8,0.08,4.8,302.6,0.02,40.9,13.9,54.8,151.3,3.0,0.32,18.0,1107.9,0.08,151.5,51.0,202.4,379014.4,7.2,0.7,100322.5,2972.3,1.4,379429.9,189280.3,568710.2,19.01,26.85,0.0,45.85,20.09,28.77,0.0,48.86,25837752.0,1979951.4,27817702.0,100259864.0,85573064.0,516886.5,50348.1,92926.0,0.0,0.0,287249.4,484370.3,345312.7,0.0,7042278.5,6150273.5,4401.9,0.0,8295561.5,76990260.0,0.0,465.3,11.0,0.0,0.0,187.7,501.1,2896.8,0.0,2609.1,770.0,51.1,0.0,4500.0,0.0,23562.1,1861.4,0.0,0.0
LowRECost_HighNGPrice,SPP_North,2045,89300220.0,596930.1,0.0,1896992.8,91794140.0,86088517.8,-5399265.0,17457904.0,36881416.0,0.036,0.054,0.12,93931.08,18039.1,3.0,0.1,0.01,0.9,23.5,0.01,3.0,1.6,4.5,3.2,0.1,0.01,1.0,25.2,0.01,3.2,1.7,4.9,41.6,0.8,0.08,4.9,308.1,0.02,41.6,14.1,55.7,122.0,2.4,0.25,14.4,905.8,0.06,122.1,41.5,163.6,331078.9,6.3,0.6,94651.8,2613.8,1.4,331441.4,172919.8,504361.2,15.38,22.84,0.0,38.21,16.23,24.42,0.0,40.64,42383050.0,3359464.5,45742510.0,111217650.0,97193410.0,510331.7,50348.1,84340.2,0.0,0.0,446608.0,447754.6,285060.2,0.0,6492523.0,6150273.5,3613.4,0.0,9720198.0,87026600.0,0.0,465.3,11.0,0.0,0.0,289.6,501.1,2965.8,0.0,2609.1,770.0,51.1,0.0,5612.9,0.0,29280.1,1861.4,0.0,0.0
LowRECost_HighNGPrice,SPP_North,2050,94898470.0,145138.6,0.0,1905952.4,96949560.0,91485609.3,-6296533.5,17460920.0,37043544.0,0.036,0.054,0.12,87834.35,19488.0,2.6,0.0,0.0,0.8,20.5,0.01,2.6,1.4,4.0,1.3,0.0,0.0,0.2,10.1,0.0,1.3,0.5,1.8,18.0,0.3,0.04,2.1,134.5,0.01,18.0,6.1,24.2,105.4,2.0,0.21,12.5,788.7,0.05,105.5,36.0,141.5,300368.0,5.7,0.6,91012.1,2386.8,1.4,300695.5,162510.0,463205.6,13.96,21.32,0.0,35.27,14.67,22.66,0.0,37.33,55640616.0,3898091.5,59538700.0,116532184.0,103246100.0,123703.8,50348.1,79829.4,0.0,0.0,654032.3,413626.2,254664.7,0.0,6211090.5,6150273.5,2553.1,0.0,9240181.0,93351890.0,0.0,119.3,11.0,0.0,0.0,417.3,501.1,2959.7,0.0,2609.1,770.0,24.1,0.0,5584.2,0.0,33325.2,477.1,0.0,0.0
LowRECost_HighNGPrice,SPP_South,2025,221456690.0,470046.3,962174.2,1942690.6,224831580.0,213495237.1,86234660.0,5565207.0,12472892.0,0.0359,0.0539,0.12,25023.47,51933.8,259.6,23.7,3.43,14.4,957.8,0.15,261.3,43.0,304.2,283.0,25.9,3.75,15.6,1039.4,0.17,284.8,46.6,331.5,569.9,47.0,6.8,36.1,2356.1,0.35,573.2,106.4,679.6,722.3,63.5,9.2,41.8,2746.7,0.43,726.7,123.8,850.4,60166898.9,5494.8,794.4,3334323.9,221951.0,35.6,60547518.3,9958192.6,70505710.9,31.48,5.35,0.0,36.84,33.5,5.84,0.0,39.34,6695934.0,485344.2,7181278.5,231739300.0,138596940.0,398576.2,117173.8,0.0,43722260.0,0.0,436778.6,30347100.0,1344247.8,0.0,3389200.5,9784525.0,3273987.2,765270.6,7711169.5,130449000.0,0.0,311.1,25.6,13966.8,0.0,259.5,11232.1,8892.1,0.0,1513.3,1225.0,9668.7,444.0,3228.8,0.0,37155.5,1244.4,3552.0,0.0
LowRECost_HighNGPrice,SPP_South,2030,240582370.0,518453.2,907271.8,2609670.8,244617760.0,231932692.0,36115024.0,14631987.0,25121524.0,0.0359,0.054,0.12,25137.89,54938.9,105.1,10.6,1.54,5.0,307.5,0.06,105.9,14.1,120.0,119.5,12.1,1.76,5.6,346.4,0.07,120.4,15.9,136.3,280.7,26.2,3.79,14.5,907.9,0.15,282.5,41.6,324.2,500.5,49.1,7.09,23.5,1526.9,0.26,503.9,69.0,572.9,26823297.3,2711.4,391.8,1266679.5,78444.1,15.4,27011067.0,3608524.3,30619591.3,22.51,4.56,0.0,27.07,23.96,4.94,0.0,28.9,29685876.0,5903727.5,35589604.0,255107300.0,208502740.0,441152.2,117173.8,0.0,22536024.0,0.0,888516.9,9289965.0,165370.9,0.0,3211315.5,9784525.0,335206.8,723829.8,51140540.0,156473680.0,0.0,358.3,25.6,8621.2,0.0,535.7,10710.3,3629.6,0.0,1513.3,1225.0,7232.7,444.0,23523.1,0.0,43696.0,1433.1,3552.0,0.0
LowRECost_HighNGPrice,SPP_South,2035,273279000.0,6127470.5,839943.3,4017152.0,284263550.0,263452977.9,-3662554.5,38643388.0,71099200.0,0.0359,0.054,0.12,59442.26,59694.8,12.5,0.2,0.03,1.8,92.3,0.01,12.5,4.5,17.0,14.9,0.3,0.03,2.1,110.2,0.02,14.9,5.4,20.3,52.7,1.2,0.15,6.3,354.2,0.04,52.8,16.9,69.7,174.4,3.4,0.35,20.7,1295.8,0.08,174.6,59.3,233.9,3948238.9,77.4,8.3,557068.1,29219.5,3.9,3952813.8,1428881.1,5381694.9,22.1,8.82,0.0,30.92,23.7,9.64,0.0,33.34,43703708.0,16733262.0,60436972.0,316719400.0,287926100.0,5217286.5,117173.8,0.0,0.0,0.0,1726394.2,9563134.0,133905.0,0.0,3129807.2,9784525.0,171914.9,675515.9,80271800.0,205927920.0,0.0,4896.8,25.6,0.0,0.0,1049.8,10428.3,3627.8,0.0,1513.3,1225.0,4686.0,444.0,39323.1,0.0,58003.9,19587.2,3552.0,0.0
LowRECost_HighNGPrice,SPP_South,2040,304102050.0,5924252.5,766015.2,4242518.0,315034850.0,293167662.8,-8662089.0,42915344.0,77748620.0,0.0359,0.054,0.12,56613.21,65583.7,8.7,0.2,0.02,1.3,64.7,0.01,8.7,3.2,11.9,10.3,0.2,0.02,1.5,77.1,0.01,10.3,3.8,14.2,53.5,1.1,0.12,6.4,390.6,0.03,53.6,18.0,71.6,144.1,2.8,0.3,17.1,1059.3,0.07,144.2,48.7,192.9,3031446.2,58.8,6.2,447882.2,22652.8,3.4,3034888.0,1123866.1,4158754.1,18.82,8.16,0.0,26.98,20.13,8.87,0.0,29.0,75655290.0,24506652.0,100161940.0,349868130.0,323696930.0,5041313.0,117173.8,0.0,0.0,0.0,2516468.0,7405669.0,109238.4,0.0,2999399.5,9784525.0,95249.0,618623.0,86807130.0,234373340.0,0.0,4865.7,25.6,0.0,0.0,1542.0,10243.4,3633.5,0.0,1513.3,1225.0,3883.9,444.0,44784.0,0.0,69471.3,19462.7,3552.0,0.0
LowRECost_HighNGPrice,SPP_South,2045,330939600.0,5534113.0,726534.0,4263343.0,341463580.0,319040313.4,-14671197.0,39865220.0,79085976.0,0.0359,0.054,0.12,67717.1,72361.4,6.8,0.1,0.01,1.0,50.9,0.01,6.8,2.6,9.4,7.9,0.2,0.02,1.2,59.4,0.01,7.9,3.0,10.9,50.7,1.0,0.11,6.0,368.7,0.03,50.7,17.0,67.7,117.3,2.3,0.24,13.9,868.0,0.06,117.4,39.8,157.2,2588107.0,50.2,5.3,395334.5,19377.1,3.2,2591042.6,973645.6,3564688.2,15.03,9.95,0.0,24.98,16.05,10.76,0.0,26.81,110627480.0,36789604.0,147417090.0,380684350.0,356134800.0,4705456.5,117173.8,0.0,0.0,0.0,3829211.5,6253807.5,137835.8,0.0,2885089.0,9784525.0,77858.5,587813.4,94278296.0,258027260.0,0.0,4818.5,25.6,0.0,0.0,2332.6,10123.4,3740.6,0.0,1513.3,1225.0,2933.4,444.0,51961.3,0.0,81223.6,19274.1,3552.0,0.0
LowRECost_HighNGPrice,SPP_South,2050,352964640.0,3136546.0,662800.0,4228348.5,360992320.0,340273784.6,-16868724.0,40843190.0,78844310.0,0.0359,0.054,0.12,71756.15,78983.6,5.2,0.1,0.01,0.8,39.4,0.01,5.2,2.0,7.2,6.0,0.1,0.01,1.0,45.4,0.01,6.0,2.3,8.3,48.6,0.9,0.1,5.8,361.9,0.02,48.7,16.6,65.2,98.9,1.9,0.19,11.7,741.3,0.04,99.0,33.8,132.8,2065571.2,39.2,4.0,332875.5,15724.7,2.9,2067823.4,802254.8,2870078.3,13.55,10.75,0.0,24.3,14.37,11.53,0.0,25.9,162301060.0,39176136.0,201477200.0,398993470.0,377861060.0,2679641.8,117173.8,0.0,0.0,0.0,5322473.0,5097882.0,107515.2,0.0,2794372.0,9784525.0,15987.3,535304.2,95901320.0,276637250.0,0.0,2745.4,25.6,0.0,0.0,3237.7,10079.3,3826.8,0.0,1513.3,1225.0,843.3,444.0,53151.3,0.0,95558.8,10981.6,3552.0,0.0
LowRECost_HighNGPrice,WestConnect_North,2025,74641430.0,449474.1,538009.8,394905.8,76023820.0,71956873.4,27598916.0,1034484.9,4399434.5,0.036,0.054,0.12,30884.26,14495.2,306.6,33.3,4.83,11.3,816.1,0.15,309.0,35.7,344.7,330.6,35.9,5.2,12.3,882.3,0.16,333.1,38.6,371.7,667.8,65.8,9.49,30.7,2259.6,0.33,672.3,98.1,770.4,906.4,94.0,13.6,37.5,2713.2,0.45,912.9,118.5,1031.4,24344198.3,2645.2,383.4,900094.1,64790.5,11.9,24527681.6,2834101.4,27361783.0,30.8,5.2,0.0,36.01,32.68,5.63,0.0,38.31,31367.8,234.8,31602.6,79388770.0,48424908.0,382805.4,193828.7,0.0,23062646.0,0.0,1836082.6,4315804.5,954.3,0.0,2570388.8,0.0,0.0,437435.4,8122113.0,38466710.0,0.0,411.5,28.7,6596.5,0.0,1048.9,3247.6,3177.5,0.0,940.9,0.0,520.4,580.8,3348.0,0.0,10756.4,1645.9,4646.4,0.0
LowRECost_HighNGPrice,WestConnect_North,2030,84926330.0,621700.7,996578.4,769646.0,87314250.0,81871591.5,9908849.0,5214949.5,10311576.0,0.036,0.054,0.12,30888.45,16630.2,103.8,11.2,1.62,4.0,269.6,0.05,104.6,12.0,116.6,119.2,12.8,1.86,4.5,308.3,0.06,120.1,13.7,133.8,101.8,8.0,1.13,6.5,430.1,0.05,102.4,19.4,121.8,656.1,66.2,9.55,28.7,1946.4,0.32,660.6,86.8,747.4,9596219.7,1033.2,149.6,366227.3,24909.8,4.7,9667862.5,1109822.5,10777685.1,25.29,4.9,0.0,30.19,26.97,5.31,0.0,32.28,4599945.5,45176.0,4645121.5,92410870.0,77405400.0,531050.0,158473.1,0.0,9129137.0,0.0,2966905.0,1917961.8,0.0,0.0,2469009.8,0.0,0.0,799843.6,8455104.0,65983390.0,0.0,411.5,23.9,3231.9,0.0,1704.2,2726.2,0.0,0.0,940.9,0.0,0.0,580.8,3431.4,0.0,17098.8,1645.9,4646.4,0.0
LowRECost_HighNGPrice,WestConnect_North,2035,104410870.0,676268.3,1356761.0,1329511.4,107773416.0,100654980.2,658528.2,21380458.0,27213772.0,0.036,0.054,0.12,124488.75,20780.1,7.7,0.1,0.01,1.0,58.4,0.0,7.7,2.7,10.4,9.2,0.2,0.02,1.2,69.8,0.0,9.2,3.2,12.5,67.8,1.3,0.13,8.0,507.0,0.03,67.9,23.1,91.0,186.3,3.5,0.36,22.0,1399.5,0.08,186.5,63.8,250.3,878654.0,16.6,1.7,109188.7,6637.1,0.4,879599.6,307083.6,1186683.2,25.1,18.82,0.0,43.92,26.83,20.36,0.0,47.19,13795774.0,601680.0,14397454.0,113606740.0,107114880.0,577609.4,158473.1,0.0,0.0,0.0,4008936.8,2194411.0,31422.6,0.0,2437612.2,0.0,0.0,1092313.9,19183442.0,83922504.0,0.0,410.7,23.9,0.0,0.0,2321.1,2726.2,894.2,0.0,940.9,0.0,0.0,580.8,8042.0,0.0,22930.7,1643.0,4646.4,0.0
LowRECost_HighNGPrice,WestConnect_North,2040,113585420.0,0.0,1412534.5,1334073.5,116332030.0,109499614.0,-3683312.5,20281818.0,29165540.0,0.036,0.054,0.12,65446.09,23231.2,4.9,0.1,0.01,0.6,36.7,0.0,4.9,1.7,6.6,5.8,0.1,0.01,0.7,44.0,0.0,5.8,2.1,7.9,57.7,1.1,0.11,6.8,433.3,0.03,57.8,19.7,77.5,142.4,2.7,0.28,16.9,1059.4,0.07,142.5,48.4,191.0,607983.9,11.5,1.1,77214.3,4594.5,0.3,608638.1,214210.0,822848.1,20.5,10.17,0.0,30.67,21.84,10.93,0.0,32.77,23367222.0,1204535.8,24571758.0,125215760.0,120015340.0,0.0,158473.1,0.0,0.0,0.0,4368743.0,1513080.2,29776.8,0.0,2363719.2,0.0,0.0,1135360.9,18562864.0,97083740.0,0.0,0.0,23.9,0.0,0.0,2543.1,2726.2,894.2,0.0,940.9,0.0,0.0,580.8,8022.1,0.0,27637.0,0.0,4646.4,0.0
LowRECost_HighNGPrice,WestConnect_North,2045,125035816.0,0.0,1352722.2,1374097.4,127762640.0,120538042.9,-3708181.5,19944788.0,28163158.0,0.036,0.054,0.12,87747.89,26037.1,2.9,0.1,0.01,0.4,21.8,0.0,2.9,1.0,3.9,3.4,0.1,0.01,0.4,25.5,0.0,3.4,1.2,4.6,85.0,1.6,0.16,10.0,639.6,0.04,85.0,29.1,114.2,113.4,2.2,0.22,13.4,846.9,0.05,113.6,38.7,152.2,392165.7,7.4,0.7,50187.6,2964.1,0.2,392587.7,138567.9,531155.6,16.15,13.8,0.0,29.95,17.18,14.78,0.0,31.96,37705660.0,1107911.2,38813572.0,135981010.0,131470824.0,0.0,121644.3,0.0,0.0,0.0,4812449.5,985271.8,12018.3,0.0,2305757.0,0.0,0.0,1085496.5,18607478.0,108050900.0,0.0,0.0,18.9,0.0,0.0,2787.4,2726.2,894.2,0.0,940.9,0.0,0.0,580.8,7893.7,0.0,32995.6,0.0,4646.4,0.0
LowRECost_HighNGPrice,WestConnect_North,2050,135514500.0,221791.2,1136822.8,1464415.0,138337520.0,130639832.3,-6210045.5,19074042.0,29145092.0,0.036,0.054,0.12,97384.61,28457.4,1.7,0.0,0.0,0.2,13.0,0.0,1.7,0.6,2.3,2.0,0.0,0.0,0.3,15.3,0.0,2.0,0.7,2.8,67.8,1.3,0.13,8.0,510.9,0.03,67.9,23.2,91.1,92.6,1.8,0.18,10.9,695.8,0.04,92.7,31.7,124.4,254211.5,4.8,0.5,33891.0,1923.0,0.1,254485.1,91232.4,345717.5,13.02,15.31,0.0,28.34,13.84,16.39,0.0,30.23,51037456.0,1451561.1,52489016.0,148408580.0,144547570.0,189334.9,121644.3,0.0,0.0,0.0,5352680.5,644942.5,5616.6,0.0,1984551.6,0.0,0.0,914915.0,22300574.0,116894320.0,0.0,152.3,18.9,0.0,0.0,3099.8,2614.5,894.2,0.0,940.9,0.0,0.0,580.8,9566.0,0.0,37467.3,609.1,4646.4,0.0
LowRECost_HighNGPrice,WestConnect_South,2025,126094290.0,3106637.0,238533.8,576120.6,130015576.0,121562759.3,97561060.0,3436532.5,3361958.5,0.0359,0.0539,0.12,77487.56,30909.6,285.1,25.5,3.65,17.6,1169.1,0.18,286.8,52.5,339.4,296.4,26.3,3.76,18.5,1228.4,0.19,298.3,55.1,353.4,417.3,26.1,3.62,33.1,2496.0,0.21,419.1,107.5,526.6,629.0,42.2,5.9,47.1,3562.0,0.31,631.9,153.3,785.2,37045068.7,3314.1,473.7,2291866.0,151919.6,24.0,37273149.2,6825626.1,44098775.3,36.01,16.18,0.0,52.19,38.35,17.97,0.0,56.31,95.3,0.0,95.3,129941010.0,32454522.0,2653976.8,240248.2,0.0,27165318.0,0.0,5205981.0,23880862.0,1633255.5,64042.8,10164722.0,31446268.0,47106.2,190678.8,16586275.0,10662266.0,0.0,2154.4,36.1,4501.1,0.0,2726.0,13195.0,4544.1,8.6,2803.6,3937.0,1545.0,216.3,6296.5,0.0,3262.5,8617.6,1730.4,0.0
LowRECost_HighNGPrice,WestConnect_South,2030,139696720.0,4214313.0,569367.5,1613525.5,146093920.0,134676382.1,58498700.0,3953259.2,22444126.0,0.0359,0.0539,0.12,77612.67,34696.4,138.4,13.4,1.92,8.4,449.9,0.1,139.4,21.8,161.1,149.4,14.2,2.03,9.1,498.3,0.11,150.4,24.0,174.4,83.6,4.4,0.6,7.3,470.4,0.04,83.8,21.3,105.2,576.2,47.8,6.79,34.6,2285.4,0.27,579.4,102.7,682.2,22784936.2,2197.5,315.9,1374644.6,74041.9,17.2,22936650.5,3585800.8,26522451.3,29.58,15.91,0.0,45.49,31.77,17.91,0.0,49.68,2256900.5,1939253.6,4196159.0,164584780.0,87595220.0,3584308.0,240248.2,0.0,18258960.0,697038.0,6588811.0,11349686.0,314692.9,58196.7,11279520.0,31446268.0,2597.0,455095.2,38675744.0,41633628.0,0.0,2506.5,36.1,4120.1,159.9,3465.9,12689.0,2842.5,8.6,3200.6,3937.0,842.0,216.3,15013.7,0.0,11345.8,10026.1,1730.4,0.0
LowRECost_HighNGPrice,WestConnect_South,2035,158624220.0,14261798.0,670598.8,1725043.2,175281660.0,152923650.1,53788340.0,9336828.0,23948780.0,0.0359,0.0539,0.12,53997.31,39541.9,25.7,0.5,0.05,4.5,197.6,0.04,25.8,10.4,36.2,30.7,0.6,0.06,5.3,235.1,0.05,30.7,12.3,43.0,81.8,1.6,0.16,9.7,614.2,0.04,81.8,28.0,109.8,258.6,4.9,0.49,30.6,1944.6,0.11,258.9,88.5,347.4,4885070.0,92.1,9.2,862459.6,37514.4,8.4,4890334.3,1982686.3,6873020.6,30.16,10.48,0.0,40.65,33.64,12.44,0.0,46.08,5412825.0,11215571.0,16628446.0,189893630.0,121493336.0,12134615.0,224043.6,0.0,0.0,568309.4,6831497.5,12711177.0,156852.1,52018.0,11135034.0,31446268.0,3825.0,536457.7,63452268.0,50641260.0,0.0,8438.4,33.9,0.0,159.9,3698.0,12345.0,2842.5,8.6,3200.6,3937.0,356.0,216.3,27225.2,0.0,14823.2,33753.8,1730.4,0.0
LowRECost_HighNGPrice,WestConnect_South,2040,179908740.0,21206842.0,690852.4,2012863.4,203819300.0,173443205.6,56163390.0,11511176.0,28251094.0,0.0359,0.0539,0.12,51639.63,44639.7,19.8,0.4,0.04,3.6,152.4,0.04,19.8,8.2,28.0,24.3,0.5,0.05,4.3,186.8,0.04,24.3,9.9,34.2,83.4,1.6,0.16,9.9,628.5,0.04,83.5,28.6,112.1,223.4,4.2,0.43,26.4,1681.9,0.1,223.7,76.6,300.2,4365725.6,82.3,8.2,801068.2,33611.7,8.2,4370424.2,1804930.2,6175354.4,27.3,9.9,0.0,37.2,31.25,12.07,0.0,43.32,8048993.0,21797708.0,29846726.0,220559200.0,147655900.0,18041096.0,224043.6,0.0,0.0,475079.7,6902447.0,11477208.0,53138.8,47535.4,11061226.0,31446268.0,289.3,552504.9,82526344.0,57752040.0,0.0,11294.8,33.9,0.0,159.9,3807.0,12287.0,2412.1,8.6,3200.6,3937.0,175.0,216.3,37973.0,0.0,16685.7,50391.2,1730.4,0.0
LowRECost_HighNGPrice,WestConnect_South,2045,197644130.0,30451636.0,714193.5,2328161.5,231138130.0,190541400.6,39936800.0,10743616.0,47793692.0,0.0359,0.0539,0.12,83861.75,50651.1,10.9,0.2,0.02,2.4,84.9,0.03,10.9,4.9,15.8,15.4,0.3,0.03,3.1,119.3,0.04,15.4,6.7,22.1,121.3,2.3,0.23,14.3,914.4,0.05,121.4,41.6,163.0,190.4,3.6,0.36,22.5,1433.5,0.08,190.6,65.2,255.9,2930686.8,55.2,5.5,631549.8,22781.3,7.6,2933841.7,1312496.8,4246338.6,22.7,16.0,0.0,38.7,26.59,20.14,0.0,46.73,14908179.0,36844736.0,51753064.0,268188210.0,191201330.0,25911278.0,224043.6,0.0,0.0,366499.5,7276169.0,7710821.5,27304.5,33486.7,11060981.0,31446268.0,578.6,572117.8,100800290.0,82758370.0,0.0,14695.9,33.9,0.0,159.9,3978.3,12287.0,2371.6,7.0,3200.6,3937.0,175.0,216.3,49470.0,0.0,26687.8,72554.2,1730.4,0.0
LowRECost_HighNGPrice,WestConnect_South,2050,214279330.0,48750340.0,641478.0,2508978.8,266180130.0,206579018.8,45640372.0,11917946.0,55381384.0,0.0359,0.0539,0.12,98154.29,56677.9,6.1,0.1,0.01,1.6,47.9,0.02,6.1,3.1,9.1,9.7,0.2,0.02,2.3,76.3,0.03,9.8,4.6,14.4,101.6,1.9,0.19,12.0,766.2,0.04,101.7,34.9,136.6,172.7,3.3,0.33,20.4,1302.6,0.08,172.9,59.2,232.2,1877269.4,35.4,3.5,506204.8,14833.6,7.1,1879289.6,950183.9,2829473.5,19.81,18.21,0.0,38.02,24.34,24.35,0.0,48.69,15935642.0,51077790.0,67013430.0,309643550.0,220539740.0,41472028.0,205629.2,0.0,0.0,342305.2,7821133.0,4971177.5,14000.1,0.0,10480579.0,31446268.0,0.0,514125.2,127181336.0,85194980.0,0.0,22777.6,31.4,0.0,159.9,4252.4,12234.8,2371.6,0.0,3200.6,3937.0,175.0,216.3,63556.9,0.0,27490.1,118015.4,1730.4,0.0
HighRECost_LowNGPrice,CAISO,2025,302088420.0,20585784.0,4015438.5,1226628.6,327916300.0,291230391.5,211727070.0,25775742.0,572596.5,0.0359,0.0539,0.12,148491.97,69792.5,128.1,2.4,0.25,16.3,1193.6,0.07,128.3,51.9,180.1,137.8,2.9,0.31,17.2,1259.5,0.08,137.9,54.8,192.7,211.1,6.6,0.81,22.7,1754.5,0.1,211.6,75.0,286.6,520.7,23.1,3.03,49.5,3879.2,0.23,522.2,165.2,687.4,38788745.7,735.9,74.5,4928671.6,361324.0,21.6,38831014.5,15702027.1,54533041.5,38.81,27.36,0.0,66.17,41.63,31.88,0.0,73.51,851.8,5372.6,9057.1,302713120.0,116189200.0,17497510.0,4835026.0,0.0,0.0,0.0,23869132.0,94995810.0,3550128.8,14770941.0,29476732.0,17891704.0,313041.7,3193033.0,72454100.0,19865978.0,0.0,13651.7,749.1,0.0,0.0,14167.8,19797.0,11040.1,1986.3,10220.7,2240.0,1033.5,3911.9,24382.6,0.0,6733.7,54606.8,31295.2,0.0
HighRECost_LowNGPrice,CAISO,2030,338845600.0,22172454.0,11772101.0,1359501.9,374149630.0,326665887.5,211375600.0,25823194.0,2169014.2,0.0359,0.0539,0.12,148482.13,77478.1,113.3,2.2,0.22,13.9,850.9,0.05,113.4,39.3,152.7,125.1,2.6,0.28,15.2,927.7,0.06,125.3,42.9,168.1,120.5,2.5,0.26,14.0,896.3,0.05,120.7,40.8,161.4,463.7,22.0,2.93,42.9,2748.4,0.21,465.2,124.8,590.0,39712383.9,754.8,76.7,4873385.4,298236.0,18.5,39755810.8,13765882.7,53521693.5,27.94,27.29,0.0,55.23,30.37,32.38,0.0,62.74,10027.9,744745.1,759124.5,350495460.0,162774050.0,18834684.0,4655301.5,0.0,0.0,0.0,26987060.0,99049190.0,3362519.2,21222162.0,30795188.0,0.0,379738.6,9422636.0,101542690.0,34105388.0,138903.4,13637.3,724.7,0.0,0.0,16010.2,22535.8,10927.5,2878.3,10705.1,0.0,614.6,5111.9,35072.9,60.0,11221.7,54549.2,40895.2,0.0
HighRECost_LowNGPrice,CAISO,2035,403000160.0,30322756.0,25508196.0,1725387.4,460556480.0,388514547.3,236183980.0,41730724.0,2996291.0,0.0359,0.0539,0.12,136775.15,89524.5,73.0,1.4,0.14,8.8,549.8,0.03,73.0,25.2,98.3,62.8,1.2,0.12,7.6,473.0,0.03,62.8,21.7,84.5,31.4,0.6,0.06,3.7,236.4,0.01,31.5,10.8,42.2,327.3,6.2,0.62,38.7,2463.2,0.14,327.6,112.1,439.7,30780191.2,581.8,58.5,3716126.3,231934.0,13.8,30813496.3,10631538.3,41445034.7,25.89,24.01,0.0,49.9,28.71,29.45,0.0,58.16,62284.3,1723615.2,1807707.2,421822050.0,224372510.0,25801252.0,2293102.8,0.0,0.0,0.0,24300082.0,79933736.0,921530.9,35326010.0,32645004.0,0.0,103925.7,20424994.0,146555890.0,37593356.0,15923181.0,18336.1,404.0,0.0,0.0,14417.6,22425.8,10531.6,4908.8,11283.5,0.0,614.6,10268.6,50207.5,3683.0,11976.7,73344.6,82148.5,0.0
HighRECost_LowNGPrice,CAISO,2040,459452320.0,52817280.0,26012064.0,2071716.4,540353340.0,442936919.5,268738850.0,48621790.0,5001052.0,0.0359,0.0539,0.12,131669.16,104375.7,61.4,1.2,0.12,7.4,463.1,0.03,61.5,21.2,82.7,42.8,0.8,0.08,5.2,323.1,0.02,42.9,14.8,57.7,39.5,0.7,0.07,4.7,297.5,0.02,39.5,13.5,53.0,319.9,6.1,0.61,37.8,2404.1,0.14,320.2,109.5,429.7,30502968.7,575.8,57.8,3669243.0,230017.2,13.6,30535895.5,10527467.5,41063363.0,24.72,22.95,0.3,47.97,27.75,29.0,0.33,57.09,176980.4,2163714.2,2346700.0,496732600.0,271614500.0,44953268.0,1946912.2,0.0,0.0,0.0,24301202.0,79418184.0,804250.9,44498936.0,32646828.0,0.0,63078.6,20786656.0,177022350.0,37038096.0,33252858.0,32148.1,357.0,0.0,0.0,14421.6,22425.8,10183.1,6169.5,11284.2,0.0,169.2,10268.6,60667.1,7602.0,11718.4,128592.5,82148.5,0.0
HighRECost_LowNGPrice,CAISO,2045,519194720.0,74325310.0,37250340.0,2051404.2,632821760.0,500531791.5,313867600.0,44864956.0,13104374.0,0.0359,0.0539,0.12,111492.09,119229.3,40.7,0.8,0.08,4.9,307.0,0.02,40.7,14.1,54.8,22.1,0.4,0.04,2.7,167.0,0.01,22.2,7.7,29.8,22.2,0.4,0.04,2.6,167.4,0.01,22.3,7.6,29.9,311.0,5.9,0.6,36.8,2335.5,0.14,311.4,106.4,417.8,24455996.8,461.4,46.2,2954590.2,184513.5,10.9,24482363.0,8456075.1,32938438.2,21.6,19.11,0.0,40.71,24.91,25.07,0.0,49.98,226491.4,8575004.0,8813911.0,601061200.0,318954180.0,63258630.0,1946912.2,0.0,0.0,0.0,24289686.0,64584984.0,251982.8,89471000.0,32784852.0,0.0,29985.3,29778668.0,231352110.0,30009914.0,33302476.0,45292.1,357.0,0.0,0.0,14439.4,21741.4,8948.3,12357.6,11313.1,0.0,166.4,13790.2,81812.1,7602.0,10630.4,181168.5,110321.9,0.0
HighRECost_LowNGPrice,CAISO,2050,571970240.0,79345250.0,47846836.0,2238123.8,701400450.0,551410387.5,346815360.0,68592150.0,10806203.0,0.0359,0.0539,0.12,130470.34,132836.7,34.2,0.6,0.06,4.1,258.0,0.02,34.2,11.8,46.1,22.1,0.4,0.04,2.7,167.1,0.01,22.2,7.7,29.8,22.9,0.4,0.04,2.7,172.3,0.01,22.9,7.8,30.8,315.5,6.0,0.6,37.3,2376.9,0.14,315.9,108.2,424.0,22000135.9,414.9,41.5,2664344.7,166034.2,9.8,22023837.1,7614851.8,29638688.9,21.7,22.54,0.0,44.24,25.16,29.78,0.0,54.94,107559.2,5912752.0,6041277.5,643614460.0,354585060.0,67563704.0,1946912.2,0.0,0.0,0.0,24691400.0,58603720.0,176267.0,89736550.0,32784794.0,0.0,16206.3,38201264.0,253959650.0,42500730.0,33433284.0,48620.2,357.0,0.0,0.0,14659.9,21101.8,8579.1,12380.9,11313.1,0.0,166.4,18548.2,88244.1,7602.0,13650.7,194480.8,148385.7,0.0
HighRECost_LowNGPrice,ERCOT,2025,425158500.0,8598355.0,3812.4,4491946.0,438252600.0,409876110.5,215310750.0,391180.5,1298848.2,0.0359,0.0539,0.12,107226.86,98005.9,229.7,17.1,2.42,16.5,1177.0,0.13,230.9,51.6,282.5,244.2,18.2,2.57,17.5,1251.6,0.14,245.5,54.8,300.3,405.7,14.9,1.9,41.6,3214.1,0.19,406.7,137.4,544.1,607.7,39.0,5.51,48.1,3408.6,0.35,610.4,149.7,760.1,100880781.4,7529.8,1062.7,7227452.0,516885.1,57.5,101395292.4,22646337.3,124041629.7,33.01,20.58,0.0,53.59,35.14,22.71,0.0,57.85,786314.7,841152.6,1627467.2,439160260.0,222941860.0,7285474.5,599889.2,0.0,58629164.0,0.0,4246487.0,106495240.0,1144022.5,0.0,656955.2,39777090.0,1627549.5,3038.1,91701810.0,126993550.0,0.0,7596.7,100.6,14254.2,0.0,2747.0,35645.3,8767.2,0.0,562.7,4980.0,9669.0,5.0,34348.9,0.0,37044.2,30386.6,40.0,0.0
HighRECost_LowNGPrice,ERCOT,2030,464481380.0,12870248.0,7309.8,4936653.5,482295600.0,447784783.5,187027890.0,541545.1,1375788.8,0.0359,0.0539,0.12,107200.73,104592.7,115.0,3.5,0.42,13.2,787.1,0.07,115.2,36.7,151.9,123.5,3.7,0.45,14.2,845.4,0.08,123.7,39.4,163.2,114.7,2.8,0.33,13.1,812.1,0.06,114.9,37.3,152.2,423.8,15.4,2.03,44.3,2651.0,0.24,424.8,123.4,548.2,55542960.3,1671.7,204.3,6400652.1,380276.9,34.4,55648565.4,17742308.9,73390874.3,22.55,20.01,0.0,42.56,24.21,22.23,0.0,46.44,6662774.5,14601670.0,21264446.0,483129800.0,295267700.0,10901156.0,599889.2,0.0,6282190.5,0.0,8118039.0,126833970.0,1499007.0,0.0,654264.4,39777090.0,1308713.8,5836.7,126416320.0,160733340.0,0.0,8099.8,100.6,11350.2,0.0,5291.9,41876.1,8453.4,0.0,562.7,4980.0,7439.0,5.0,51470.6,0.0,43065.2,32399.3,40.0,0.0
HighRECost_LowNGPrice,ERCOT,2035,525767580.0,13453280.0,9444.3,4477753.0,543708000.0,506867618.1,155673540.0,2646243.5,10047448.0,0.0359,0.0539,0.12,111440.47,116447.0,74.8,1.4,0.15,9.5,557.2,0.05,74.9,26.1,101.0,81.4,1.6,0.17,10.4,605.6,0.05,81.5,28.4,109.9,66.7,1.3,0.14,7.9,487.4,0.03,66.8,22.5,89.3,286.5,5.7,0.63,34.0,2081.7,0.15,286.8,96.1,382.9,41219947.5,795.4,83.0,5250289.6,307071.5,27.4,41266321.2,14408507.9,55674829.1,20.35,20.02,0.0,40.37,21.93,22.09,0.0,44.02,15190587.0,45939484.0,61130070.0,551109250.0,388034530.0,11417011.0,599889.2,0.0,0.0,0.0,9109899.0,108391530.0,1235027.2,0.0,638569.6,39777090.0,1008104.5,7520.6,159824160.0,219100460.0,0.0,8092.6,100.6,0.0,0.0,5931.9,47521.2,7969.9,0.0,562.7,4980.0,6789.0,5.0,75332.4,0.0,61991.6,32370.2,40.0,0.0
HighRECost_LowNGPrice,ERCOT,2040,587656260.0,10768774.0,10953.9,4422431.0,602858430.0,566530895.9,188448620.0,2572926.5,8291817.0,0.0359,0.0539,0.12,123898.0,130783.0,85.6,1.6,0.16,10.7,644.6,0.05,85.7,29.9,115.6,91.5,1.7,0.18,11.5,688.8,0.05,91.6,32.0,123.6,119.7,2.3,0.23,14.2,896.7,0.05,119.8,40.9,160.7,284.8,5.5,0.57,33.7,2122.6,0.13,285.1,97.0,382.1,52091131.7,988.1,100.0,6526521.4,392279.8,31.1,52147882.5,18224952.7,70372835.2,20.16,23.26,0.0,43.42,21.73,25.54,0.0,47.27,12308602.0,45461724.0,57770330.0,608577340.0,414409800.0,9148273.0,599889.2,0.0,0.0,0.0,9412345.0,141439520.0,2185554.0,0.0,654075.0,39777090.0,354383.7,8731.4,177466370.0,227531090.0,0.0,6474.4,100.6,0.0,0.0,6112.9,63278.4,17986.8,0.0,562.7,4980.0,5521.0,5.0,81809.3,0.0,63786.9,25897.6,40.0,0.0
HighRECost_LowNGPrice,ERCOT,2045,636407200.0,10098623.0,12675.2,4292293.5,650810750.0,613529781.9,189161140.0,2950171.8,10084957.0,0.0359,0.0539,0.12,116546.46,143357.6,81.2,1.5,0.16,10.2,610.6,0.05,81.3,28.4,109.6,86.8,1.7,0.17,10.9,652.5,0.05,86.9,30.3,117.2,112.5,2.1,0.22,13.3,845.3,0.05,112.6,38.5,151.1,258.2,4.9,0.51,30.5,1930.9,0.12,258.5,88.1,346.6,53406895.0,1014.6,103.0,6683054.3,401771.3,31.8,53465244.0,18664526.8,72129770.8,18.91,22.07,0.0,40.98,20.36,24.14,0.0,44.5,18328498.0,68105220.0,86433710.0,657945540.0,461649600.0,8585641.0,599889.2,0.0,0.0,0.0,10141234.0,143030900.0,3196800.0,0.0,652456.3,39777090.0,443024.1,10124.0,198326510.0,253181860.0,0.0,5971.2,100.6,0.0,0.0,6570.0,64513.5,17916.0,0.0,562.7,4980.0,3273.2,5.0,98247.9,0.0,71042.5,23884.9,40.0,0.0
HighRECost_LowNGPrice,ERCOT,2050,681292600.0,26096440.0,13145.2,4017604.8,711419800.0,656802502.1,220286880.0,3790845.2,7343851.0,0.0359,0.0539,0.12,114770.97,158003.7,81.5,1.5,0.15,10.1,616.2,0.05,81.6,28.5,110.2,88.5,1.7,0.17,11.0,668.5,0.05,88.6,30.9,119.5,109.3,2.1,0.21,12.9,824.7,0.05,109.4,37.5,147.0,272.0,5.2,0.52,32.2,2046.1,0.12,272.3,93.2,365.5,58301032.2,1099.8,110.2,7256589.2,440535.4,33.3,58363884.6,20393647.3,78757531.9,18.01,22.25,0.0,40.25,19.67,24.94,0.0,44.61,14904851.0,104882000.0,119786856.0,714972800.0,491132930.0,22176100.0,599889.2,0.0,0.0,0.0,12781990.0,156423940.0,4136694.5,0.0,655096.4,39777090.0,60599.4,10491.6,239046050.0,239304880.0,0.0,15230.8,100.6,0.0,0.0,8283.3,66516.5,30185.5,0.0,562.7,4980.0,1259.2,5.0,126481.8,0.0,65705.0,60923.2,40.0,0.0
HighRECost_LowNGPrice,FRCC,2025,271088480.0,275938.2,0.0,38779.1,271403200.0,261346536.3,244922190.0,1174546.2,167659.2,0.0359,0.0539,0.12,127216.81,65740.5,351.3,16.1,2.12,34.7,2574.1,0.19,352.4,111.4,463.8,364.8,16.7,2.22,35.9,2667.7,0.19,365.9,115.5,481.3,392.8,7.9,0.84,46.2,3588.6,0.18,393.3,153.1,546.4,440.6,10.5,1.23,50.8,3822.6,0.23,441.2,164.8,606.1,95001379.2,4344.6,574.5,9371148.7,696017.3,50.2,95287676.1,30126158.5,125413834.6,42.37,26.1,0.0,68.47,44.85,28.11,0.0,72.96,0.0,0.0,0.0,270396320.0,26481000.0,235940.0,3635373.5,0.0,26695728.0,0.0,2637801.0,181804240.0,1562505.4,0.0,216437.4,29281690.0,483383.9,0.0,23843200.0,0.0,0.0,259.7,672.4,3764.2,0.0,1668.1,38738.5,8903.1,0.0,54.5,3666.0,4583.5,0.0,9294.3,0.0,0.0,1038.9,0.0,0.0
HighRECost_LowNGPrice,FRCC,2030,295049900.0,585418.2,0.0,39928.6,295675230.0,284446937.9,267092020.0,646282.5,675178.0,0.0359,0.0539,0.12,127214.44,69467.1,304.1,8.1,0.94,35.3,2163.1,0.16,304.6,99.8,404.3,315.7,8.4,0.98,36.6,2245.7,0.16,316.2,103.6,419.9,338.2,6.4,0.64,39.9,2549.7,0.15,338.5,116.0,454.5,448.3,15.4,1.94,46.9,2963.6,0.21,449.3,135.3,584.6,89909627.7,2402.3,278.8,10433437.3,639648.1,46.2,90057340.8,29507559.6,119564900.4,31.1,26.3,0.0,57.4,32.93,28.38,0.0,61.31,0.0,0.0,0.0,295704130.0,28583204.0,498480.1,3694621.5,0.0,7489443.0,0.0,3783816.5,224676820.0,1190738.0,0.0,229464.0,29281690.0,59700.4,0.0,24799386.0,0.0,0.0,353.2,680.4,3764.2,0.0,2392.1,47676.8,10394.9,0.0,57.5,3666.0,4161.5,0.0,9666.8,0.0,0.0,1412.9,0.0,0.0
HighRECost_LowNGPrice,FRCC,2035,330842620.0,518620.6,0.0,140979.0,331502200.0,318953400.5,252248800.0,1891683.8,520345.4,0.0359,0.0539,0.12,122516.91,77729.2,237.5,4.5,0.45,29.4,1794.5,0.12,237.8,82.9,320.7,246.1,4.6,0.46,30.5,1859.4,0.13,246.4,86.0,332.4,226.0,4.3,0.43,26.7,1701.9,0.1,226.3,77.5,303.7,368.0,7.0,0.71,43.5,2761.1,0.16,368.4,125.8,494.2,78420458.9,1478.7,148.0,9716754.6,592426.0,40.7,78504933.2,27382175.1,105887108.3,32.36,25.05,0.0,57.41,34.28,26.98,0.0,61.26,0.0,69422.3,69422.3,330130880.0,79253410.0,440385.6,3694621.5,0.0,0.0,0.0,4649964.0,216220880.0,968749.3,0.0,229464.0,29281690.0,41697.1,0.0,74603450.0,0.0,0.0,344.6,680.4,0.0,0.0,2940.9,58343.8,10297.9,0.0,57.5,3666.0,3929.5,0.0,29052.7,0.0,0.0,1378.3,0.0,0.0
HighRECost_LowNGPrice,FRCC,2040,372987650.0,148792.3,0.0,306652.9,373443100.0,359583936.5,270110180.0,3058153.2,932437.8,0.0359,0.0539,0.12,126643.59,88067.4,226.1,4.3,0.43,27.9,1708.2,0.12,226.4,78.9,305.3,233.9,4.4,0.44,28.9,1766.9,0.12,234.2,81.6,315.8,210.8,4.0,0.4,24.9,1589.7,0.09,211.0,72.3,283.3,342.7,6.5,0.66,40.5,2577.4,0.15,343.1,117.4,460.4,83971353.0,1583.5,158.5,10372570.9,634279.5,43.2,84061815.2,29285885.8,113347700.9,31.66,26.16,0.0,57.82,33.54,28.17,0.0,61.71,0.0,634231.8,634231.8,371317400.0,103332930.0,126724.8,3694621.5,0.0,0.0,0.0,4806534.0,233850980.0,752396.1,0.0,229464.0,29281690.0,48583.4,0.0,98526390.0,0.0,0.0,93.5,680.4,0.0,0.0,3055.1,68478.7,12055.9,0.0,57.5,3666.0,3744.2,0.0,38563.9,0.0,0.0,374.0,0.0,0.0
HighRECost_LowNGPrice,FRCC,2045,414660220.0,0.0,0.0,452887.8,415113120.0,399759023.0,288471580.0,4598733.5,1647791.9,0.0359,0.0539,0.12,122788.78,98629.6,218.8,4.1,0.41,26.8,1652.7,0.11,219.0,76.1,295.1,226.3,4.3,0.43,27.8,1709.1,0.11,226.5,78.7,305.2,226.1,4.3,0.43,26.7,1705.5,0.1,226.3,77.6,303.9,321.7,6.1,0.61,38.0,2421.9,0.14,322.0,110.2,432.2,90178430.1,1700.0,170.1,11054853.9,681171.9,45.6,90275524.3,31366222.0,121641746.3,29.97,25.59,0.0,55.56,31.74,27.56,0.0,59.31,0.0,2280793.0,2280793.0,412162180.0,126641510.0,0.0,3179018.0,0.0,0.0,0.0,5466445.5,251816420.0,989235.1,0.0,229464.0,29281690.0,24815.2,0.0,121175064.0,0.0,0.0,0.0,610.4,0.0,0.0,3516.5,76405.8,16054.8,0.0,57.5,3666.0,3272.2,0.0,48002.2,0.0,0.0,0.0,0.0,0.0
HighRECost_LowNGPrice,FRCC,2050,456684600.0,0.0,0.0,629914.8,457314500.0,440273340.2,301653820.0,5190925.5,3635604.5,0.0359,0.0539,0.12,118969.62,109670.4,207.9,3.9,0.39,25.4,1570.7,0.1,208.1,72.3,280.4,215.7,4.1,0.41,26.4,1629.4,0.11,215.9,75.0,290.9,206.8,3.9,0.39,24.4,1560.0,0.09,207.1,71.0,278.0,283.0,5.3,0.54,33.4,2133.8,0.12,283.3,97.1,380.4,94760550.5,1786.0,178.6,11595887.8,715850.2,47.5,94862533.6,32941203.4,127803737.0,26.85,25.0,0.0,51.84,28.44,26.94,0.0,55.38,0.0,7053766.5,7053766.5,455759170.0,155660660.0,0.0,3179018.0,0.0,0.0,0.0,7095712.0,266598880.0,805674.0,0.0,229426.3,29281690.0,3827.1,0.0,148564940.0,0.0,0.0,0.0,610.4,0.0,0.0,4603.5,89877.4,15161.8,0.0,57.5,3666.0,2267.1,0.0,60505.0,0.0,0.0,0.0,0.0,0.0
HighRECost_LowNGPrice,ISONE,2025,129221030.0,324336.5,1455015.9,672316.0,131672700.0,124575031.4,106520970.0,188764.8,310247.9,0.0359,0.054,0.12,28559.88,31551.0,150.2,2.9,0.3,21.5,1386.0,0.12,150.4,62.8,213.2,158.3,3.1,0.32,22.6,1460.0,0.13,158.5,66.2,224.7,223.3,4.8,0.57,26.7,1908.7,0.14,223.6,83.6,307.2,425.5,10.1,1.26,50.0,3541.6,0.27,426.1,155.6,581.7,19800724.7,382.4,40.0,2829436.4,182670.2,15.7,19823033.0,8277292.4,28100325.4,37.15,5.82,0.0,42.97,39.36,6.38,0.0,45.74,510263.5,925700.5,1435964.0,131794190.0,25151734.0,276194.4,5986378.0,15040995.0,0.0,0.0,5665313.0,50192050.0,417392.3,0.0,6936017.0,26081950.0,544464.2,1167012.6,5524616.0,7680649.0,6281157.0,246.2,979.2,486.0,0.0,4349.7,13615.9,2132.7,0.0,1959.1,3265.4,5115.3,1830.4,3030.0,1577.7,2439.7,984.7,14643.2,0.0
HighRECost_LowNGPrice,ISONE,2030,141726900.0,599256.6,2155953.8,610435.2,145092540.0,136630937.2,89451820.0,764051.8,1268144.4,0.0359,0.054,0.12,28560.25,34348.6,90.3,1.8,0.19,13.8,674.0,0.09,90.5,34.0,124.4,96.1,1.9,0.2,14.7,715.7,0.09,96.2,36.1,132.2,173.1,3.9,0.5,20.8,1149.7,0.13,173.4,55.1,228.5,371.8,8.5,1.04,43.8,2556.3,0.23,372.4,120.1,492.4,13154250.1,255.4,27.0,2016039.5,98128.2,12.5,13169222.5,4943684.5,18112906.9,22.67,5.46,0.0,28.13,24.13,5.99,0.0,30.12,2080658.4,1144274.9,3224933.2,145596620.0,55640710.0,507144.4,5308728.0,15691648.0,0.0,0.0,7571153.5,33029148.0,473468.3,0.0,6700064.0,26081950.0,443074.6,1720692.8,7338584.0,11434036.0,29296934.0,458.6,887.2,0.0,0.0,5750.0,12347.0,1804.7,0.0,1963.8,3265.4,1634.7,1801.0,3984.7,7502.0,3533.7,1834.3,14408.0,0.0
HighRECost_LowNGPrice,ISONE,2035,158267180.0,600311.6,2520011.5,630518.4,162018020.0,152576203.1,91420776.0,1962089.6,5306663.5,0.0359,0.054,0.12,134309.19,38390.1,90.2,1.8,0.19,12.9,666.4,0.08,90.3,32.8,123.1,81.7,1.6,0.18,11.8,600.0,0.07,81.8,29.7,111.5,85.8,1.7,0.17,10.2,637.2,0.04,85.9,29.2,115.0,397.4,8.6,1.07,47.7,2704.7,0.27,397.9,128.4,526.3,14914708.6,292.8,31.5,2137047.2,110195.3,13.3,14932037.2,5424488.4,20356525.6,26.42,25.46,3.35,55.27,28.21,27.92,3.52,59.69,613585.9,249944.7,863530.6,165362600.0,70597250.0,507724.1,3461395.5,16993910.0,0.0,0.0,8314327.0,36620544.0,839741.4,0.0,7558498.5,26081950.0,689219.4,2012363.0,7881040.0,18323840.0,36078040.0,426.3,636.4,0.0,0.0,6026.5,12979.4,2559.6,0.0,1991.8,3265.4,1489.7,1801.0,3984.7,9186.0,4941.0,1705.0,14408.0,0.0
HighRECost_LowNGPrice,ISONE,2040,176392830.0,388791.9,2383271.5,750691.1,179915580.0,170049926.7,77342030.0,4434474.5,20145142.0,0.0359,0.054,0.12,134370.94,42712.1,75.0,1.5,0.16,10.7,555.7,0.07,75.1,27.2,102.3,46.2,0.9,0.1,6.6,337.5,0.04,46.3,16.6,62.9,54.1,1.0,0.11,6.4,404.7,0.02,54.2,18.5,72.7,327.0,6.8,0.79,39.0,2311.9,0.19,327.5,108.0,435.4,14675160.6,287.0,30.7,2087245.4,108702.0,13.0,14692089.9,5330103.3,20022193.2,23.99,25.25,19.54,69.48,25.63,27.61,20.76,74.7,4682667.0,278291.7,4960959.0,195626240.0,102573550.0,330243.2,2924431.8,17208386.0,0.0,0.0,8536736.0,33971570.0,2591630.8,0.0,7425230.5,26081950.0,617547.6,1901709.2,8239294.5,33727160.0,52070356.0,268.8,563.5,0.0,0.0,6172.7,13847.5,9501.4,0.0,2002.5,3265.4,1489.7,1801.0,4178.4,13920.4,9729.1,1075.3,14408.0,0.0
HighRECost_LowNGPrice,ISONE,2045,193680260.0,356453.4,2560840.5,843837.1,197441390.0,186715710.8,77998070.0,6107249.0,25299470.0,0.0359,0.054,0.12,134477.42,47032.9,73.5,1.4,0.15,10.3,551.0,0.06,73.6,26.7,100.3,31.7,0.6,0.06,4.6,237.0,0.03,31.8,11.6,43.4,39.6,0.8,0.08,4.7,297.6,0.02,39.6,13.6,53.2,309.6,6.1,0.67,36.8,2256.8,0.16,310.0,104.1,414.0,15926481.9,306.0,31.7,2232002.7,119361.1,13.1,15944251.0,5792540.8,21736791.8,22.15,25.24,24.16,72.17,23.68,27.55,25.7,77.56,5827430.0,395276.2,6222706.0,216633600.0,119443310.0,302568.2,2924431.8,17018924.0,0.0,0.0,8989290.0,38125604.0,2855010.8,0.0,7495521.0,26081950.0,342566.8,2043718.6,8510093.0,42310576.0,59633350.0,245.0,563.5,0.0,0.0,6496.4,15712.5,10966.1,0.0,2007.3,3265.4,1435.2,1801.0,4349.8,15842.6,12659.3,980.0,14408.0,0.0
HighRECost_LowNGPrice,ISONE,2050,208983650.0,367086.5,2854919.2,979602.4,213185260.0,201468902.6,69025150.0,7004221.5,34017588.0,0.0359,0.054,0.12,127675.43,51041.3,62.9,1.2,0.13,8.9,470.9,0.05,63.0,22.9,85.9,13.7,0.3,0.03,2.2,102.8,0.02,13.7,5.2,19.0,24.1,0.5,0.05,2.8,179.4,0.01,24.1,8.2,32.3,311.3,6.1,0.64,36.9,2300.0,0.15,311.7,105.5,417.2,15111860.0,291.0,30.3,2136050.2,113102.9,12.8,15128798.6,5510008.5,20638807.1,19.73,23.66,29.63,73.44,21.09,25.83,31.51,78.84,6106324.0,1386375.8,7492699.0,240198620.0,144160110.0,311326.6,2924431.8,17595140.0,0.0,0.0,9812398.0,36037876.0,2912926.0,0.0,7528301.5,26081950.0,364738.5,2281828.0,16964948.0,56784310.0,60598452.0,245.0,563.5,0.0,0.0,7094.0,14492.8,12620.3,0.0,2009.3,3265.4,802.7,1801.0,9241.0,16021.7,16841.0,980.0,14408.0,0.0
HighRECost_LowNGPrice,MISO_Central,2025,317955460.0,36772.4,1954813.2,1931948.2,321878980.0,306524478.9,251341490.0,23656060.0,5952913.5,0.0359,0.054,0.12,114589.11,70641.3,502.3,51.8,7.49,22.6,1518.6,0.28,505.9,67.9,573.8,489.2,50.1,7.25,22.8,1503.5,0.28,492.7,67.6,560.3,205.5,10.8,1.53,18.9,1255.1,0.14,206.2,56.3,262.5,778.7,68.7,9.89,44.1,3076.0,0.43,783.5,135.9,919.3,152786659.8,15749.9,2279.0,6875418.1,461923.6,85.5,153878159.4,20664095.7,174542255.1,35.68,22.98,0.45,59.12,37.82,24.97,0.48,63.27,950.4,16.3,966.7,304175840.0,70537496.0,31396.6,2190484.5,3057940.2,133645300.0,0.0,510929.6,45218492.0,1712331.2,0.0,1715114.6,42109404.0,2369071.8,1588813.6,16006642.0,54019930.0,0.0,29.1,375.0,30561.8,0.0,351.8,11721.7,11720.1,0.0,489.6,5272.0,3817.1,2614.8,7042.9,0.0,16581.9,116.4,20918.4,0.0
HighRECost_LowNGPrice,MISO_Central,2030,339330270.0,191128.9,2138695.8,2155508.8,343815580.0,327129702.1,211795870.0,31505172.0,10087186.0,0.0359,0.054,0.12,114579.74,73782.1,244.1,17.2,2.43,19.2,1091.7,0.16,245.2,51.8,297.0,228.8,16.1,2.28,18.3,1028.9,0.16,229.9,49.0,278.9,271.1,10.7,1.43,27.6,1650.8,0.15,271.8,76.8,348.6,565.7,36.3,5.14,44.9,2668.4,0.33,568.2,124.5,692.7,78684292.9,5536.2,785.0,6191906.9,351966.6,52.2,79063572.1,16694754.4,95758326.4,27.96,21.43,1.07,50.46,29.66,23.24,1.13,54.02,91358.6,28306.9,119665.4,322397600.0,132019710.0,163730.9,2190484.5,5118014.0,42002596.0,0.0,639363.3,87332080.0,2478312.2,0.0,1772427.4,42109404.0,5483399.5,1727450.2,37641428.0,93738930.0,0.0,206.6,375.0,20616.6,0.0,437.5,17661.6,11469.9,0.0,510.6,5272.0,4416.2,2614.8,16282.7,0.0,25936.6,826.4,20918.4,0.0
HighRECost_LowNGPrice,MISO_Central,2035,371663940.0,587241.2,3305858.5,3121567.5,378678620.0,358299814.0,119943530.0,24335716.0,56916468.0,0.0359,0.054,0.12,121639.24,81310.8,92.6,1.9,0.22,12.1,663.1,0.07,92.7,31.9,124.5,80.9,1.6,0.18,10.6,589.1,0.06,81.0,28.2,109.2,104.1,2.1,0.22,12.4,762.7,0.05,104.2,35.1,139.3,339.1,7.1,0.85,40.5,2363.9,0.21,339.5,111.0,450.5,38067711.5,776.8,88.9,4967265.2,272715.8,30.2,38115138.1,13102435.4,51217573.5,24.83,22.15,0.0,46.98,26.43,24.09,0.0,50.52,2280705.8,605822.4,2886528.0,411259360.0,258735070.0,500622.6,1819986.8,4923861.5,0.0,0.0,651074.0,89991280.0,4846347.0,0.0,1763581.2,42109404.0,3890577.5,2678615.0,61680820.0,196403200.0,0.0,382.2,324.7,0.0,0.0,444.8,24402.0,16816.2,0.0,510.6,5272.0,4285.9,2614.8,26868.8,0.0,55646.3,1528.8,20918.4,0.0
HighRECost_LowNGPrice,MISO_Central,2040,402937660.0,823879.6,3495695.5,3394340.5,410651600.0,388448450.8,122323110.0,28436534.0,71808470.0,0.0359,0.054,0.12,120186.79,89385.4,92.6,1.8,0.2,11.9,679.1,0.07,92.7,32.2,124.9,51.1,1.0,0.1,6.7,385.1,0.04,51.2,18.2,69.4,95.8,1.9,0.2,11.4,700.7,0.05,95.9,32.3,128.1,315.7,6.4,0.74,37.6,2252.5,0.18,316.1,104.8,420.9,42044344.0,830.2,90.2,5401648.5,308341.8,30.0,42093698.5,14598416.8,56692115.3,24.39,22.12,0.0,46.51,25.96,24.07,0.0,50.03,1872834.2,701309.1,2574143.2,454023520.0,288328480.0,701946.7,1282286.4,4186334.5,0.0,0.0,676717.0,106600460.0,3709046.5,0.0,1766678.4,42109404.0,2511190.2,2827698.5,87194430.0,200457330.0,0.0,504.2,251.7,0.0,0.0,461.6,29802.0,18662.5,0.0,510.6,5272.0,4235.6,2614.8,37908.9,0.0,56539.4,2016.8,20918.4,0.0
HighRECost_LowNGPrice,MISO_Central,2045,432635600.0,2990067.2,3727879.2,3917696.5,443271230.0,417078376.8,98765300.0,35739144.0,104291570.0,0.0359,0.054,0.12,112503.11,96074.8,82.5,1.6,0.18,10.6,604.6,0.06,82.6,28.6,111.3,44.6,0.8,0.09,5.9,335.9,0.03,44.6,15.9,60.6,97.8,1.9,0.2,11.6,719.9,0.05,97.9,33.1,131.0,298.5,6.0,0.68,35.5,2145.9,0.16,298.9,99.5,398.4,42235514.5,835.0,90.9,5425029.5,309467.4,30.2,42285206.9,14655391.8,56940598.7,22.37,20.65,0.0,43.02,23.88,22.59,0.0,46.46,4874831.0,2868322.2,7743153.0,511823680.0,344505950.0,2550556.5,1282286.4,3271979.8,0.0,0.0,740341.2,106297900.0,4464277.0,0.0,1768623.6,42109404.0,2563446.2,3009237.2,109460880.0,234304720.0,0.0,1639.1,251.7,0.0,0.0,508.0,28336.8,19085.1,0.0,510.6,5272.0,4085.0,2614.8,48484.7,0.0,66918.7,6556.2,20918.4,0.0
HighRECost_LowNGPrice,MISO_Central,2050,457002940.0,5953016.5,3719475.2,4135404.5,470810880.0,440569792.6,96176536.0,40638108.0,126173580.0,0.0359,0.054,0.12,115972.57,101147.8,82.8,1.6,0.17,10.5,614.6,0.06,82.9,28.9,111.7,44.7,0.8,0.09,5.8,337.8,0.03,44.7,15.9,60.7,95.6,1.8,0.19,11.3,711.6,0.04,95.7,32.6,128.3,291.7,5.8,0.63,34.6,2128.5,0.15,292.0,98.1,390.1,46049425.0,892.8,94.0,5866299.0,341930.2,30.6,46101687.3,16064179.1,62165866.4,20.77,21.27,0.0,42.04,22.23,23.42,0.0,45.65,6010699.5,6262863.5,12273563.0,556346400.0,374634340.0,5071184.5,1282286.4,2859394.8,0.0,0.0,927695.2,119721790.0,4223302.5,0.0,1770462.2,42109404.0,1681122.2,2993068.2,145455070.0,228251600.0,0.0,3396.2,251.7,0.0,0.0,635.9,31630.6,21548.3,0.0,510.6,5272.0,3019.2,2614.8,65439.3,0.0,65381.7,13584.9,20918.4,0.0
HighRECost_LowNGPrice,MISO_North,2025,230686300.0,83687.8,0.0,1826044.4,232596050.0,222391650.0,147069490.0,18780512.0,4159820.5,0.0359,0.054,0.12,114773.67,48470.1,330.7,32.0,4.61,17.2,1154.4,0.19,332.9,51.6,384.5,340.6,33.1,4.78,17.5,1174.7,0.19,342.9,52.5,395.5,275.1,19.4,2.76,20.1,1421.2,0.16,276.5,62.5,339.0,783.2,72.6,10.46,40.9,2888.1,0.41,788.2,127.0,915.2,72075456.0,6967.9,1004.2,3740226.0,251631.1,41.1,72557234.0,11250053.3,83807287.3,36.03,22.56,0.01,58.6,38.18,24.35,0.01,62.55,11910.3,188.9,12099.2,217975340.0,85526560.0,71333.4,2158853.0,8210837.0,60132570.0,0.0,1335443.5,30735220.0,2611099.0,0.0,4494981.5,22761602.0,1272301.1,0.0,8274045.5,75917070.0,0.0,69.3,351.7,11629.9,0.0,942.1,7633.3,7105.3,0.0,925.4,2849.7,2482.6,0.0,3821.2,0.0,21422.4,277.0,0.0,0.0
HighRECost_LowNGPrice,MISO_North,2030,256627100.0,239255.1,0.0,2274962.5,259141330.0,247399334.4,122879410.0,13703294.0,12806752.0,0.0359,0.054,0.12,114795.45,51943.2,182.3,13.8,1.96,13.2,785.0,0.11,183.2,36.6,219.8,189.5,14.4,2.04,13.7,815.2,0.11,190.5,38.1,228.5,193.3,5.9,0.71,20.9,1325.9,0.09,193.7,60.4,254.1,602.5,48.3,6.91,38.5,2376.0,0.33,605.8,109.4,715.2,47072474.7,3572.4,505.4,3407216.6,202729.7,28.2,47316904.5,9456257.0,56773161.5,25.58,21.39,0.03,47.0,27.12,22.96,0.03,50.11,2238199.0,152755.2,2390954.0,258244780.0,136261920.0,204451.6,1436489.4,14036115.0,28874604.0,0.0,1692336.6,46551670.0,2347839.5,0.0,4644957.0,22761602.0,1125133.1,0.0,25655704.0,108913880.0,0.0,187.6,240.0,10756.9,0.0,1200.2,10855.1,6356.5,0.0,953.4,2849.7,1519.4,0.0,11929.3,0.0,28174.3,750.3,0.0,0.0
HighRECost_LowNGPrice,MISO_North,2035,290110820.0,233877.8,0.0,2404028.0,292748740.0,279677526.5,127248270.0,22358696.0,12601720.0,0.036,0.054,0.12,119486.74,58663.2,98.9,1.9,0.2,12.6,739.4,0.06,99.0,34.7,133.7,88.3,1.7,0.18,11.2,659.2,0.05,88.4,30.8,119.2,130.9,2.5,0.27,15.5,970.2,0.06,131.0,44.4,175.5,292.9,5.8,0.64,34.8,2130.9,0.15,293.2,98.3,391.5,27992663.5,537.3,55.6,3568749.4,209248.8,17.7,28023842.7,9809202.5,37833045.3,22.92,23.37,0.47,46.77,24.31,25.05,0.5,49.87,8929246.0,562610.0,9491856.0,282991740.0,165500460.0,199440.9,1436489.4,13253707.0,0.0,0.0,1749576.8,70555010.0,3996709.5,0.0,4621799.0,22761602.0,666540.4,0.0,25254236.0,138496640.0,0.0,187.4,240.0,0.0,0.0,1247.4,20630.8,12222.2,0.0,953.4,2849.7,1445.0,0.0,11929.3,0.0,37453.5,749.4,0.0,0.0
HighRECost_LowNGPrice,MISO_North,2040,315758500.0,155742.1,0.0,2646198.8,318560420.0,304403296.0,123524290.0,24607670.0,17278996.0,0.036,0.054,0.12,118826.13,63059.5,89.4,1.7,0.18,11.4,668.4,0.06,89.5,31.3,120.9,67.8,1.3,0.14,8.4,505.0,0.04,67.9,23.5,91.4,114.2,2.2,0.23,13.5,849.5,0.05,114.4,38.9,153.2,280.6,5.5,0.59,33.3,2062.5,0.14,280.9,94.8,375.7,27834661.3,534.4,55.3,3550182.6,208017.5,17.7,27865686.8,9753928.9,37619615.6,22.9,23.77,0.3,46.97,24.28,25.45,0.32,50.05,9420049.0,716840.0,10136889.0,311231740.0,195036140.0,133033.8,1436489.4,13110890.0,0.0,0.0,1863549.6,68252100.0,5214684.0,0.0,4606384.5,22761602.0,680431.6,0.0,28965236.0,164207360.0,0.0,118.3,240.0,0.0,0.0,1330.2,20630.8,16854.2,0.0,953.4,2849.7,1422.8,0.0,13687.2,0.0,44194.6,473.3,0.0,0.0
HighRECost_LowNGPrice,MISO_North,2045,339224830.0,218661.0,0.0,2797317.0,342240800.0,327025585.7,137890130.0,29860374.0,15710006.0,0.036,0.054,0.12,113447.02,68416.7,94.2,1.8,0.18,11.9,710.2,0.06,94.3,33.1,127.3,67.6,1.3,0.13,8.4,509.4,0.04,67.6,23.6,91.2,126.5,2.4,0.24,15.0,949.1,0.06,126.6,43.2,169.8,286.1,5.5,0.58,33.9,2123.7,0.14,286.4,97.2,383.6,30892306.3,584.7,58.9,3906552.0,233010.4,18.4,30925822.4,10855278.7,41781101.1,22.12,23.16,0.56,45.85,23.45,24.79,0.6,48.85,6845834.5,1027022.2,7872857.0,328090430.0,204350670.0,186867.1,1436489.4,12937460.0,0.0,0.0,2245615.2,73460070.0,8187181.0,0.0,4615594.5,22761602.0,154496.3,0.0,45407588.0,156697470.0,0.0,163.3,240.0,0.0,0.0,1604.2,21866.2,28366.8,0.0,953.4,2849.7,881.9,0.0,21252.6,0.0,41676.6,653.4,0.0,0.0
HighRECost_LowNGPrice,MISO_North,2050,358360260.0,229431.7,0.0,2925629.2,361515330.0,345472969.8,135046800.0,30316202.0,19563258.0,0.036,0.054,0.12,112841.29,72478.1,93.9,1.8,0.18,11.7,708.2,0.05,94.0,32.8,126.8,68.0,1.3,0.13,8.3,512.4,0.03,68.1,23.6,91.6,103.7,2.0,0.2,12.3,780.3,0.05,103.9,35.5,139.4,282.9,5.4,0.55,33.5,2118.5,0.13,283.2,96.6,379.9,32936395.0,622.9,62.7,4096138.7,248401.7,18.2,32972078.6,11503490.1,44475568.6,21.0,23.09,0.0,44.1,22.27,24.73,0.0,47.0,8082556.0,1821236.0,9903792.0,350762370.0,226468530.0,196185.6,1193419.2,12795300.0,0.0,0.0,2926264.0,78692740.0,8649342.0,0.0,4611064.0,18021100.0,134710.0,0.0,54894850.0,168647410.0,0.0,163.3,207.0,0.0,0.0,2095.1,23437.1,30467.3,0.0,953.4,2256.2,642.1,0.0,25770.4,0.0,45022.9,653.4,0.0,0.0
HighRECost_LowNGPrice,MISO_South,2025,216510820.0,234152.2,14138.3,882808.8,217641940.0,208727603.9,200242350.0,7582843.0,597052.2,0.0359,0.0539,0.12,114262.57,47820.5,358.1,20.0,2.8,33.2,2207.1,0.25,359.5,99.0,458.5,363.5,20.4,2.85,33.6,2234.4,0.26,364.9,100.2,465.1,324.9,9.6,1.27,36.7,2533.0,0.22,325.6,112.2,437.8,635.6,39.0,5.75,54.9,3171.5,0.53,638.4,149.6,788.0,75444116.9,4213.9,589.6,6988075.0,464936.0,53.4,75730648.1,20857733.1,96588381.2,39.28,23.71,0.0,62.99,41.58,25.62,0.0,67.2,0.0,0.0,0.0,210656140.0,17399572.0,199427.6,1198375.8,0.0,28668630.0,0.0,662215.2,108777020.0,682817.6,0.0,3647090.5,42746000.0,7326041.5,11158.1,9065396.0,7671961.0,0.0,213.9,165.8,6686.9,0.0,434.0,19218.3,3385.5,0.0,1245.2,5351.7,9226.3,30.0,3754.8,0.0,2999.2,855.7,240.0,0.0
HighRECost_LowNGPrice,MISO_South,2030,230936060.0,369521.3,44370.8,938008.6,232287970.0,222634121.0,181192720.0,10087241.0,1557596.9,0.0359,0.054,0.12,114247.41,50236.1,216.8,4.9,0.57,27.1,1540.2,0.16,217.1,73.1,290.2,217.7,5.0,0.58,27.2,1544.2,0.16,218.0,73.3,291.3,296.3,7.7,1.01,34.4,1942.1,0.2,296.8,92.3,389.0,460.4,16.6,2.33,49.9,2674.4,0.35,461.6,129.7,591.3,48507132.3,1095.2,127.4,6072433.2,344635.3,34.8,48574554.6,16352073.4,64926627.9,27.5,22.21,0.0,49.71,29.12,23.96,0.0,53.08,54638.4,13033.9,67672.3,223758300.0,51095244.0,315049.2,1116615.9,0.0,1396720.4,0.0,883084.6,119244010.0,501129.7,0.0,3674063.5,42746000.0,3633841.5,35665.8,40580900.0,9631257.0,0.0,213.9,154.7,4544.5,0.0,580.2,25704.3,3322.6,0.0,1257.2,5351.7,7050.8,30.0,16907.3,0.0,3299.2,855.7,240.0,0.0
HighRECost_LowNGPrice,MISO_South,2035,257431760.0,351267.2,62130.2,1864108.6,259709260.0,248177131.8,178232020.0,45449464.0,15449432.0,0.0359,0.054,0.12,110455.58,54147.9,161.5,3.1,0.33,20.9,1200.9,0.11,161.7,56.7,218.4,148.6,2.9,0.3,19.2,1104.6,0.1,148.8,52.2,200.9,182.8,3.6,0.39,21.7,1340.8,0.09,183.0,61.7,244.7,306.5,6.1,0.68,36.4,2219.5,0.16,306.8,102.6,409.5,37093868.6,718.2,75.4,4807536.6,275858.5,26.4,37135869.2,13035317.7,50171186.8,26.11,20.96,0.0,47.08,27.69,22.6,0.0,50.29,25348.8,150236.1,175584.9,229709230.0,81477256.0,299071.0,1116615.9,0.0,0.0,0.0,953677.2,98704820.0,503439.4,0.0,3674063.5,42746000.0,1138011.2,49962.0,69908760.0,10614820.0,0.0,213.5,154.7,0.0,0.0,627.9,30318.5,3331.5,0.0,1257.2,5351.7,4156.2,30.0,29284.1,0.0,3533.2,853.9,240.0,0.0
HighRECost_LowNGPrice,MISO_South,2040,281819840.0,0.0,68862.1,2074341.2,283963040.0,271688370.9,186692930.0,44760144.0,17384696.0,0.0359,0.054,0.12,109339.49,59492.0,159.2,3.1,0.32,20.5,1187.8,0.11,159.4,55.9,215.2,149.7,2.9,0.3,19.2,1116.4,0.1,149.9,52.5,202.4,217.5,4.2,0.43,25.7,1627.0,0.1,217.7,74.2,291.9,286.7,5.7,0.62,34.1,2090.3,0.15,287.0,96.4,383.4,40844075.2,786.5,81.8,5248990.4,304777.8,27.8,40889853.3,14338956.2,55228809.5,25.33,20.89,0.0,46.22,26.85,22.51,0.0,49.36,70054.6,1272147.4,1342201.9,256587570.0,97270104.0,0.0,1116615.9,0.0,0.0,0.0,954256.3,110242190.0,487275.9,0.0,3674063.5,42746000.0,996057.9,55273.0,85709370.0,10606481.0,0.0,0.0,154.7,0.0,0.0,633.8,34777.1,3331.5,0.0,1257.2,5351.7,4156.2,30.0,36379.9,0.0,3533.2,0.0,240.0,0.0
HighRECost_LowNGPrice,MISO_South,2045,301643940.0,0.0,77034.4,2201207.8,303922180.0,290800018.4,197738140.0,44526812.0,16441885.0,0.0359,0.054,0.12,107292.89,64276.2,159.9,3.1,0.31,20.4,1200.3,0.1,160.1,56.2,216.3,150.0,2.9,0.29,19.1,1125.8,0.1,150.2,52.7,202.9,217.8,4.1,0.42,25.7,1637.3,0.1,218.1,74.6,292.6,267.5,5.2,0.55,31.7,1974.4,0.13,267.8,90.6,358.4,44111375.0,841.8,86.2,5630787.8,331090.1,28.7,44159978.9,15505098.7,59665077.6,23.01,20.96,0.0,43.98,24.39,22.6,0.0,46.99,111899.8,4690194.0,4802093.5,275837250.0,106184030.0,0.0,1116615.9,0.0,0.0,0.0,1042653.6,120993150.0,444503.9,0.0,3674063.5,42746000.0,617063.0,61822.4,94554930.0,10586444.0,0.0,0.0,154.7,0.0,0.0,702.3,40269.6,3317.9,0.0,1257.2,5351.7,3113.4,30.0,41500.0,0.0,3533.2,0.0,240.0,0.0
HighRECost_LowNGPrice,MISO_South,2050,317827680.0,1072654.2,81201.5,2265935.8,321247500.0,306402301.7,204335440.0,42041748.0,18546720.0,0.0359,0.054,0.12,110368.25,69329.2,158.9,3.0,0.3,20.2,1199.4,0.1,159.1,55.9,215.0,151.4,2.9,0.29,19.2,1143.0,0.09,151.6,53.3,204.9,203.2,3.8,0.39,24.0,1530.8,0.09,203.4,69.7,273.1,261.8,5.0,0.52,31.0,1955.6,0.12,262.1,89.3,351.3,47311215.4,894.8,90.1,6003999.5,357138.3,29.4,47362470.5,16654756.8,64017227.2,21.2,21.93,0.0,43.14,22.52,23.75,0.0,46.27,159290.7,7295527.0,7454818.5,297752450.0,116912040.0,914879.0,1116615.9,0.0,0.0,0.0,1394457.9,131769370.0,359031.4,0.0,3674063.5,42746000.0,195272.6,65177.8,104964030.0,10553555.0,0.0,648.1,154.7,0.0,0.0,935.9,45832.6,3282.0,0.0,1257.2,5351.7,1093.5,30.0,46969.9,0.0,3533.2,2592.2,240.0,0.0
HighRECost_LowNGPrice,NYISO,2025,158741890.0,1233511.4,605006.9,251720.8,160832130.0,153034826.7,130738456.0,3333235.0,511579.4,0.0359,0.054,0.12,17109.45,36512.0,174.0,4.4,0.64,23.3,1253.8,0.2,174.3,60.7,235.0,185.5,4.9,0.72,24.6,1331.3,0.21,185.9,64.3,250.2,233.6,7.5,1.24,28.5,1302.4,0.3,234.2,67.4,301.6,612.2,25.6,3.97,67.1,3364.3,0.68,614.1,167.6,781.6,27488472.1,689.6,101.4,3683310.5,198113.3,32.2,27536708.7,9595867.6,37132576.3,42.45,3.36,11.06,56.86,44.97,3.66,11.69,60.32,0.0,0.0,0.0,158010480.0,30093674.0,1047785.3,1989598.8,10790100.0,0.0,0.0,3547725.5,49217540.0,792903.8,0.0,26503520.0,26688192.0,10399627.0,487534.0,8047024.0,18075702.0,423223.2,1750.0,389.6,0.0,0.0,2552.1,9588.7,2662.1,0.0,4553.7,3341.3,12192.8,1426.8,4151.2,132.0,5428.9,7000.0,11414.4,0.0
HighRECost_LowNGPrice,NYISO,2030,170299330.0,3075129.0,1312217.6,197996.2,174884670.0,164175912.5,110883624.0,1477811.9,3644342.0,0.0359,0.054,0.12,17115.44,38288.7,101.1,2.5,0.37,14.2,608.7,0.13,101.2,32.3,133.6,108.1,2.7,0.39,15.1,652.3,0.14,108.3,34.6,142.9,159.4,5.0,0.87,20.1,692.5,0.23,159.8,40.8,200.6,528.4,16.2,2.56,63.7,2727.2,0.61,529.6,145.1,674.7,17895073.1,444.3,64.7,2507664.7,107767.2,22.5,17925971.8,5725278.6,23651250.4,26.59,3.02,13.84,43.57,28.35,3.32,14.66,46.45,202439.5,12681.2,215120.6,177051200.0,64001044.0,2625448.5,1989598.8,13349871.0,0.0,0.0,4013150.0,33411824.0,228083.8,0.0,27697748.0,26688192.0,6000822.0,1058563.1,22351950.0,23830664.0,13805278.0,3000.0,389.6,0.0,0.0,2888.8,9373.2,539.5,0.0,4745.1,3341.3,7471.0,1426.8,11597.5,3801.0,6469.8,12000.0,11414.4,0.0
HighRECost_LowNGPrice,NYISO,2035,186261310.0,4499637.5,1384455.2,425356.0,192570750.0,179563188.0,110261990.0,6635848.0,7552083.0,0.0359,0.054,0.12,148425.74,41052.1,90.1,2.3,0.36,12.6,513.3,0.12,90.2,28.0,118.2,96.3,2.5,0.38,13.5,552.8,0.13,96.5,30.0,126.5,142.2,4.1,0.67,17.7,707.7,0.18,142.5,38.9,181.4,451.3,11.8,1.81,55.5,2540.1,0.48,452.1,131.3,583.4,17426776.3,454.2,69.2,2446133.9,99315.1,23.8,17459210.9,5412231.6,22871442.5,26.16,26.03,2.96,55.2,27.98,28.76,3.14,59.94,1202554.0,77592.5,1280146.5,193486990.0,82308770.0,3828891.2,1584482.1,13088397.0,0.0,0.0,3601739.2,30088076.0,49539.6,0.0,27730604.0,26688192.0,7010052.0,1109993.2,22333938.0,24846216.0,31526876.0,4423.8,334.6,0.0,0.0,2627.0,9373.2,539.5,0.0,4754.9,3341.3,6993.3,1426.8,11597.5,9000.0,6770.4,17695.3,11414.4,0.0
HighRECost_LowNGPrice,NYISO,2040,203176670.0,12973840.0,1265078.0,969298.6,218384860.0,195869801.4,92293180.0,37944544.0,26037440.0,0.036,0.054,0.12,258250.97,45117.1,0.0,0.0,0.0,1.5,3.1,0.03,0.0,1.6,1.6,0.0,0.0,0.0,0.0,0.0,0.0,0.0,0.0,0.0,0.0,0.0,0.0,0.0,0.0,0.0,0.0,0.0,0.0,329.5,6.8,0.8,39.3,2329.3,0.19,329.9,108.8,438.7,0.0,0.0,0.0,304851.4,643.9,5.6,0.0,325572.8,325572.8,26.74,44.96,16.99,88.7,28.83,51.55,18.0,98.4,206914.5,151358.2,358272.7,206477780.0,126091700.0,11051550.0,1584482.1,12438199.0,0.0,0.0,3686246.5,0.0,0.0,0.0,27608204.0,26688192.0,0.0,1015452.4,35990532.0,53879092.0,32535834.0,12657.8,334.6,0.0,0.0,2658.2,0.0,0.0,0.0,4763.2,3341.3,0.0,1426.8,18760.7,9000.0,15714.0,50631.1,11414.4,0.0
HighRECost_LowNGPrice,NYISO,2045,221359070.0,16443067.0,1349595.6,1076740.4,240228510.0,213398366.3,93592070.0,42925840.0,32012710.0,0.0359,0.054,0.12,258177.9,49691.5,0.0,0.0,0.0,1.3,2.8,0.02,0.0,1.4,1.4,0.0,0.0,0.0,0.0,0.0,0.0,0.0,0.0,0.0,0.0,0.0,0.0,0.0,0.0,0.0,0.0,0.0,0.0,315.9,6.3,0.69,37.5,2299.2,0.16,316.3,106.1,422.4,0.0,0.0,0.0,304851.4,643.9,5.6,0.0,325572.8,325572.8,23.99,45.03,17.02,86.06,25.95,52.15,18.07,96.19,266884.0,451730.2,718614.2,229315360.0,146636420.0,14015069.0,1584482.1,11702549.0,0.0,0.0,4333685.5,0.0,0.0,0.0,27603580.0,26688192.0,0.0,1085072.6,47630080.0,62097908.0,32574748.0,15308.5,334.6,0.0,0.0,3130.5,0.0,0.0,0.0,4769.5,3341.3,0.0,1426.8,24980.0,9000.0,18181.9,61234.1,11414.4,0.0
HighRECost_LowNGPrice,NYISO,2050,238796640.0,25883678.0,1475985.4,1255442.0,267411760.0,230209041.6,95839320.0,53503590.0,38733100.0,0.0359,0.054,0.12,216983.15,54235.1,0.0,0.0,0.0,0.9,1.8,0.01,0.0,0.9,0.9,0.0,0.0,0.0,0.0,0.0,0.0,0.0,0.0,0.0,0.0,0.0,0.0,0.0,0.0,0.0,0.0,0.0,0.0,318.0,6.2,0.66,37.7,2342.9,0.16,318.4,107.6,426.0,0.0,0.0,0.0,220387.3,443.0,3.7,0.0,234602.0,234602.0,21.11,36.64,20.63,78.42,22.98,43.82,21.97,88.8,176210.3,977812.6,1154022.9,252641250.0,171572450.0,22058694.0,1584482.1,11460380.0,0.0,0.0,5253132.5,0.0,0.0,0.0,27695510.0,17086578.0,0.0,1183180.5,70454020.0,63221864.0,32643436.0,23063.2,334.6,0.0,0.0,3798.9,0.0,0.0,0.0,4769.5,2139.2,0.0,1426.8,37061.6,9000.0,18416.2,92252.7,11414.4,0.0
HighRECost_LowNGPrice,NorthernGrid_East,2025,54637384.0,67097.6,0.0,542064.7,55246548.0,52672853.9,40401984.0,8396605.0,3317227.2,0.0359,0.054,0.12,111543.49,10625.9,242.3,26.6,3.86,8.9,622.1,0.12,244.2,27.4,271.6,210.3,23.0,3.34,7.9,547.8,0.1,211.9,24.2,236.1,818.9,81.3,11.72,37.0,2742.3,0.4,824.5,118.8,943.4,777.1,77.2,11.12,35.1,2602.6,0.38,782.4,112.8,895.2,12155758.6,1336.4,193.8,444469.3,31206.5,6.0,12248495.1,1376061.5,13624556.6,29.66,19.69,0.0,49.35,31.38,21.13,0.0,52.52,756.3,0.0,756.3,50167172.0,14844563.0,55831.1,319198.3,126037.5,11248277.0,0.0,1189188.5,1779424.8,0.0,74468.4,21719368.0,0.0,0.0,0.0,1844325.0,11811051.0,0.0,231.0,47.5,3746.3,0.0,795.0,549.3,789.1,10.0,5581.2,0.0,309.1,0.0,829.0,0.0,3344.2,924.0,0.0,0.0
HighRECost_LowNGPrice,NorthernGrid_East,2030,60358284.0,126860.5,0.0,685677.2,61170824.0,58188011.4,33522996.0,9468778.0,4836018.5,0.0359,0.054,0.12,111540.21,11740.0,92.7,9.8,1.41,3.8,252.1,0.05,93.4,11.3,104.7,85.1,8.9,1.28,3.6,236.7,0.04,85.8,10.7,96.4,198.7,14.5,2.03,13.7,899.9,0.09,199.7,40.6,240.3,508.6,42.2,6.0,30.5,2013.1,0.24,511.5,90.6,602.1,5241031.9,552.8,80.0,214890.6,14251.0,2.6,5279332.9,640274.0,5919606.9,21.38,19.16,0.0,40.54,22.67,20.62,0.0,43.29,4920.5,266.4,5186.9,56538068.0,27647830.0,107966.4,233755.5,125715.0,4615613.0,0.0,1313317.4,1419093.1,801.7,74468.4,22312824.0,0.0,0.0,0.0,1844167.6,24490346.0,0.0,231.0,35.9,3746.3,0.0,877.2,549.3,860.3,10.0,5793.2,0.0,52.0,0.0,829.0,0.0,6348.6,924.0,0.0,0.0
HighRECost_LowNGPrice,NorthernGrid_East,2035,70286420.0,213167.1,0.0,1124575.6,71624160.0,67759084.7,29520880.0,14786870.0,10501596.0,0.036,0.054,0.12,111590.26,14042.4,12.9,0.2,0.02,1.6,97.0,0.01,12.9,4.5,17.4,14.5,0.3,0.03,1.8,109.6,0.01,14.5,5.1,19.6,65.5,1.2,0.13,7.7,491.3,0.03,65.6,22.4,88.0,252.0,4.9,0.51,29.9,1865.7,0.12,252.3,85.5,337.7,865536.1,16.3,1.6,109654.3,6535.0,0.4,866469.8,304510.7,1170980.5,19.94,18.41,0.0,38.36,21.16,19.76,0.0,40.92,262974.0,62719.2,325693.2,67338890.0,42103280.0,181566.0,233755.5,124702.8,0.0,0.0,1184010.1,2175153.2,155800.2,74094.4,22289760.0,0.0,773.6,0.0,4888258.5,36031012.0,0.0,231.0,35.9,0.0,0.0,791.9,1156.5,2459.1,10.0,5794.5,0.0,52.0,0.0,2092.9,0.0,9485.5,924.0,0.0,0.0
HighRECost_LowNGPrice,NorthernGrid_East,2040,77372900.0,0.0,0.0,1391841.4,78764740.0,74590802.7,30726956.0,18770314.0,12768597.0,0.0359,0.054,0.12,116217.93,15445.4,10.4,0.2,0.02,1.3,78.4,0.01,10.4,3.7,14.1,10.7,0.2,0.02,1.4,81.1,0.01,10.7,3.8,14.5,161.5,3.0,0.31,19.1,1217.3,0.07,161.7,55.4,217.0,241.7,4.6,0.48,28.6,1804.4,0.11,242.0,82.4,324.4,756077.7,14.3,1.4,96738.5,5703.3,0.4,756896.0,266795.5,1023691.5,19.42,19.35,0.0,38.78,20.59,20.77,0.0,41.36,439716.0,76092.6,515815.9,72763016.0,48037776.0,0.0,233755.5,121171.2,0.0,0.0,1187248.8,1886165.4,150175.2,74189.0,22258192.0,0.0,1592.3,0.0,6091037.0,40759492.0,0.0,0.0,35.9,0.0,0.0,794.4,1308.3,2818.9,10.0,5794.5,0.0,52.0,0.0,2579.5,0.0,10714.8,0.0,0.0,0.0
HighRECost_LowNGPrice,NorthernGrid_East,2045,84177660.0,0.0,0.0,1622608.8,85800270.0,81150853.5,32783388.0,21189926.0,15296728.0,0.0359,0.054,0.12,116361.94,17093.6,18.7,0.4,0.04,2.3,141.4,0.01,18.7,6.5,25.3,17.8,0.3,0.03,2.2,134.4,0.01,17.8,6.2,24.0,166.7,3.1,0.32,19.7,1255.6,0.07,166.8,57.1,224.0,254.7,4.8,0.49,30.1,1915.2,0.11,255.0,87.2,342.2,1495642.3,28.2,2.8,184075.2,11295.4,0.7,1497251.8,520864.4,2018116.1,19.03,19.74,0.0,38.76,20.17,21.21,0.0,41.38,419217.0,102089.8,521306.8,79907070.0,53016880.0,0.0,233755.5,123547.0,0.0,0.0,1195647.9,3945470.0,188740.5,74060.4,22324618.0,0.0,0.0,0.0,7549357.0,44271876.0,0.0,0.0,35.9,0.0,0.0,799.3,2903.7,3075.6,10.0,5794.5,0.0,0.0,0.0,3231.3,0.0,11960.3,0.0,0.0,0.0
HighRECost_LowNGPrice,NorthernGrid_East,2050,90001070.0,8304.9,0.0,1945276.2,91954650.0,86764865.2,32479580.0,23501172.0,18098980.0,0.0359,0.054,0.12,117800.03,18575.5,18.8,0.4,0.04,2.3,141.6,0.01,18.8,6.5,25.3,18.6,0.4,0.04,2.3,140.4,0.01,18.6,6.5,25.1,150.1,2.8,0.28,17.7,1131.8,0.07,150.3,51.5,201.7,264.7,5.0,0.51,31.3,1985.2,0.12,265.0,90.5,355.5,1623386.9,30.6,3.1,199165.8,12259.4,0.7,1625133.9,564696.7,2189830.6,19.16,20.43,0.0,39.59,20.31,22.01,0.0,42.32,479633.7,173006.6,652641.0,86552456.0,59475064.0,7060.6,233755.5,123356.5,0.0,0.0,1216529.1,4315473.5,185033.4,73762.2,22138948.0,0.0,0.0,0.0,9336880.0,48921660.0,0.0,5.1,35.9,0.0,0.0,813.4,2903.7,4007.0,10.0,5794.5,0.0,0.0,0.0,4016.1,0.0,13179.9,20.2,0.0,0.0
HighRECost_LowNGPrice,NorthernGrid_South,2025,84253224.0,1775323.6,0.0,273538.8,86302090.0,81224471.6,54754730.0,4047213.5,5264657.5,0.0359,0.054,0.12,118765.24,18952.8,318.9,27.0,3.84,18.8,1417.3,0.15,320.7,61.0,381.8,345.5,29.6,4.21,20.1,1512.6,0.16,347.5,65.2,412.7,478.9,29.7,4.1,37.9,2924.4,0.22,480.9,125.1,606.0,614.0,42.7,5.96,44.4,3418.1,0.29,616.9,146.3,763.2,27907383.9,2363.5,336.2,1641414.6,124038.6,13.3,28069605.0,5341385.5,33410990.5,34.18,22.61,0.0,56.78,36.37,24.81,0.0,61.18,167.4,30531.7,31673.9,87519530.0,31547360.0,1508896.9,322711.6,0.0,19281982.0,0.0,2508204.0,22757766.0,10218.7,5356503.0,6733541.0,0.0,552.8,0.0,27179740.0,1859414.2,0.0,1132.4,50.4,3004.1,0.0,1368.0,8385.4,1872.3,719.6,3518.7,0.0,717.1,0.0,9864.8,0.0,689.7,4529.4,0.0,0.0
HighRECost_LowNGPrice,NorthernGrid_South,2030,94292650.0,1828395.2,0.0,483595.8,96604640.0,90902844.8,60920788.0,8275238.5,6901997.0,0.0359,0.054,0.12,118738.62,21302.4,275.7,20.2,2.84,19.1,1242.7,0.13,277.1,56.1,333.2,271.1,19.7,2.76,18.9,1231.9,0.13,272.4,55.6,328.1,274.0,13.0,1.73,25.3,1626.4,0.13,274.9,73.8,348.7,479.5,28.2,3.86,39.4,2541.3,0.22,481.4,115.2,596.6,26256314.9,1926.4,270.4,1814522.5,118343.7,12.3,26387552.9,5344524.6,31732077.5,25.09,23.09,0.0,48.18,26.76,25.39,0.0,52.15,12973.2,317755.0,333430.7,95231400.0,35683852.0,1559134.8,322711.6,0.0,15046094.0,0.0,2749879.2,30507142.0,32387.5,5344197.5,6733541.0,0.0,2338.9,0.0,28499036.0,4434934.0,0.0,1132.4,50.4,3004.1,0.0,1532.3,10681.4,1842.5,719.6,3518.7,0.0,491.1,0.0,10433.3,0.0,1416.7,4529.4,0.0,0.0
HighRECost_LowNGPrice,NorthernGrid_South,2035,109382250.0,1855414.4,0.0,875853.2,112113510.0,105449887.5,61444876.0,14406373.0,24074948.0,0.0359,0.054,0.12,111373.68,24696.6,167.2,3.2,0.32,19.8,1261.8,0.07,167.4,57.4,224.8,154.0,2.9,0.29,18.2,1162.3,0.07,154.2,52.9,207.1,138.6,2.6,0.26,16.4,1044.8,0.06,138.7,47.5,186.3,296.1,5.7,0.58,35.0,2216.6,0.13,296.5,101.1,397.6,20362546.7,383.8,38.4,2408266.3,153660.6,8.8,20384460.6,6989766.0,27374226.6,22.91,21.76,0.0,44.67,24.44,23.89,0.0,48.33,177074.3,3368719.5,3549450.5,121782100.0,50668628.0,1579973.9,101738.8,0.0,0.0,0.0,2388989.5,57425624.0,6144.8,5266123.5,6733288.0,0.0,558.9,0.0,44002440.0,4277198.0,0.0,1132.4,20.4,0.0,0.0,1390.9,22510.3,1748.0,719.6,3518.7,0.0,253.6,0.0,16996.2,0.0,1416.7,4529.4,0.0,0.0
HighRECost_LowNGPrice,NorthernGrid_South,2040,124747050.0,1665460.2,0.0,972566.7,127385070.0,120262277.7,66592884.0,18181158.0,25906026.0,0.0359,0.054,0.12,113895.09,28653.1,160.1,3.0,0.3,18.9,1208.3,0.07,160.3,55.0,215.2,135.2,2.5,0.25,16.0,1020.5,0.06,135.4,46.4,181.8,149.3,2.8,0.28,17.6,1126.0,0.06,149.4,51.2,200.6,289.2,5.5,0.56,34.2,2167.3,0.13,289.5,98.8,388.4,21632886.3,407.7,40.8,2558328.3,163248.3,9.4,21656166.6,7425690.9,29081857.5,22.88,22.69,0.05,45.64,24.38,24.87,0.06,49.31,239489.4,5303921.5,5545522.5,135109950.0,60792200.0,1414995.6,101738.8,0.0,0.0,0.0,2441875.8,61180330.0,4875.8,4882302.5,6733334.5,0.0,178.2,0.0,54587500.0,3762817.5,0.0,1000.0,20.4,0.0,0.0,1391.0,25655.0,1748.0,704.0,3518.7,0.0,239.6,0.0,21605.5,0.0,1230.7,4000.0,0.0,0.0
HighRECost_LowNGPrice,NorthernGrid_South,2045,138886180.0,1948062.8,0.0,1072110.9,141906340.0,133893102.3,71822780.0,19682170.0,26133008.0,0.0359,0.054,0.12,112818.35,32596.7,158.4,3.0,0.3,18.7,1195.3,0.07,158.6,54.4,212.9,115.6,2.2,0.22,13.7,872.2,0.05,115.7,39.7,155.4,129.5,2.4,0.24,15.3,976.6,0.06,129.6,44.4,174.0,289.9,5.5,0.56,34.3,2173.9,0.13,290.2,99.1,389.4,23498999.3,442.9,44.3,2778772.6,177330.5,10.2,23524287.8,8066004.6,31590292.4,22.06,22.96,1.17,46.28,23.54,25.22,1.24,50.1,285879.1,10616821.0,10904332.0,148357180.0,70083560.0,1658768.4,101738.8,0.0,0.0,0.0,2468009.5,66523030.0,3069.5,3253535.2,6733336.0,0.0,137.7,0.0,64587668.0,3027879.2,0.0,1173.8,20.4,0.0,0.0,1396.6,27431.3,1730.9,504.6,3518.7,0.0,239.6,0.0,27081.9,0.0,985.4,4695.1,0.0,0.0
HighRECost_LowNGPrice,NorthernGrid_South,2050,152025470.0,3143700.8,976566.4,1292696.6,157438450.0,146560143.7,71784570.0,20425374.0,42570260.0,0.0359,0.0539,0.12,120593.05,36522.6,158.8,3.0,0.3,18.8,1198.7,0.07,159.0,54.5,213.5,98.5,1.9,0.19,11.7,743.1,0.04,98.6,33.8,132.4,106.5,2.0,0.2,12.6,803.2,0.05,106.6,36.5,143.1,298.0,5.7,0.57,35.2,2238.6,0.13,298.4,102.0,400.3,28526389.9,537.6,53.8,3372659.4,215268.4,12.4,28557088.3,9791036.9,38348125.3,21.3,24.76,1.11,47.23,22.88,27.59,1.18,51.71,275942.6,15313890.0,15591070.0,179583330.0,85653870.0,2669825.8,101738.8,0.0,0.0,0.0,2516018.8,80885640.0,2411.8,2751832.0,6732945.5,0.0,40.5,785023.8,79620744.0,3517107.5,0.0,1919.3,20.4,0.0,0.0,1430.0,33840.7,1167.7,422.7,3518.7,0.0,11.4,357.4,34227.5,0.0,1173.6,7677.4,2859.2,0.0
HighRECost_LowNGPrice,NorthernGrid_West,2025,158100640.0,6097.8,166286.9,2274018.0,160547040.0,152414716.7,131568380.0,160817.6,26223692.0,0.036,0.054,0.12,114163.84,33227.5,17.8,0.3,0.03,2.8,167.6,0.02,17.8,7.8,25.6,20.0,0.4,0.04,3.1,188.0,0.02,20.0,8.7,28.7,293.4,15.8,2.15,25.3,1970.0,0.13,294.5,84.1,378.5,489.5,36.5,5.14,33.1,2539.2,0.23,492.0,108.8,600.7,3320406.3,62.6,6.3,520908.9,31272.8,3.5,3323979.5,1453789.9,4777769.4,26.1,19.59,0.66,46.37,27.68,21.04,0.72,49.46,313.1,0.0,313.1,186609920.0,28978662.0,5141.2,1228183.5,8117162.5,0.0,0.0,817107.8,8691108.0,0.0,145213.4,130121470.0,9193461.0,0.0,129520.8,4116025.5,24045528.0,0.0,20.1,205.7,0.0,0.0,653.9,6007.1,1371.8,19.5,30835.3,1151.0,2.5,314.0,1961.8,0.0,7528.0,80.2,2512.0,0.0
HighRECost_LowNGPrice,NorthernGrid_West,2030,174448350.0,13916.3,176828.8,2084466.6,176723570.0,168174908.6,129530640.0,1382484.9,22862972.0,0.036,0.054,0.12,114154.25,35392.0,14.7,0.3,0.03,2.3,111.7,0.02,14.7,5.6,20.3,11.3,0.2,0.02,1.5,85.8,0.01,11.3,4.1,15.4,42.9,1.5,0.19,4.4,283.9,0.02,43.0,12.9,55.9,376.9,20.9,2.84,32.0,2072.2,0.17,378.3,93.8,472.1,2904768.1,54.7,5.5,450784.8,22144.9,3.2,2907894.1,1111578.1,4019472.2,18.5,19.29,2.89,40.75,19.61,20.64,3.06,43.38,49309.7,37706.0,87015.6,198204050.0,47192924.0,11727.4,694166.0,6139192.0,0.0,0.0,927957.1,7558777.0,1669.0,144666.4,127127500.0,9193461.0,0.0,139967.3,7229043.0,39035924.0,0.0,20.1,133.2,0.0,0.0,741.5,5675.3,1427.4,19.5,31763.1,1151.0,0.0,314.0,3337.2,0.0,11091.2,80.2,2512.0,0.0
HighRECost_LowNGPrice,NorthernGrid_West,2035,194986430.0,19507.7,231256.2,2538981.0,197776180.0,187974581.0,135402180.0,3096287.0,23637792.0,0.036,0.054,0.12,110082.83,39188.2,15.6,0.3,0.03,2.3,119.0,0.02,15.7,5.9,21.5,10.0,0.2,0.02,1.3,75.9,0.01,10.0,3.6,13.6,25.0,0.5,0.05,3.0,188.6,0.01,25.0,8.6,33.6,275.3,5.3,0.54,32.6,2057.5,0.13,275.6,93.9,369.6,3414837.4,64.4,6.4,505545.9,25987.3,3.4,3418512.3,1280895.3,4699407.6,19.76,18.49,0.0,38.24,20.95,19.83,0.0,40.78,92583.1,299867.5,392452.3,218317700.0,62374004.0,16508.6,581470.0,5485505.5,0.0,0.0,860434.9,9009142.0,653.1,142393.7,131328344.0,9193461.0,0.0,186212.3,14932482.0,46581084.0,0.0,19.4,117.9,0.0,0.0,687.5,6071.6,1423.5,19.5,31786.5,1151.0,0.0,314.0,6814.2,0.0,13365.9,77.7,2512.0,0.0
HighRECost_LowNGPrice,NorthernGrid_West,2040,214420690.0,3547.8,225935.3,2976373.5,217626540.0,206710103.9,139575660.0,3797350.5,29114982.0,0.036,0.054,0.12,113814.8,43287.4,23.9,0.4,0.04,3.2,180.9,0.02,23.9,8.6,32.5,6.8,0.1,0.01,0.9,51.4,0.0,6.8,2.5,9.2,33.6,0.6,0.06,4.0,253.5,0.01,33.6,11.5,45.2,271.7,5.1,0.52,32.1,2044.4,0.12,272.0,93.1,365.1,5795451.8,109.2,10.9,786768.9,43951.8,4.4,5801688.6,2097743.0,7899431.6,19.73,19.51,1.96,41.21,20.91,20.96,2.08,43.96,302124.2,1711839.6,2013990.8,242944180.0,78050870.0,3013.1,581470.0,6029663.0,0.0,0.0,858025.9,15992282.0,641.8,134494.1,132782450.0,9193461.0,0.0,175831.7,25041778.0,52151068.0,0.0,2.5,117.9,0.0,0.0,687.5,9241.8,969.5,19.5,31786.5,1151.0,0.0,314.0,11843.0,0.0,15125.7,10.0,2512.0,0.0
HighRECost_LowNGPrice,NorthernGrid_West,2045,232522140.0,3476.4,297852.8,3326484.5,236149970.0,224160727.9,151347900.0,9341716.0,28030118.0,0.036,0.054,0.12,118605.66,46963.4,29.5,0.6,0.06,3.9,223.2,0.02,29.5,10.5,40.0,5.6,0.1,0.01,0.8,42.9,0.0,5.7,2.1,7.7,40.6,0.8,0.08,4.8,306.5,0.02,40.7,13.9,54.6,280.7,5.3,0.54,33.2,2109.6,0.12,281.0,96.1,377.1,7507285.5,141.5,14.1,988988.6,56869.6,5.2,7515364.4,2685115.5,10200479.9,19.58,20.58,3.11,43.28,20.76,22.13,3.3,46.22,382516.1,2008756.4,2391272.5,254838370.0,84802056.0,2927.8,581470.0,5189800.5,0.0,0.0,870305.0,20935548.0,558.1,0.0,133895950.0,9193461.0,0.0,236592.4,31088308.0,52843444.0,0.0,2.5,117.9,0.0,0.0,698.2,10788.1,969.5,0.0,31794.6,1151.0,0.0,314.0,14751.0,0.0,15425.9,10.0,2512.0,0.0
HighRECost_LowNGPrice,NorthernGrid_West,2050,249583570.0,3210.2,398596.5,3684547.2,253669920.0,240608726.2,156042300.0,11249187.0,30523840.0,0.036,0.054,0.12,118171.19,50377.6,33.9,0.6,0.06,4.4,257.0,0.02,34.0,12.0,46.0,4.4,0.1,0.01,0.6,33.4,0.0,4.4,1.6,6.0,38.5,0.7,0.07,4.5,290.6,0.02,38.6,13.2,51.8,286.3,5.4,0.55,33.8,2155.9,0.13,286.7,98.1,384.8,9265951.2,174.6,17.5,1196740.5,70140.8,5.9,9275922.7,3288557.2,12564479.9,20.22,20.44,1.62,42.3,21.45,22.02,1.72,45.21,377800.5,2714643.2,3092443.8,272944540.0,97627600.0,2721.7,581470.0,5966843.5,0.0,0.0,1026707.1,26017586.0,11267.3,0.0,133226700.0,9193461.0,0.0,316909.5,37428828.0,59172070.0,0.0,2.5,117.9,0.0,0.0,821.8,11266.3,2730.1,0.0,31794.6,1151.0,0.0,314.0,17902.7,0.0,17218.2,10.0,2512.0,0.0
HighRECost_LowNGPrice,PJM_East,2025,729503100.0,4728732.5,5361507.5,4165807.5,743759100.0,703274034.8,652038850.0,2185050.5,4383319.0,0.0359,0.054,0.12,119421.32,166849.3,360.6,27.0,3.8,26.5,1863.4,0.21,362.5,82.1,444.5,379.8,28.5,4.01,27.8,1958.7,0.23,381.7,86.3,468.0,293.1,7.3,0.83,33.2,2586.5,0.14,293.6,110.3,403.9,619.6,40.8,5.74,47.7,3466.6,0.33,622.4,151.1,773.5,269005262.9,20161.1,2838.4,19754532.3,1390030.1,159.8,270380937.5,61221052.6,331601990.1,36.49,23.76,0.45,60.7,38.7,26.02,0.47,65.18,568.7,0.1,568.8,745957440.0,91720270.0,4030880.5,5811802.5,0.0,170555040.0,0.0,6225401.0,297703650.0,2353603.2,0.0,9139849.0,159425470.0,886996.2,4329839.0,48783890.0,36670052.0,40930.5,3005.6,1143.7,37922.3,0.0,4336.7,55455.9,21638.9,0.0,3160.5,19959.7,9042.1,5203.0,22503.7,12.0,11604.0,13703.4,41624.0,0.0
HighRECost_LowNGPrice,PJM_East,2030,777558700.0,10333649.0,5384636.5,4928299.5,798205250.0,749600225.3,650021440.0,6367723.5,1674952.8,0.0359,0.054,0.12,119423.55,175313.0,260.2,11.7,1.54,26.7,1580.4,0.16,261.0,73.8,334.8,272.2,12.3,1.62,27.8,1649.4,0.17,273.1,77.0,350.1,258.8,5.3,0.56,30.3,1918.3,0.12,259.1,87.5,346.6,575.5,37.2,5.29,45.7,2662.0,0.35,578.0,125.1,703.2,206493015.4,9266.3,1224.1,21162242.4,1254087.8,128.6,207103320.5,58569162.6,265672483.2,29.63,23.14,0.54,53.31,31.46,25.49,0.56,57.51,32128.1,3183.9,35312.0,793512500.0,148183840.0,8797204.0,4394278.0,0.0,56790216.0,0.0,7884243.0,394593020.0,5301848.5,0.0,9455776.0,159425470.0,2207788.2,4363082.0,54062796.0,57926184.0,28310618.0,6472.1,951.3,31165.2,0.0,5476.6,62929.5,21173.5,0.0,3279.5,19959.7,7016.0,5203.0,24980.2,7779.9,16583.2,27569.4,41624.0,0.0
HighRECost_LowNGPrice,PJM_East,2035,847549400.0,14055043.0,5426139.5,6179498.5,873210050.0,817072975.2,651158340.0,28554970.0,6167714.5,0.0359,0.054,0.12,123398.31,191851.3,190.6,3.6,0.37,24.4,1432.3,0.12,190.8,67.1,257.9,196.4,3.7,0.38,25.2,1475.3,0.13,196.6,69.2,265.8,220.1,4.2,0.42,26.0,1656.4,0.1,220.4,75.4,295.8,342.8,7.0,0.8,40.8,2451.3,0.19,343.2,113.9,457.1,162126037.4,3087.5,314.8,20753209.4,1218640.0,105.5,162303984.2,57097474.5,219401458.8,28.65,22.86,0.0,51.51,30.46,25.19,0.0,55.65,26483.5,5308.4,31792.0,850822800.0,222051680.0,11998963.0,4394278.0,0.0,0.0,0.0,7923678.5,432335420.0,5063574.0,0.0,9461745.0,159425470.0,1695444.4,4396213.0,74125830.0,65126110.0,74876070.0,10157.6,951.3,0.0,0.0,5494.4,84482.9,21416.0,0.0,3283.5,19959.7,5763.7,5203.0,33875.2,20539.9,18695.3,42311.4,41624.0,0.0
HighRECost_LowNGPrice,PJM_East,2040,922468740.0,14134205.0,5393453.5,8759768.0,950756160.0,889297657.1,694506500.0,51410372.0,25480194.0,0.0359,0.054,0.12,123820.78,208910.7,189.1,3.6,0.36,24.1,1424.2,0.12,189.3,66.5,255.9,189.6,3.6,0.36,24.2,1427.9,0.12,189.8,66.8,256.6,185.9,3.5,0.36,22.0,1393.3,0.08,186.1,63.5,249.6,315.7,6.3,0.7,37.5,2289.5,0.17,316.1,105.8,421.9,174920847.7,3321.1,336.7,22254772.0,1317160.1,110.4,175111740.9,61536268.5,236648009.4,28.09,23.02,0.73,51.84,29.86,25.33,0.75,55.94,68595.9,4981.6,73577.5,924826000.0,256249700.0,12051142.0,4341244.5,0.0,0.0,0.0,7974801.0,472791650.0,4897001.5,0.0,9461745.0,159425470.0,1275326.8,4332684.0,87105610.0,69672920.0,91496380.0,10757.3,944.1,0.0,0.0,5530.4,97608.8,24967.9,0.0,3283.5,19959.7,5285.7,5203.0,39845.6,25064.9,19957.8,43029.3,41624.0,0.0
HighRECost_LowNGPrice,PJM_East,2045,1000426300.0,26654618.0,5159795.0,10557808.0,1042798460.0,964452426.6,740879550.0,71781576.0,32717638.0,0.0359,0.054,0.12,135341.09,227469.6,180.9,3.4,0.35,23.0,1363.3,0.11,181.1,63.6,244.7,177.0,3.4,0.34,22.5,1334.2,0.11,177.2,62.3,239.5,201.4,3.8,0.38,23.8,1518.3,0.09,201.6,69.1,270.6,308.5,6.0,0.65,36.6,2266.6,0.15,308.9,104.2,413.0,181567313.1,3442.2,348.1,23037204.6,1368394.9,112.9,181764909.1,63846189.1,245611098.2,25.88,25.15,1.16,52.19,27.54,27.97,1.13,56.65,173898.4,54824.9,228723.2,1003734660.0,301918980.0,22717602.0,4341244.5,0.0,0.0,0.0,8438537.0,496106500.0,4521579.0,0.0,9464381.0,159425470.0,1055704.1,4183176.8,121298776.0,80559624.0,91622040.0,20014.3,944.1,0.0,0.0,5856.0,102003.6,27330.0,0.0,3285.5,19959.7,4705.9,5203.0,55364.5,25064.9,23604.5,80057.1,41624.0,0.0
HighRECost_LowNGPrice,PJM_East,2050,1069902200.0,30207232.0,5411708.5,11963297.0,1117484500.0,1031431241.8,796469250.0,85374420.0,42297668.0,0.0359,0.054,0.12,135738.24,245620.7,178.4,3.4,0.34,22.7,1348.0,0.11,178.6,62.9,241.4,171.7,3.2,0.33,21.9,1297.8,0.11,171.9,60.6,232.5,186.6,3.5,0.35,22.2,1406.3,0.08,186.8,64.1,250.9,309.5,5.9,0.61,36.6,2313.8,0.14,309.8,105.6,415.4,191635142.3,3618.0,363.0,24362488.1,1448352.7,119.3,191842056.4,67555977.9,259398034.4,23.63,25.48,0.93,50.04,25.16,28.42,0.91,54.49,306901.9,188202.0,495103.9,1074407800.0,321015260.0,25712280.0,4341244.5,0.0,0.0,0.0,10154742.0,528429900.0,4852312.0,0.0,9464381.0,175860180.0,343102.0,4389153.5,136293890.0,82881900.0,91684730.0,21935.9,944.1,0.0,0.0,7059.4,111663.5,34538.8,0.0,3285.5,22017.3,2200.3,5203.0,62208.4,25064.9,24201.8,87743.6,41624.0,0.0
HighRECost_LowNGPrice,PJM_West,2025,108721384.0,2229270.2,0.0,132081.6,111082730.0,104813044.6,101195930.0,986405.2,19976958.0,0.0359,0.0539,0.12,119172.55,26283.5,75.3,1.4,0.14,15.3,716.2,0.18,75.4,36.7,112.1,85.9,1.9,0.2,16.5,798.0,0.18,86.0,40.3,126.3,303.0,11.5,1.5,30.9,2333.7,0.16,303.8,100.5,404.3,614.6,39.3,5.48,47.9,3594.1,0.31,617.3,155.1,772.4,9794172.6,185.5,18.7,1989826.0,93160.0,22.9,9804810.2,4772247.9,14577058.1,33.67,26.6,0.16,60.43,35.9,29.43,0.14,65.47,0.0,0.0,0.0,130073280.0,9886804.0,1900827.2,388265.3,0.0,0.0,0.0,171600.8,21159792.0,3277172.0,0.0,178472.8,93222180.0,59779.3,0.0,3414960.8,6300242.0,0.0,2205.0,83.0,0.0,0.0,116.5,6502.8,8146.7,0.0,59.1,11671.2,401.5,0.0,1503.6,0.0,1959.0,8820.0,0.0,0.0
HighRECost_LowNGPrice,PJM_West,2030,117765656.0,2545187.0,0.0,148043.5,120458900.0,113531812.1,103742250.0,1853761.0,21743842.0,0.0359,0.054,0.12,119172.66,27740.6,80.5,1.5,0.15,15.4,619.1,0.17,80.6,33.9,114.5,86.8,1.7,0.17,16.1,664.1,0.17,86.9,35.9,122.8,235.1,6.4,0.78,26.2,1625.6,0.12,235.5,74.7,310.2,510.1,24.1,3.23,47.6,2982.0,0.26,511.7,136.6,648.3,11293086.9,213.9,21.6,2167032.7,86895.0,23.6,11305360.6,4762937.9,16068298.5,25.51,25.9,0.37,51.78,27.22,28.64,0.31,56.17,0.0,0.0,0.0,140348980.0,16716646.0,2173845.8,388265.3,0.0,0.0,0.0,193913.2,22919580.0,4675103.0,0.0,178472.8,93222180.0,74894.2,0.0,3414960.8,13107772.0,0.0,2205.0,83.0,0.0,0.0,131.6,6502.8,8150.2,0.0,59.1,11671.2,52.7,0.0,1503.6,0.0,3661.4,8820.0,0.0,0.0
HighRECost_LowNGPrice,PJM_West,2035,133569050.0,2793079.0,0.0,287159.3,136649300.0,128766691.1,119914130.0,9105858.0,9336795.0,0.0359,0.054,0.12,153733.77,30031.3,70.5,1.3,0.13,14.4,544.8,0.17,70.6,30.7,101.3,69.5,1.3,0.13,14.0,536.8,0.16,69.6,30.0,99.6,176.2,3.4,0.35,20.8,1313.6,0.08,176.4,60.0,236.4,331.8,6.6,0.72,39.4,2414.3,0.17,332.2,111.4,443.6,9647976.0,182.6,18.4,1972461.0,74573.7,22.8,9658440.6,4200988.4,13859429.0,24.52,32.03,0.0,56.56,26.18,35.35,0.0,61.52,5464.9,3537.6,9002.5,136880220.0,16735166.0,2386750.0,388265.3,0.0,0.0,0.0,185605.0,20542234.0,3376627.5,0.0,178472.8,93222180.0,50541.1,0.0,3411456.0,13138106.0,0.0,2294.2,83.0,0.0,0.0,126.0,6502.8,8150.2,0.0,59.1,11671.2,52.7,0.0,1503.6,0.0,3666.4,9176.9,0.0,0.0
HighRECost_LowNGPrice,PJM_West,2040,145841920.0,5317398.5,0.0,393729.6,151553040.0,140598110.2,136575250.0,19980882.0,8244445.0,0.0359,0.054,0.12,150703.63,33169.7,75.1,1.4,0.14,14.8,579.7,0.17,75.2,32.2,107.4,68.8,1.3,0.13,13.2,530.0,0.14,68.9,29.0,98.0,123.1,2.4,0.24,14.6,917.9,0.06,123.2,41.9,165.2,320.8,6.3,0.68,38.1,2354.3,0.16,321.1,108.3,429.4,10504847.2,198.7,20.0,2073664.8,81047.2,23.2,10516230.8,4495204.6,15011435.4,25.42,30.83,0.0,56.25,27.21,34.51,0.0,61.72,1366.3,10.7,1377.0,139816600.0,14977795.0,4543157.0,388265.3,0.0,0.0,0.0,196396.0,23436304.0,3021767.0,0.0,178472.8,93222180.0,48678.5,0.0,3414950.5,11366450.0,0.0,4252.0,83.0,0.0,0.0,133.3,6502.8,8144.2,0.0,59.1,11671.2,52.7,0.0,1503.6,0.0,3175.4,17008.1,0.0,0.0
HighRECost_LowNGPrice,PJM_West,2045,157731800.0,12239320.0,0.0,650146.6,170621280.0,152060434.7,138231820.0,32766084.0,12270222.0,0.0359,0.054,0.12,145205.65,35841.2,32.7,0.6,0.06,9.4,260.0,0.14,32.8,17.2,50.0,32.2,0.6,0.06,8.6,254.1,0.12,32.2,16.2,48.4,73.2,1.4,0.14,8.7,549.0,0.03,73.3,25.0,98.4,306.7,6.0,0.65,36.4,2250.0,0.15,307.1,103.5,410.5,4912607.1,92.6,9.3,1412574.4,39036.6,20.7,4917893.7,2581519.6,7499413.3,23.6,27.63,0.0,51.22,25.56,32.12,0.0,57.68,9631.7,381.7,10013.4,150125420.0,32389452.0,10455608.0,388265.3,0.0,0.0,0.0,227445.5,13456270.0,35177.5,0.0,178472.8,93222180.0,0.0,0.0,13880458.0,18281550.0,0.0,9336.7,83.0,0.0,0.0,154.3,3568.1,133.5,0.0,59.1,11671.2,0.0,0.0,6100.2,0.0,5134.9,37346.6,0.0,0.0
HighRECost_LowNGPrice,PJM_West,2050,167146640.0,16796506.0,0.0,776026.0,184719170.0,161136832.2,149536480.0,47120292.0,13265143.0,0.0359,0.054,0.12,142086.64,37883.1,35.5,0.7,0.07,9.3,279.8,0.13,35.5,17.7,53.2,34.9,0.7,0.07,8.3,273.1,0.11,34.9,16.5,51.4,29.9,0.6,0.06,3.5,224.7,0.01,29.9,10.2,40.1,303.1,5.9,0.61,35.9,2249.2,0.14,303.4,103.0,406.4,5354000.0,100.9,10.1,1401338.4,42216.7,19.5,5359761.6,2664712.2,8024473.8,22.15,26.79,0.0,48.94,24.17,31.84,0.0,56.01,0.0,0.0,0.0,150864020.0,35182690.0,14340760.0,388265.3,0.0,0.0,0.0,561633.2,14728298.0,27974.8,0.0,178472.8,86017560.0,0.0,0.0,15785243.0,18835812.0,0.0,11976.6,83.0,0.0,0.0,380.8,3765.5,151.3,0.0,59.1,10769.2,0.0,0.0,6936.5,0.0,5283.4,47906.2,0.0,0.0
HighRECost_LowNGPrice,SERTP,2025,652517760.0,633854.8,6225774.0,608442.4,659985800.0,629056647.7,614289000.0,2241129.8,3007840.8,0.0359,0.054,0.12,123858.21,146035.0,356.8,32.4,4.64,22.2,1425.5,0.24,359.1,64.8,423.9,374.4,34.0,4.87,23.3,1494.7,0.26,376.8,67.9,444.7,516.5,31.2,4.31,42.0,3163.2,0.26,518.6,136.3,654.9,625.3,41.5,5.86,48.0,3451.4,0.34,628.2,150.9,779.1,235779878.1,21405.5,3064.5,14698636.8,941903.4,160.8,237254359.3,42811254.9,280065614.2,38.14,25.14,0.0,63.28,40.42,27.36,0.0,67.78,0.0,125.3,125.3,660752500.0,45696772.0,542188.3,4098943.2,0.0,179058740.0,0.0,2109699.0,156818500.0,1973280.8,0.0,33546214.0,233058610.0,905085.1,5054210.5,42137788.0,1449286.1,0.0,493.2,631.6,32078.1,0.0,1379.9,41737.9,27061.7,0.0,12077.7,29178.4,5077.2,6475.7,18332.4,0.0,516.1,1972.7,51805.6,0.0
HighRECost_LowNGPrice,SERTP,2030,699584600.0,4200094.5,6837474.5,800350.7,711422460.0,674431152.7,651222850.0,5218520.5,2484294.2,0.0359,0.054,0.12,123887.57,156064.3,256.3,14.9,2.05,24.3,1372.5,0.19,257.3,65.2,322.5,269.3,15.7,2.15,25.5,1442.2,0.2,270.4,68.5,338.9,315.3,8.4,0.98,35.1,2229.7,0.14,315.9,101.6,417.4,489.7,33.1,4.7,37.2,2225.1,0.28,492.0,103.6,595.6,181637989.6,10578.6,1449.5,17207283.8,972682.0,131.8,182348946.7,46229199.6,228578146.3,31.27,24.9,0.0,56.17,33.17,27.24,0.0,60.41,64.3,26.9,91.3,708688260.0,60199628.0,3579984.0,4253853.0,0.0,77482390.0,0.0,3551663.2,284512000.0,3310472.8,0.0,35516730.0,233058610.0,1224058.1,5550517.0,50131124.0,6516846.0,0.0,2859.5,652.6,26946.1,0.0,2329.8,52239.1,27810.7,0.0,12660.8,29178.4,4189.2,6475.7,21721.2,0.0,2050.6,11438.0,51805.6,0.0
HighRECost_LowNGPrice,SERTP,2035,784413250.0,4182795.5,7689504.0,1691282.2,797976800.0,756210335.1,583384700.0,32632020.0,9507451.0,0.0359,0.054,0.12,123918.17,172226.5,129.8,2.5,0.25,18.2,983.1,0.12,129.9,47.5,177.4,133.0,2.5,0.25,18.6,1007.3,0.12,133.1,48.7,181.8,132.0,2.5,0.26,15.6,984.1,0.06,132.1,45.0,177.1,256.1,5.0,0.53,30.4,1886.7,0.13,256.4,86.6,343.0,100541469.7,1902.6,191.7,14074315.1,761725.4,91.2,100650511.3,36798631.6,137449142.9,29.87,23.84,0.0,53.72,31.75,26.02,0.0,57.77,31039.1,229604.7,260643.7,774852300.0,214592200.0,3564612.8,3908129.2,0.0,0.0,0.0,4472988.0,275149920.0,2365577.5,0.0,35515756.0,233058610.0,462524.9,6234972.0,142062000.0,68057190.0,0.0,2855.3,605.7,0.0,0.0,2941.8,74875.3,27337.9,0.0,12660.8,29178.4,3258.9,6475.7,61482.7,0.0,22067.1,11421.0,51805.6,0.0
HighRECost_LowNGPrice,SERTP,2040,867388740.0,3633629.2,9571740.0,2592194.0,883186300.0,836202509.2,602286000.0,39032600.0,16026726.0,0.0359,0.054,0.12,121086.93,192249.8,124.0,2.3,0.24,17.2,940.3,0.11,124.1,45.3,169.4,127.8,2.4,0.24,17.7,968.8,0.11,127.9,46.6,174.5,139.3,2.6,0.27,16.5,1045.9,0.06,139.4,47.6,187.1,226.0,4.4,0.45,26.8,1680.5,0.11,226.2,76.9,303.1,106671578.2,2014.9,202.3,14796305.1,808846.6,93.6,106786857.4,38925481.1,145712338.5,29.28,23.43,0.0,52.71,31.17,25.6,0.0,56.77,114804.0,2085564.4,2200368.2,860180350.0,280900260.0,3096240.2,3908379.2,0.0,0.0,0.0,4650568.0,292534140.0,3182740.5,0.0,35515480.0,233058610.0,268491.5,7716046.5,193525470.0,82724220.0,0.0,2366.3,605.7,0.0,0.0,3076.8,85452.5,30988.4,0.0,12660.8,29178.4,2476.7,6475.7,84498.7,0.0,26780.0,9465.3,51805.6,0.0
HighRECost_LowNGPrice,SERTP,2045,949827800.0,0.0,11315499.0,3599771.5,964743040.0,915678345.2,614851900.0,47926490.0,27148742.0,0.0359,0.054,0.12,121328.08,213091.2,118.8,2.2,0.22,16.3,901.3,0.1,119.0,43.2,162.2,120.3,2.3,0.23,16.5,912.2,0.1,120.4,43.7,164.1,176.6,3.3,0.34,20.9,1330.5,0.08,176.8,60.5,237.3,200.5,3.8,0.39,23.7,1499.9,0.09,200.7,68.4,269.2,112174609.1,2116.6,212.1,15406822.5,850835.2,95.6,112295598.4,40787819.5,153083417.9,26.73,23.71,-0.0,50.44,28.49,25.85,-0.0,54.33,445515.6,8193213.0,8638729.0,943965300.0,349891140.0,0.0,3319189.2,0.0,0.0,0.0,5509585.5,308851040.0,4069520.5,0.0,35516616.0,233058610.0,154455.9,9104747.0,258048600.0,86332910.0,0.0,0.0,525.7,0.0,0.0,3669.7,101503.4,44064.6,0.0,12660.8,29178.4,1865.8,6475.7,115002.1,0.0,28002.5,0.0,51805.6,0.0
HighRECost_LowNGPrice,SERTP,2050,1024535700.0,2307376.2,12216478.0,5463005.5,1044522400.0,987701206.9,639684900.0,59710644.0,34584120.0,0.0359,0.054,0.12,117936.38,232882.2,116.0,2.2,0.22,15.8,879.7,0.1,116.1,42.1,158.1,112.3,2.1,0.21,15.3,851.5,0.09,112.4,40.7,153.1,144.3,2.7,0.27,17.1,1087.3,0.06,144.4,49.5,193.9,176.6,3.3,0.34,20.9,1327.9,0.08,176.8,60.5,237.3,118219115.0,2229.4,223.2,16119700.9,896734.3,98.2,118346489.5,42869181.0,161215670.5,24.44,23.18,0.03,47.64,26.12,25.37,0.03,51.51,858549.6,18188108.0,19046656.0,1019396000.0,404837500.0,1963953.8,3305931.0,0.0,0.0,0.0,7099437.0,327054720.0,3748765.5,0.0,35515284.0,233058610.0,90835.3,9820308.0,298486750.0,99251336.0,0.0,1464.5,523.9,0.0,0.0,4742.9,114137.5,45909.6,0.0,12660.8,29178.4,560.3,6475.7,136721.0,0.0,32236.1,5857.9,51805.6,0.0
HighRECost_LowNGPrice,SPP_North,2025,57102880.0,2517.6,0.0,676592.6,57781990.0,55049471.5,17511436.0,2257150.8,16457216.0,0.0359,0.054,0.12,23692.5,12809.3,226.7,25.4,3.68,8.4,550.4,0.13,228.5,24.9,253.3,242.5,27.1,3.94,9.2,591.0,0.14,244.4,26.8,271.3,544.1,51.0,7.36,27.7,1977.9,0.28,547.6,86.7,634.3,836.6,82.4,11.91,39.1,2756.4,0.44,842.3,121.3,963.7,16319219.1,1825.6,265.1,607217.4,39621.1,9.2,16445990.7,1790447.6,18236438.3,29.42,4.72,0.0,34.14,31.2,5.11,0.0,36.3,74450.2,1492.1,75942.3,71982056.0,40270556.0,2150.2,50348.1,120984.5,15472416.0,0.0,54871.1,892301.5,374669.0,0.0,8639345.0,6150273.5,9013.5,0.0,623488.7,39592196.0,0.0,1.7,11.0,8315.7,0.0,33.1,678.8,3864.6,0.0,2431.1,770.0,441.2,0.0,275.4,0.0,10960.1,6.8,0.0,0.0
HighRECost_LowNGPrice,SPP_North,2030,64134456.0,2728.1,0.0,792663.8,64929850.0,61828089.0,17986750.0,6460032.5,12887145.0,0.0359,0.054,0.12,23686.94,13374.0,113.9,11.8,1.71,5.4,319.9,0.07,114.7,15.0,129.7,128.5,13.4,1.93,6.1,361.2,0.08,129.4,16.9,146.3,452.7,38.5,5.51,26.6,1702.7,0.23,455.3,77.4,532.8,568.4,46.4,6.62,35.2,2243.3,0.29,571.6,102.1,673.8,8126789.4,845.5,122.2,388038.9,22828.2,5.2,8185349.5,1069734.1,9255083.6,22.52,4.56,0.0,27.08,23.89,4.92,0.0,28.8,1454313.8,38275.2,1492589.0,71356960.0,46943100.0,2327.8,50348.1,116329.5,7107381.5,0.0,66360.1,1423695.8,671001.0,0.0,8881646.0,6150273.5,10860.4,0.0,2452923.0,44423816.0,0.0,1.7,11.0,6415.2,0.0,40.8,678.8,3510.7,0.0,2583.1,770.0,53.1,0.0,1010.5,0.0,11323.7,6.8,0.0,0.0
HighRECost_LowNGPrice,SPP_North,2035,74613520.0,2828.8,0.0,1459782.0,76076136.0,71929850.4,1357654.6,11820049.0,27709268.0,0.036,0.054,0.12,106762.58,14881.9,12.8,0.2,0.02,2.1,97.7,0.02,12.8,5.0,17.9,16.0,0.3,0.03,2.6,122.0,0.02,16.0,6.3,22.3,133.3,2.6,0.29,15.8,973.2,0.07,133.5,44.9,178.4,247.5,4.9,0.53,29.4,1808.0,0.13,247.8,83.3,331.1,1178009.7,22.3,2.3,194759.6,8981.3,1.8,1179293.5,462880.3,1642173.8,18.2,26.71,0.0,44.91,19.29,28.57,0.0,47.86,8306637.0,642599.0,8949236.0,91965350.0,74718480.0,2408.0,50348.1,108208.5,0.0,0.0,63783.8,1582689.8,1057331.5,0.0,8286101.5,6150273.5,9511.1,0.0,8026825.5,66627864.0,0.0,1.7,11.0,0.0,0.0,43.3,1072.3,3829.8,0.0,2609.1,770.0,51.1,0.0,3446.6,0.0,18631.3,6.8,0.0,0.0
HighRECost_LowNGPrice,SPP_North,2040,82424530.0,0.0,0.0,1601218.9,84025740.0,79459978.3,4814749.5,14816110.0,27527926.0,0.036,0.054,0.12,109125.32,16447.5,12.5,0.2,0.02,2.1,95.3,0.02,12.5,4.9,17.4,15.3,0.3,0.03,2.5,116.7,0.02,15.3,6.0,21.3,113.1,2.2,0.22,13.4,844.5,0.05,113.2,38.6,151.8,239.6,4.7,0.49,28.4,1772.2,0.12,239.9,81.2,321.2,1208415.7,22.9,2.3,198337.8,9216.2,1.8,1209730.0,473460.8,1683190.7,18.86,26.42,0.0,45.28,19.99,28.28,0.0,48.27,6790865.5,1400958.6,8191825.0,96737560.0,79210990.0,0.0,50348.1,109555.7,0.0,0.0,70336.9,1737712.6,1021494.8,0.0,8448937.0,6150273.5,8242.7,0.0,11821585.0,67319070.0,0.0,0.0,11.0,0.0,0.0,47.9,1149.1,4219.3,0.0,2609.1,770.0,51.1,0.0,5244.5,0.0,18349.6,0.0,0.0,0.0
HighRECost_LowNGPrice,SPP_North,2045,89300220.0,0.0,0.0,1829490.4,91129710.0,86088517.8,4255668.5,15989010.0,29327062.0,0.036,0.054,0.12,98910.07,18039.1,11.2,0.2,0.02,1.9,85.1,0.02,11.2,4.4,15.6,13.9,0.3,0.03,2.3,105.9,0.02,13.9,5.4,19.3,116.6,2.2,0.23,13.8,873.6,0.05,116.8,39.8,156.6,243.1,4.7,0.49,28.8,1807.7,0.11,243.3,82.7,326.0,1165569.8,22.1,2.2,193273.3,8894.1,1.7,1166837.4,458792.9,1625630.3,18.65,23.27,0.0,41.92,19.77,24.94,0.0,44.71,6604269.0,2212200.2,8816469.0,104467770.0,86874040.0,0.0,50348.1,110616.0,0.0,0.0,85865.3,1707816.8,963742.1,0.0,8603037.0,6150273.5,7888.9,0.0,14764778.0,72023400.0,0.0,0.0,11.0,0.0,0.0,59.3,1149.1,4278.9,0.0,2609.1,770.0,51.1,0.0,6762.5,0.0,19436.2,0.0,0.0,0.0
HighRECost_LowNGPrice,SPP_North,2050,94898470.0,0.0,0.0,1949607.6,96848080.0,91485609.3,4435420.0,18224334.0,31822502.0,0.036,0.054,0.12,103326.27,19488.0,11.6,0.2,0.02,1.9,88.4,0.02,11.6,4.5,16.1,5.9,0.1,0.01,0.7,44.1,0.0,5.9,2.0,7.9,49.9,0.9,0.1,5.9,374.9,0.02,49.9,17.1,67.0,243.4,4.7,0.48,28.8,1816.5,0.11,243.7,83.0,326.7,1280179.2,24.2,2.4,206802.0,9763.0,1.8,1281568.4,498227.8,1779796.3,18.29,23.65,0.0,41.94,19.39,25.36,0.0,44.75,6276949.0,3537189.5,9814139.0,110446250.0,92412664.0,0.0,50348.1,112862.5,0.0,0.0,125364.9,1912497.0,1043853.7,0.0,8756791.0,6150273.5,6964.3,0.0,22506976.0,69780320.0,0.0,0.0,11.0,0.0,0.0,84.6,1224.9,4340.7,0.0,2609.1,770.0,24.1,0.0,10677.7,0.0,18829.5,0.0,0.0,0.0
HighRECost_LowNGPrice,SPP_South,2025,221456690.0,464730.2,897515.0,1913339.6,224732260.0,213495237.1,86643384.0,5416367.5,11401968.0,0.0359,0.0539,0.12,23762.0,51933.8,260.0,23.9,3.46,14.2,953.1,0.15,261.7,42.7,304.3,281.4,26.0,3.75,15.3,1027.3,0.16,283.2,46.0,329.2,488.5,37.1,5.37,34.2,2196.2,0.32,491.1,99.7,590.8,718.9,62.7,9.08,42.0,2776.4,0.43,723.3,124.9,848.1,59992568.0,5519.5,797.6,3278839.1,219888.4,35.1,60374791.3,9841084.4,70215875.7,31.53,5.09,0.0,36.61,33.53,5.55,0.0,39.08,6875065.5,597034.8,7472101.0,230717870.0,138088880.0,395102.2,117173.8,0.0,44074730.0,0.0,409191.9,30087628.0,1125026.5,0.0,3391054.8,9784525.0,2939937.0,713813.5,11563061.0,126116630.0,0.0,311.1,25.6,13966.8,0.0,244.9,11232.1,8892.1,0.0,1513.3,1225.0,9668.7,444.0,4279.1,0.0,36047.8,1244.4,3552.0,0.0
HighRECost_LowNGPrice,SPP_South,2030,240584140.0,474570.4,794207.1,2461935.0,244314850.0,231934401.8,54090188.0,6698638.0,15918088.0,0.0359,0.054,0.12,23761.87,54938.9,118.8,8.0,1.15,9.6,515.9,0.09,119.4,25.0,144.4,130.7,8.9,1.28,10.5,566.2,0.1,131.3,27.4,158.8,420.9,30.2,4.35,30.8,1759.1,0.27,423.0,83.3,506.3,455.9,27.0,3.91,39.6,2097.0,0.34,457.7,102.2,559.9,30124248.5,2032.8,292.8,2433845.4,130788.5,22.1,30264764.0,6337372.3,36602136.3,22.1,4.43,0.0,26.52,23.51,4.8,0.0,28.31,15079459.0,2407591.8,17487050.0,253534300.0,190224670.0,403339.0,117173.8,0.0,14450334.0,0.0,559042.4,29114948.0,1340901.9,0.0,3360281.2,9784525.0,4104104.0,634032.9,51407144.0,138258480.0,0.0,311.1,25.6,5953.2,0.0,341.7,10710.3,7896.7,0.0,1513.3,1225.0,7291.7,444.0,19748.7,0.0,37121.8,1244.4,3552.0,0.0
HighRECost_LowNGPrice,SPP_South,2035,273279000.0,671332.0,972154.4,3629812.5,278552300.0,263452977.9,-3414852.8,26457950.0,65265850.0,0.0359,0.054,0.12,80327.58,59694.8,29.4,0.7,0.09,3.8,190.6,0.03,29.5,9.5,39.0,35.8,0.8,0.11,4.7,235.3,0.04,35.9,11.7,47.6,109.0,2.4,0.29,13.1,743.4,0.07,109.2,35.3,144.4,236.0,4.8,0.56,28.1,1677.4,0.14,236.3,78.2,314.4,9333719.8,214.7,28.8,1216813.8,60501.1,9.3,9347989.4,3022283.5,12370272.9,19.08,12.58,0.0,31.66,20.32,13.54,0.0,33.85,19543172.0,9360931.0,28904102.0,317360200.0,281967140.0,570537.1,117173.8,0.0,0.0,0.0,632035.3,17359018.0,1240826.8,0.0,3373440.5,9784525.0,2166843.2,780683.3,72694530.0,208640580.0,0.0,358.1,25.6,0.0,0.0,382.6,10586.2,7777.2,0.0,1540.3,1225.0,6360.2,444.0,30109.1,0.0,55312.8,1432.3,3552.0,0.0
HighRECost_LowNGPrice,SPP_South,2040,304102050.0,1929944.2,1078429.8,3944359.2,311054800.0,293167662.8,-12211001.0,23554874.0,73503210.0,0.0359,0.054,0.12,107066.98,65583.7,25.4,0.5,0.07,3.3,174.5,0.02,25.4,8.5,33.9,32.0,0.7,0.08,4.1,222.3,0.03,32.1,10.8,42.8,119.1,2.4,0.27,14.2,857.1,0.07,119.3,39.7,159.0,220.1,4.4,0.48,26.2,1597.5,0.12,220.3,73.8,294.1,9166494.6,197.3,24.4,1187647.8,62978.1,8.0,9179026.4,3066581.2,12245607.6,17.98,16.5,0.0,34.49,19.19,17.81,0.0,37.01,27511308.0,14493406.0,42004716.0,361003140.0,323265800.0,1642703.6,117173.8,0.0,0.0,0.0,674392.4,19427522.0,1129248.2,0.0,3404270.5,9784525.0,1366678.0,865209.3,88626020.0,233965390.0,0.0,1083.1,25.6,0.0,0.0,407.8,12556.1,8286.4,0.0,1562.3,1225.0,5963.7,444.0,37971.6,0.0,63049.6,4332.4,3552.0,0.0
HighRECost_LowNGPrice,SPP_South,2045,330939680.0,2449752.0,1172614.0,4168013.5,338730050.0,319040388.2,-7105425.5,27469030.0,75860856.0,0.0359,0.054,0.12,105856.77,72361.4,26.2,0.5,0.06,3.4,186.2,0.02,26.2,8.9,35.1,32.5,0.7,0.08,4.2,232.9,0.02,32.5,11.1,43.6,147.0,2.9,0.32,17.5,1071.4,0.08,147.2,49.4,196.6,215.0,4.2,0.45,25.5,1582.1,0.11,215.3,72.7,287.9,10130330.1,208.4,24.1,1296863.3,72095.8,7.8,10143130.6,3447454.2,13590584.8,17.22,16.92,0.0,34.13,18.39,18.31,0.0,36.69,26205588.0,19885440.0,46091028.0,387121900.0,345835500.0,2088396.2,117173.8,0.0,0.0,0.0,793079.3,22037860.0,1935457.2,0.0,3420190.5,9784525.0,961341.8,941458.1,109878870.0,235163520.0,0.0,1350.5,25.6,0.0,0.0,476.9,14183.1,12329.3,0.0,1562.3,1225.0,4353.5,444.0,47939.6,0.0,63006.2,5402.1,3552.0,0.0
HighRECost_LowNGPrice,SPP_South,2050,352964900.0,2618339.8,1224856.1,4239383.5,361047460.0,340274028.7,-1709196.2,28239456.0,74817100.0,0.0359,0.054,0.12,105910.37,78983.6,27.2,0.5,0.06,3.4,200.8,0.02,27.2,9.4,36.7,33.8,0.7,0.07,4.3,250.4,0.02,33.9,11.8,45.6,127.5,2.4,0.25,15.1,953.4,0.06,127.7,43.5,171.2,212.8,4.1,0.42,25.2,1585.3,0.1,213.0,72.5,285.5,11085746.9,216.6,23.1,1403310.1,81854.8,7.4,11098513.4,3844606.9,14943120.4,16.31,17.35,0.0,33.67,17.43,18.77,0.0,36.2,30556096.0,34547764.0,65103860.0,407625120.0,362756670.0,2229810.0,117173.8,0.0,0.0,0.0,1151993.0,25540680.0,2368120.2,0.0,3418147.5,9784525.0,427682.4,982314.0,124396020.0,237208660.0,0.0,1466.0,25.6,0.0,0.0,701.9,15991.8,14588.1,0.0,1562.3,1225.0,1567.4,444.0,58533.2,0.0,64127.7,5864.0,3552.0,0.0
HighRECost_LowNGPrice,WestConnect_North,2025,74641430.0,473514.3,580627.2,396590.6,76092160.0,71956873.4,26792346.0,1045369.9,4466507.0,0.036,0.054,0.12,52219.74,14495.2,297.8,32.4,4.7,11.0,789.1,0.15,300.0,34.5,334.5,321.8,35.0,5.07,11.9,854.9,0.16,324.2,37.4,361.6,686.6,69.3,9.99,30.1,2212.4,0.34,691.4,96.1,787.6,903.8,94.1,13.62,37.0,2679.5,0.45,910.4,117.0,1027.4,23676689.1,2576.3,373.4,872350.1,62747.9,11.6,23855398.7,2745401.5,26600800.3,30.51,8.75,0.0,39.26,32.38,9.47,0.0,41.85,56133.1,890.4,57023.5,79513304.0,49299816.0,404879.8,193828.7,0.0,22466622.0,0.0,1717155.6,4108742.8,205.9,0.0,2570388.8,0.0,0.0,468816.8,9147136.0,38435524.0,0.0,411.5,28.7,6596.5,0.0,980.2,3247.6,3177.5,0.0,940.9,0.0,520.4,580.8,3348.0,0.0,10756.4,1645.9,4646.4,0.0
HighRECost_LowNGPrice,WestConnect_North,2030,84926330.0,586743.2,874226.4,664817.2,87052110.0,81871591.5,11666485.0,4602462.0,9015259.0,0.036,0.054,0.12,52226.32,16630.2,79.9,5.8,0.82,5.6,360.9,0.04,80.3,16.3,96.6,102.5,7.9,1.11,6.8,441.1,0.05,103.1,19.9,123.0,181.3,11.3,1.56,14.3,926.3,0.09,182.0,42.0,224.0,569.3,47.5,6.76,34.1,2222.3,0.28,572.6,100.4,673.0,7305360.7,534.5,75.0,508623.9,33011.3,3.4,7341769.6,1493296.4,8835066.0,24.25,8.4,0.0,32.65,25.83,9.09,0.0,34.93,1765644.8,13938.8,1779583.6,91464904.0,75385624.0,500101.0,158473.1,0.0,4290535.5,0.0,2175059.5,7574945.5,325590.3,0.0,2520976.5,0.0,861.4,707798.6,9136261.0,64074304.0,0.0,411.5,23.9,1337.7,0.0,1246.3,3247.6,1803.7,0.0,940.9,0.0,15.4,580.8,3348.0,0.0,16311.1,1645.9,4646.4,0.0
HighRECost_LowNGPrice,WestConnect_North,2035,104410870.0,720879.1,1240940.2,993045.4,107365736.0,100654980.2,9313419.0,12385954.0,16257578.0,0.036,0.054,0.12,119948.18,20780.1,30.2,0.6,0.06,3.6,228.1,0.01,30.3,10.4,40.7,37.0,0.7,0.07,4.4,278.8,0.02,37.0,12.7,49.7,92.5,1.8,0.19,11.0,688.3,0.04,92.6,31.5,124.1,246.6,4.8,0.51,29.2,1819.4,0.12,246.8,83.5,330.3,3361630.3,63.4,6.3,402510.9,25371.1,1.5,3365249.0,1158975.8,4524224.9,21.47,19.09,0.0,40.55,22.93,20.67,0.0,43.6,4800798.0,539604.0,5340402.0,111237360.0,98052310.0,612954.3,158473.1,0.0,0.0,0.0,2076715.8,8723626.0,180134.0,0.0,2511595.0,0.0,644.8,997615.9,19426454.0,76549144.0,0.0,410.7,23.9,0.0,0.0,1197.4,4753.7,1860.5,0.0,940.9,0.0,15.4,580.8,7367.5,0.0,20058.1,1643.0,4646.4,0.0
HighRECost_LowNGPrice,WestConnect_North,2040,113585420.0,0.0,1464992.6,1127458.8,116177880.0,109499614.0,14998050.0,16826222.0,16156618.0,0.036,0.054,0.12,126173.98,23231.2,33.5,0.6,0.06,4.0,253.1,0.01,33.6,11.6,45.1,38.8,0.7,0.07,4.6,292.6,0.02,38.8,13.4,52.2,118.6,2.2,0.23,14.0,892.1,0.05,118.7,40.6,159.3,230.7,4.4,0.46,27.3,1720.8,0.11,231.0,78.6,309.6,3873132.2,73.0,7.3,462932.4,29232.0,1.7,3877301.0,1334511.5,5211812.5,21.18,21.04,0.0,42.23,22.59,22.7,0.0,45.3,4487968.5,958340.6,5446309.0,115508270.0,101179830.0,0.0,158473.1,0.0,0.0,0.0,2090271.8,10229059.0,242246.4,0.0,2524751.0,0.0,421.0,1173493.9,23525946.0,75563610.0,0.0,0.0,23.9,0.0,0.0,1205.4,5927.9,2605.3,0.0,940.9,0.0,15.4,580.8,9116.4,0.0,19696.1,0.0,4646.4,0.0
HighRECost_LowNGPrice,WestConnect_North,2045,125035816.0,1033293.4,1559551.9,1308522.4,128937190.0,120538042.9,17070442.0,19645376.0,18528900.0,0.036,0.054,0.12,116867.31,26037.1,32.2,0.6,0.06,3.8,243.1,0.01,32.3,11.1,43.3,38.0,0.7,0.07,4.5,286.7,0.02,38.0,13.1,51.1,119.9,2.3,0.23,14.2,899.7,0.05,120.0,41.0,161.0,240.8,4.6,0.47,28.5,1800.6,0.11,241.1,82.2,323.2,4117837.7,77.6,7.8,490305.9,31077.4,1.8,4122269.6,1416904.8,5539174.3,20.88,19.63,0.0,40.51,22.39,21.37,0.0,43.76,5874877.0,745357.0,6620234.0,127820710.0,111866740.0,877910.4,121644.3,0.0,0.0,0.0,2153694.8,10943977.0,240283.0,0.0,2518531.0,0.0,267.0,1251355.2,26972852.0,82740200.0,0.0,580.3,18.9,0.0,0.0,1241.1,6208.7,2730.5,0.0,940.9,0.0,15.4,580.8,10372.9,0.0,21337.2,2321.4,4646.4,0.0
HighRECost_LowNGPrice,WestConnect_North,2050,135514500.0,5122993.5,1658497.2,1400938.2,143696930.0,130639832.3,20730262.0,21759222.0,20398346.0,0.036,0.054,0.12,121812.34,28457.4,28.0,0.5,0.05,3.3,211.6,0.01,28.1,9.6,37.7,34.7,0.7,0.07,4.1,261.8,0.02,34.7,12.0,46.7,101.0,1.9,0.19,11.9,761.7,0.04,101.1,34.6,135.8,249.8,4.8,0.5,29.6,1860.7,0.12,250.0,85.0,335.1,3991134.0,75.2,7.5,475335.6,30122.4,1.7,3995429.0,1373459.5,5368888.6,19.13,20.51,0.19,39.93,20.91,23.01,0.22,44.24,7023801.5,2722718.8,9746521.0,142336050.0,122966670.0,4358680.5,121644.3,0.0,0.0,0.0,2468357.5,10967956.0,72460.9,0.0,2517628.2,0.0,24.8,1330992.2,40914140.0,79584170.0,0.0,2980.2,18.9,0.0,0.0,1424.1,6431.2,2978.0,0.0,940.9,0.0,10.0,580.8,16429.1,0.0,20981.8,11920.9,4646.4,0.0
HighRECost_LowNGPrice,WestConnect_South,2025,126094270.0,3236745.8,315494.0,578489.5,130225010.0,121562751.7,95811280.0,3948007.2,3496899.5,0.0359,0.0539,0.12,113351.32,30909.6,274.1,24.6,3.52,17.0,1118.3,0.18,275.8,50.3,326.1,284.5,25.4,3.63,17.7,1172.3,0.19,286.2,52.7,338.9,433.7,29.1,4.06,32.4,2469.2,0.21,435.7,106.0,541.7,643.4,45.4,6.37,46.1,3491.8,0.31,646.4,150.2,796.7,35568793.2,3192.2,456.4,2202730.9,145121.0,23.3,35788521.0,6533702.1,42322223.2,35.25,23.47,0.0,58.71,37.57,26.09,0.0,63.66,8125.1,15217.9,23348.5,129773900.0,34413720.0,2757931.5,240248.2,0.0,26187432.0,0.0,5091079.0,22559062.0,1641319.5,63898.4,10164722.0,31446268.0,47384.9,251909.2,18668408.0,10654236.0,0.0,2174.1,36.1,4501.1,0.0,2669.7,13172.1,4544.1,8.6,2803.6,3937.0,1545.0,216.3,6296.5,0.0,3262.5,8696.5,1730.4,0.0
HighRECost_LowNGPrice,WestConnect_South,2030,139696850.0,4008146.5,507779.0,592785.1,144805570.0,134676511.2,82413464.0,3586564.8,6554224.0,0.0359,0.0539,0.12,113447.12,34696.4,160.9,12.7,1.8,12.1,676.7,0.12,161.8,32.3,194.1,171.1,13.4,1.9,13.0,725.8,0.13,172.0,34.7,206.7,154.8,4.7,0.56,16.7,1068.9,0.07,155.1,48.6,203.7,591.2,45.2,6.39,39.1,2540.4,0.29,594.3,114.9,709.2,23775530.0,1883.2,266.4,1794166.4,99995.6,17.5,23904372.0,4778815.1,28683187.1,24.99,23.69,0.0,48.68,26.74,26.47,0.0,53.21,339761.8,641727.0,981492.9,147773220.0,62392096.0,3406370.0,240248.2,0.0,14759173.0,0.0,5936951.0,23289434.0,351619.0,62503.5,11395684.0,31446268.0,24469.6,405356.1,35281684.0,21173464.0,0.0,2436.0,36.1,4120.1,0.0,3132.4,13486.2,3497.6,8.6,3200.6,3937.0,1081.0,216.3,12051.2,0.0,5913.0,9744.2,1730.4,0.0
HighRECost_LowNGPrice,WestConnect_South,2035,158624200.0,4785450.0,629197.4,1374384.1,165413220.0,152923611.6,75853016.0,16073445.0,12480801.0,0.0359,0.0539,0.12,116099.81,39541.9,57.0,1.1,0.11,8.5,433.3,0.06,57.1,21.4,78.5,65.4,1.2,0.12,9.5,496.4,0.07,65.4,24.3,89.7,109.5,2.1,0.21,12.9,824.0,0.05,109.6,37.5,147.1,288.2,5.5,0.56,34.1,2159.1,0.13,288.5,98.5,387.0,9222145.7,174.4,17.5,1375118.0,70116.5,10.3,9232130.0,3467410.7,12699540.7,23.53,24.24,0.0,47.77,25.36,27.19,0.0,52.54,1718502.8,3931995.2,5650498.0,161820580.0,89560210.0,4067482.5,224043.6,0.0,0.0,0.0,5413516.0,24347178.0,320462.7,59802.6,11259931.0,31446268.0,30762.3,504441.5,51438536.0,32708154.0,0.0,2772.6,33.9,0.0,0.0,2948.4,14022.5,3497.6,8.6,3200.6,3937.0,760.0,216.3,18537.8,0.0,9466.9,11090.2,1730.4,0.0
HighRECost_LowNGPrice,WestConnect_South,2040,179909120.0,2831758.0,630824.8,1675905.0,185047620.0,173443573.1,84820540.0,18576672.0,17774020.0,0.0359,0.0539,0.12,118073.64,44639.7,74.4,1.4,0.14,10.3,565.0,0.07,74.5,27.2,101.7,80.2,1.5,0.15,11.0,608.8,0.07,80.3,29.2,109.5,132.9,2.5,0.25,15.7,1001.1,0.06,133.0,45.5,178.6,276.9,5.3,0.54,32.8,2072.0,0.13,277.2,94.5,371.8,13712247.4,258.6,25.9,1905278.9,104101.6,12.2,13727021.1,5010849.2,18737870.3,22.21,25.4,0.01,47.61,23.82,28.1,0.01,51.93,1545608.1,7616373.0,9161984.0,184244960.0,100227064.0,2407611.0,224043.6,0.0,0.0,0.0,5439080.0,37905376.0,247938.1,57028.7,11216084.0,31446268.0,8936.0,504609.6,61005400.0,33782588.0,0.0,1644.2,33.9,0.0,0.0,2953.5,20349.7,3497.6,8.6,3200.6,3937.0,475.0,216.3,22988.6,0.0,9685.2,6576.8,1730.4,0.0
HighRECost_LowNGPrice,WestConnect_South,2045,197644830.0,5799516.5,628022.0,1873250.0,205945620.0,190542070.6,96962520.0,22703282.0,16161902.0,0.0359,0.0539,0.12,112619.5,50651.1,75.6,1.4,0.14,10.4,573.9,0.06,75.7,27.5,103.2,81.0,1.5,0.15,11.0,614.4,0.07,81.1,29.3,110.4,160.2,3.0,0.3,18.9,1206.8,0.07,160.4,54.9,215.3,281.2,5.3,0.54,33.3,2110.4,0.13,281.5,96.2,377.7,15079880.6,284.3,28.5,2066812.8,114432.0,12.8,15096121.9,5480390.1,20576512.0,21.74,24.72,0.0,46.46,23.55,27.74,0.0,51.29,1470525.4,9426920.0,10897454.0,199404240.0,108983100.0,4935638.0,224043.6,0.0,0.0,0.0,5582849.0,41866180.0,239918.2,46859.0,11152660.0,31446268.0,6778.5,502791.7,68730050.0,34670204.0,0.0,3381.8,33.9,0.0,0.0,2989.9,21726.2,3457.1,7.0,3200.6,3937.0,319.0,216.3,26208.9,0.0,9827.3,13527.3,1730.4,0.0
HighRECost_LowNGPrice,WestConnect_South,2050,214279170.0,10898865.0,4265104.0,2062105.6,231505250.0,206578862.2,102415544.0,21175572.0,20659584.0,0.0359,0.0539,0.12,120219.84,56677.9,71.5,1.3,0.13,9.7,542.5,0.06,71.6,25.9,97.5,80.5,1.5,0.15,10.8,610.3,0.06,80.6,29.0,109.6,140.0,2.6,0.27,16.5,1055.1,0.06,140.2,48.0,188.2,281.7,5.3,0.54,33.3,2117.1,0.12,282.0,96.4,378.4,16518722.7,311.4,31.1,2235827.2,125312.1,13.4,16536502.7,5973797.7,22510300.4,20.05,26.25,0.0,46.3,22.33,30.6,0.0,52.92,2239681.8,14929565.0,17169246.0,230989260.0,129089704.0,9279477.0,205629.2,0.0,0.0,0.0,5692295.0,46210580.0,210008.4,0.0,11132975.0,31446268.0,1856.2,3412760.0,89156680.0,34240732.0,0.0,6392.4,31.4,0.0,0.0,3078.4,24203.4,5020.3,0.0,3200.6,3937.0,175.0,1438.7,34927.4,0.0,9882.8,25569.4,11509.3,0.0
